"","YEAR","STATE","ARR_HOUR","ARR_MIN","CF1","CF2","CF3","CITY","COUNTY","DAY","DAY_WEEK","DRUNK_DR","FATALS","HARM_EV","HOUR","LGT_COND","MAN_COLL","MINUTE","MONTH","NOT_HOUR","NOT_MIN","PERSONS","RAIL","REL_ROAD","SCH_BUS","SP_JUR","ST_CASE","VE_FORMS","WEATHER"
"76",76,25,97.7310443490701,98.1058655221745,1.69957081545064,0.88555078683834,0.640915593705293,686.117310443491,16.7854077253219,15.9113018597997,4.45350500715308,0.0958512160228898,1.12875536480687,16.5007153075823,12.0071530758226,2.29184549356223,0.84692417739628,28.6781115879828,7.0071530758226,95.8612303290415,96.4663805436338,2.41630901287554,1,2.09728183118741,0,0.00429184549356223,250350,1.32904148783977,1.23605150214592
"77",76,26,98.3350908025776,98.4616285881664,1.33801991798477,0.0550673696543644,0,1002.14997070885,106.801991798477,16.306971294669,4.22671353251318,0.299355594610428,1.12712360867018,13.3186877562976,12.7527826596368,1.92618629173989,1.29466900995899,27.2185120093732,6.93966022261277,98.6707674282367,98.7603983596954,2.87814879906268,1,1.93145869947276,0,0.0175746924428823,260854.328646749,1.49736379613357,1.31693028705331
"78",76,27,62.4339887640449,68.3707865168539,5.05056179775281,3.60533707865169,3.47612359550562,1539.69803370787,85.997191011236,15.2823033707865,4.18820224719101,0.279494382022472,1.12640449438202,12.5660112359551,20.8918539325843,2.2752808988764,1.11797752808989,31.9929775280899,7.05898876404494,59.3370786516854,64.9957865168539,2.52106741573034,1,2.23455056179775,0,0.245786516853933,270356.873595506,1.39325842696629,1.31460674157303
"79",76,28,99,99,0.487903225806452,0.201612903225806,0,286.977822580645,78.3104838709677,15.1411290322581,4.28427419354839,0.00201612903225806,1.17137096774194,12.2822580645161,13.8104838709677,2.09879032258065,1.15725806451613,22.3508064516129,6.34677419354839,99,99,2.54637096774194,1,2.71774193548387,0,0.0241935483870968,280258.080645161,1.40927419354839,1.70161290322581
"80",76,29,52.5220372184133,61.0088148873653,4.22722820763957,0.66307541625857,0.237022526934378,1726.18021547502,146.123408423115,16.1958863858962,4.32615083251714,0.0940254652301665,1.16258570029383,13.6444662095984,13.3692458374143,1.7796278158668,1.23898139079334,27.7394711067581,6.75024485798237,52.2184133202742,59.8090107737512,2.71988246816846,1,2.14397649363369,0,0.00587659157688541,290511,1.42801175318315,1.27717923604309
"81",76,30,99,99,6.77016129032258,4.47983870967742,4.39112903225806,80.3225806451613,53.2661290322581,16.7016129032258,3.97983870967742,0.330645161290323,1.20564516129032,10.3306451612903,13.4677419354839,1.83870967741935,1.07258064516129,23.2620967741935,7.25403225806452,99,99,2.80645161290323,1,3.45161290322581,0,0.370967741935484,300124.5,1.31048387096774,1.66532258064516
"82",76,31,16.1148036253776,32.0483383685801,29.5679758308157,27.416918429003,26.2507552870091,868.549848942598,90.2447129909366,15.9788519637462,4.27794561933535,0.380664652567976,1.19939577039275,12.0513595166163,13.1148036253776,1.64954682779456,1.27794561933535,27.1873111782477,7.04833836858006,14.1601208459214,28.4773413897281,2.93051359516616,1,2.52870090634441,0,0,310166,1.46525679758308,1.67069486404834
"83",76,32,10.3475935828877,23.9572192513369,1.79679144385027,0.245989304812834,0,36.3903743315508,24.6737967914438,15.716577540107,4.3475935828877,0.368983957219251,1.16577540106952,11.6470588235294,12.7433155080214,1.93048128342246,0.925133689839572,27.3529411764706,6.98395721925134,10.1229946524064,24.3422459893048,2.71657754010695,1,3.06951871657754,0,0.0213903743315508,320094,1.32620320855615,1.24598930481283
"84",76,33,12.958904109589,28.9315068493151,2.62328767123288,0.178082191780822,0,119.924657534247,11.3835616438356,15.0068493150685,4.37671232876712,0.63013698630137,1.07534246575342,16.2397260273973,13.9315068493151,2.08904109589041,0.924657534246575,27.1986301369863,7.58219178082192,12.3904109589041,29.1232876712329,2.60958904109589,1,2.37671232876712,0,0.00684931506849315,330073.5,1.28767123287671,1.19178082191781
"85",76,34,97.5826086956522,97.7663043478261,1.41630434782609,0.281521739130435,0.215217391304348,4324.22391304348,19.2217391304348,15.7858695652174,4.1695652173913,0.329347826086957,1.11847826086957,15.3130434782609,12.2,2.15978260869565,0.935869565217391,28.4630434782609,6.64239130434783,97.1478260869565,97.5423913043478,2.80108695652174,1,2.11739130434783,0,0,340460.5,1.40869565217391,1.20869565217391
"86",76,35,98.7852494577006,98.7852494577006,2.59869848156182,1.32971800433839,0.143167028199566,108.603036876356,30.8980477223427,15.9045553145336,4.36659436008677,0,1.19088937093275,8.6529284164859,13.4034707158351,1.85466377440347,1.03253796095445,24.6876355748373,6.75488069414317,98.7852494577006,98.7852494577006,2.90889370932755,1,2.17570498915401,0,0.123644251626898,350231,1.32321041214751,1.16919739696312
"87",76,36,94.5504364694471,94.5775945683802,2.45247332686712,0.110572259941804,0.0106692531522793,1890.76527643065,62.4093113482056,15.9161008729389,4.26867119301649,0.0504364694471387,1.11105722599418,14.1532492725509,12.9049466537342,2.04413191076625,0.989815712900097,27.1357904946654,6.85984481086324,94.3787584869059,94.4563530552861,2.65712900096993,1,1.70756547041707,0,0.013094083414161,361031.500484966,1.35208535402522,2.05965082444229
"88",76,37,24.7484662576687,35.9754601226994,0.639570552147239,0.304447852760736,0.303680981595092,501.274539877301,101.858895705521,15.9992331288344,4.25996932515337,0.00383435582822086,1.15184049079755,13.3213190184049,14.0329754601227,1.73773006134969,1.10889570552147,25.204754601227,6.91871165644172,98.9240797546012,98.9240797546012,2.85736196319018,1,2.12653374233129,0,0.00460122699386503,370652.5,1.38803680981595,1.20168711656442
"89",76,38,95.6556291390728,96.0728476821192,12.7748344370861,10.4900662251656,10.4900662251656,254.139072847682,57.8079470198675,15.6423841059603,4.45033112582781,0,1.20529801324503,12.205298013245,13.4304635761589,1.7682119205298,1.21854304635762,24.9735099337748,7.37748344370861,95.6490066225166,95.5761589403973,2.58940397350993,1,2.35099337748344,0,0.119205298013245,380076,1.42384105960265,2.2317880794702
"90",76,39,98.9071300179748,98.9113241461953,1.09286998202516,1.02456560814859,0.103654883163571,1630.8154583583,86.1264230077891,15.8304373876573,4.25883762732175,0.152186938286399,1.13421210305572,14.9880167765129,13.4164170161774,1.95566207309766,1.15817855002996,28.0005991611744,6.80946674655482,98.9532654284002,98.9682444577591,2.6399041342121,1,2.72977831036549,0,0.00359496704613541,390835,1.44278010784901,1.34212103055722
"91",76,40,96.7010159651669,96.7010159651669,1.89840348330914,0.332365747460087,0.143686502177068,1154.29898403483,85.9172714078374,15.3715529753266,4.07547169811321,0.227866473149492,1.20754716981132,12.7242380261248,12.9085631349782,1.62119013062409,1.32075471698113,25.5587808417997,6.65312046444122,96.7010159651669,96.7010159651669,2.53701015965167,1,2.04644412191582,0,0,400345,1.47314949201742,1.11756168359942
"92",76,41,15.5017921146953,26.8494623655914,1.84408602150538,0.301075268817204,0.17741935483871,386.310035842294,36.7347670250896,15.2007168458781,4.27598566308244,0.444444444444444,1.12903225806452,12.2813620071685,16.4175627240143,1.91756272401434,1.00179211469534,29.7383512544803,6.7168458781362,13.3154121863799,25.3853046594982,2.69713261648746,1,2.31362007168459,0,0.0340501792114695,410279.5,1.39426523297491,1.93727598566308
"93",76,42,98.5841252096143,98.6232532140861,1.8060368921185,1.12017887087759,0.153717160424818,1568.74678591392,62.9742873113471,16.0234768026831,4.36948015651202,0.139742873113471,1.1296813862493,15.0670765790945,12.6523197316937,1.75125768585802,1.10285075461151,26.193404136389,6.81442146450531,98.4807154835103,98.5818893236445,2.66741196198994,1,1.82001117942985,0,0.00503074343208496,420895,1.40022358859698,1.3454443823365
"94",76,44,16.2142857142857,31.3571428571429,3.65178571428571,0.5,0.00892857142857143,132.232142857143,6.21428571428571,15.6160714285714,4.19642857142857,0.3125,1.0625,14.5892857142857,12.7678571428571,2.33928571428571,1.16071428571429,28.6071428571429,7.00892857142857,13.1339285714286,29.9642857142857,2.26785714285714,1,2.23214285714286,0,0.00892857142857143,440056.5,1.41071428571429,1.47321428571429
"95",76,45,13.1657060518732,26.2175792507205,0.152737752161383,0,0,192.877521613833,47.2766570605187,16.3184438040346,4.55331412103746,0.00432276657060519,1.16138328530259,12.6757925072046,12.8299711815562,1.7478386167147,1.03746397694524,25.8342939481268,6.45821325648415,16.536023054755,30.2723342939481,2.40201729106628,1,1.44380403458213,0,0,450347.538904899,1.37752161383285,1.20605187319885
"96",76,46,94.7189189189189,94.7189189189189,4.40540540540541,2.20540540540541,1.60540540540541,200.054054054054,75.8864864864865,14.8108108108108,4.36756756756757,0.427027027027027,1.18378378378378,11.1567567567568,14.8,1.91351351351351,1.25945945945946,25.5783783783784,6.79459459459459,94.7189189189189,94.7189189189189,2.68108108108108,1,2.36216216216216,0,0.367567567567568,460093,1.43243243243243,1.74054054054054
"97",76,47,34.857847976308,47.4047384007897,4.86475814412636,5.45310957551826,2.27048371174729,676.837117472853,97.8292201382034,15.8469891411649,4.17571569595262,0.350444225074037,1.13425468904245,14.7137216189536,13.8469891411649,1.9812438302073,1.15794669299112,26.5478775913129,6.81145113524186,33.2675222112537,44.0256663376111,2.52912142152024,1,2.59822309970385,0,0.00888450148075025,470507,1.4639684106614,1.39387956564659
"98",76,48,35.9659340659341,47.0970695970696,0.81978021978022,0.0725274725274725,0.0725274725274725,1719.89743589744,233.823443223443,15.8047619047619,4.23076923076923,0.00989010989010989,1.16190476190476,12.9095238095238,13.0373626373626,1.7956043956044,1.31098901098901,26.478021978022,6.59340659340659,35.9432234432234,46.8956043956044,2.64358974358974,1,1.83809523809524,0,0.000732600732600733,481365.5,1.40842490842491,1.17289377289377
"99",76,49,96.8461538461538,96.7601809954751,2.47511312217195,1.12669683257919,0.895927601809955,627.425339366516,32.3755656108597,15.6606334841629,4.33031674208145,0.176470588235294,1.13122171945701,10.8597285067873,13.5248868778281,1.90950226244344,0.918552036199095,27.552036199095,6.49773755656109,96.841628959276,97,3.09502262443439,1,2.13122171945701,0,0.00452488687782805,490111,1.40723981900452,1.19457013574661
"100",76,50,82.94,83.27,1.9,0.76,0,2325.49,14.54,15.27,4.4,0.37,1.13,14.39,17.47,1.75,1.32,28.95,7.42,85.55,85.91,2.73,1,2.68,0,0.08,500050.5,1.35,2.05
"101",76,51,98.5997732426304,98.5873015873016,4.74716553287982,1.36167800453515,0.836734693877551,458.577097505669,234.454648526077,15.5793650793651,4.36848072562358,0.105442176870748,1.13378684807256,14.5555555555556,13.7018140589569,1.98979591836735,1.08390022675737,26.3945578231293,6.69160997732426,98.687074829932,98.7369614512472,2.50907029478458,1,2.27097505668934,0,0.0408163265306122,510441.5,1.36167800453515,2.77437641723356
"102",76,53,27.2377521613833,40.3631123919308,0.561959654178674,0,0,417.556195965418,41.371757925072,15.0806916426513,4.23775216138328,0.386167146974063,1.15850144092219,12.6873198847262,13.2449567723343,1.98126801152738,1.12391930835735,26.5922190201729,6.82132564841499,98.6397694524496,98.6959654178674,2.62391930835735,1,1.84726224783862,0,0.0115273775216138,530347.5,1.4135446685879,1.54034582132565
"103",76,54,39.8094117647059,50.0329411764706,5.41647058823529,3.14588235294118,3.02823529411765,327.392941176471,51,16.3105882352941,4.50352941176471,0.04,1.15058823529412,13.6164705882353,16.6611764705882,1.76941176470588,1.19294117647059,27.5905882352941,6.88941176470588,39.9247058823529,48.5552941176471,2.80470588235294,1,2.96,0,0.0188235294117647,540213,1.42117647058824,1.64941176470588
"104",76,55,41.3836633663366,51.8391089108911,3.67326732673267,0.875,0.0346534653465347,819.293316831683,73.2821782178218,16.0086633663366,3.97772277227723,0.305693069306931,1.15717821782178,13.9690594059406,13.3774752475248,1.86757425742574,1.35643564356436,27.9022277227723,6.86757425742574,36.2673267326733,47.674504950495,2.58539603960396,1,2.02351485148515,0,0.00371287128712871,550404.5,1.46410891089109,1.28589108910891
"105",76,56,39.7307692307692,48.3942307692308,2.26442307692308,0.533653846153846,0,34.9519230769231,21.2403846153846,16.6778846153846,3.97596153846154,0.163461538461538,1.21634615384615,9.76442307692308,13.4182692307692,1.72596153846154,0.788461538461538,26.9663461538462,7.09615384615385,38.3509615384615,47.3413461538462,2.70673076923077,1,2.4375,0,0.0192307692307692,560104.5,1.32692307692308,1.61057692307692
"106",77,1,16.065469904963,29.583949313622,5.36642027455121,4.36325237592397,4.0844772967265,486.496304118268,72.1678986272439,15.325237592397,4.30939809926082,0.244984160506864,1.1414994720169,12.9714889123548,13.2829989440338,1.72016895459345,1.33474128827878,26.6726504751848,6.85638859556494,95.4456177402323,95.4456177402323,2.45723336853221,1,2.12671594508976,0.00316789862724393,0,10474,1.46462513199578,1.19852164730729
"107",77,2,80.0236220472441,82.3858267716535,4.26771653543307,2.36220472440945,1.59842519685039,309.251968503937,113.858267716535,15.8976377952756,4.14173228346457,0.559055118110236,1.06299212598425,10.1653543307087,13.6771653543307,2.16535433070866,1.13385826771654,28.4173228346457,6.51968503937008,83.4330708661417,84.3543307086614,2.5511811023622,1,1.71653543307087,0.015748031496063,0.0393700787401575,20064,1.40157480314961,1.39370078740157
"108",77,4,30.3681592039801,40.523631840796,4.19651741293532,3.45522388059702,3.44776119402985,170.962686567164,14.5597014925373,15.9838308457711,4.07960199004975,0.407960199004975,1.16044776119403,12.3308457711443,12.6890547263682,2.08333333333333,1.12935323383085,25.8109452736318,6.84328358208955,27.181592039801,38.5310945273632,2.94029850746269,1,2.05970149253731,0.00746268656716418,0.256218905472637,40402.5,1.33084577114428,1.41666666666667
"109",77,5,54.2969072164948,54.2969072164948,2.87010309278351,0.51340206185567,0.408247422680412,598.032989690722,79.3876288659794,15.2515463917526,4.25154639175258,0.296907216494845,1.1360824742268,12.8082474226804,13.3567010309278,1.64123711340206,1.17319587628866,27.3175257731959,6.68247422680412,54.2969072164948,54.2969072164948,2.78969072164948,1,1.9979381443299,0.00412371134020619,0.00412371134020619,50243,1.44742268041237,1.21855670103093
"111",77,8,13.4885620915033,31.233660130719,7.94934640522876,5.78104575163399,5.66176470588235,359.052287581699,56.3267973856209,15.4852941176471,4.24019607843137,0.357843137254902,1.13398692810458,10.9967320261438,13.0898692810458,1.98202614379085,0.980392156862745,26.1013071895425,7.10294117647059,13.5179738562092,29.3856209150327,2.46241830065359,1,2.44607843137255,0.00326797385620915,0.00490196078431373,82561.0049019608,1.35947712418301,1.28267973856209
"112",77,9,57.2647058823529,63.9436274509804,4.20098039215686,0.995098039215686,0.487745098039216,525.953431372549,5.90196078431373,15.5441176470588,4.36764705882353,0.377450980392157,1.08088235294118,15.5686274509804,12.9558823529412,2.02941176470588,1.18137254901961,28.796568627451,7.32352941176471,56.5392156862745,62.9338235294118,2.64950980392157,1,2.31862745098039,0,0.00980392156862745,90204.5,1.46813725490196,1.35049019607843
"113",77,10,14.6019417475728,31.631067961165,4.47572815533981,3.29126213592233,1.92233009708738,36.1165048543689,3,14.8640776699029,4.2621359223301,0.640776699029126,1.15533980582524,15,13.1553398058252,2.09708737864078,1.2621359223301,27.9611650485437,6.64077669902913,30.3883495145631,43.4660194174757,2.86407766990291,1,2.05825242718447,0.00970873786407767,0.00970873786407767,100052,1.54368932038835,1.25242718446602
"114",77,11,14.6666666666667,24.9122807017544,0.0350877192982456,0,0,10,1,13.8947368421053,3.78947368421053,0.280701754385965,1.01754385964912,12.0175438596491,14.3508771929825,2.17543859649123,0.807017543859649,20.9649122807018,5.82456140350877,14.5789473684211,25.1754385964912,2.15789473684211,1,1.57894736842105,0.0175438596491228,0.0350877192982456,110029,1.33333333333333,1.21052631578947
"115",77,12,93.9535141117875,94.0188157166574,1.95960154952961,0.545102379634754,0.152739346983951,1115.43663530714,63.8920863309352,15.4161593801882,4.31765356945213,0.293303818483675,1.11842833425567,12.3752075262867,13.3630326508024,1.98284449363586,1.16602102933038,27.6137244050913,6.74432761483121,94.1549529607084,94.1416712783619,2.76203652462645,1,2.03099059214167,0.00332042058660764,0.00774764803541782,120904,1.42999446596569,1.19369120088545
"116",77,13,57.1498316498316,64.2323232323232,0.684343434343434,0.323232323232323,0.25,617.58164983165,147.361111111111,15.6531986531987,4.29713804713805,0.303030303030303,1.15488215488215,13.516835016835,13.6069023569024,1.79461279461279,1.2449494949495,26.1734006734007,7.03114478114478,57.2205387205387,64.236531986532,2.63215488215488,1,2.15151515151515,0.00336700336700337,0.00252525252525253,132552.670875421,1.4537037037037,1.5050505050505
"117",77,15,17.2238805970149,32.9925373134328,2.20149253731343,0.5,0,3680.35820895522,3.70149253731343,15.8208955223881,4.36567164179105,0.477611940298507,1.11194029850746,14.5820895522388,13.455223880597,1.90298507462687,0.985074626865672,26.6044776119403,6.47761194029851,18.2164179104478,31.9701492537313,2.74626865671642,1,2.24626865671642,0.0223880597014925,0,150067.5,1.43283582089552,1.28358208955224
"118",77,16,26.6472727272727,37.9090909090909,2.02181818181818,0.167272727272727,0,136.294545454545,38.28,16.0872727272727,3.95636363636364,0.527272727272727,1.18181818181818,10.04,16.0909090909091,1.92,0.883636363636364,28.0618181818182,6.94181818181818,24.3090909090909,35.8872727272727,2.72363636363636,1,2.21090909090909,0.00727272727272727,0.0327272727272727,160138,1.29090909090909,1.45818181818182
"119",77,17,95.0912973838761,95.2194340630005,9.58302189001602,8.64228510411105,8.51041110517886,1440.85477843033,87.5146823278163,15.8515750133476,4.23865456486919,0.331019754404698,1.1350774159103,13.6956753870796,12.1521623064602,1.94927923117993,1.24345969033636,27.5963694607581,6.85691404164442,95.2722904431394,95.4095034703684,2.77789642285104,1,1.8435664709023,0.00907634810464495,0.00694073678590497,172953.162840363,1.49599572877736,1.41484249866524
"120",77,18,98.5400565504241,98.6286522148916,0.783223374175306,0.486333647502356,0.473138548539114,930.69274269557,89.693685202639,15.9019792648445,4.36286522148916,0.351555136663525,1.14043355325165,13.9915174363808,12.5051837888784,1.73704052780396,1.40245051837889,27.3722902921772,7.04712535344015,98.7021677662582,98.75589066918,2.56644674835061,1,1.95852968897267,0.00188501413760603,0,180534.808671065,1.51178133836004,1.39208294062205
"121",77,19,78.4972677595628,82.2969034608379,3.55191256830601,1.09107468123862,0.768670309653916,1358.33515482696,106.723132969035,15.3242258652095,4.34426229508197,0.380692167577413,1.14389799635701,13.8014571948998,13.7941712204007,1.95992714025501,1.36612021857923,26.3624772313297,6.75774134790528,73.3770491803279,77.8943533697632,2.34426229508197,1,1.97449908925319,0.00728597449908925,0.0127504553734062,190275,1.45173041894353,1.3752276867031
"122",77,20,96.7453416149068,96.8178053830228,4.75776397515528,2.7888198757764,2.06418219461698,1218.4182194617,113.455486542443,15.6935817805383,4.22774327122153,0.316770186335404,1.14285714285714,13.1946169772257,11.5175983436853,1.89855072463768,1.29813664596273,25.0269151138716,6.92546583850932,96.7453416149068,96.7971014492754,2.58592132505176,1,2.20289855072464,0.0020703933747412,0.020703933747412,200242,1.44927536231884,1.23809523809524
"123",77,21,94.5590452261306,94.571608040201,5.12437185929648,1.40201005025126,0.839195979899497,831.853015075377,112.472361809045,15.5590452261307,4.34673366834171,0.347989949748744,1.18090452261307,15.0125628140704,13.4434673366834,1.79899497487437,1.17462311557789,26.7047738693467,6.98869346733668,94.358040201005,94.3944723618091,2.77386934673367,1,2.3856783919598,0,0,210398.5,1.45100502512563,1.36934673366834
"124",77,22,30.2692750287687,41.7733026467204,0.241657077100115,0.0264672036823936,0,553.08170310702,63.4441887226697,15.716915995397,4.19562715765247,0.367088607594937,1.13924050632911,13.4695051783659,12.4384349827388,1.83429228998849,1.15880322209436,25.9148446490219,6.56962025316456,28.8400460299194,39.6892980437284,2.59263521288838,1,1.73532796317606,0.0046029919447641,0.00230149597238205,220441.158803222,1.44303797468354,1.22669735327963
"125",77,23,51.0666666666667,55.425641025641,1.87692307692308,0.230769230769231,0,5316.28205128205,14.3641025641026,16.0974358974359,4.29230769230769,0.492307692307692,1.09230769230769,15.6564102564103,12.1692307692308,1.92820512820513,0.774358974358974,24.9487179487179,7.43076923076923,51.4307692307692,56.2871794871795,2.57948717948718,1,2.96923076923077,0.00512820512820513,0.0923076923076923,230098.528205128,1.30769230769231,1.50769230769231
"126",77,24,80.7188019966722,83.7371048252912,1.738768718802,0.0831946755407654,0,1125.90183028286,74.8752079866888,15.6738768718802,4.43760399334443,0.264559068219634,1.09983361064892,14.4708818635607,12.9667221297837,1.9783693843594,0.945091514143095,27.9384359400998,6.79034941763727,80.7121464226289,83.4459234608985,2.37437603993344,1,2.71214642262895,0.00166389351081531,0.00831946755407654,240301.477537438,1.33943427620632,1.24126455906822
"127",77,25,98.2827988338192,98.5539358600583,1.11661807580175,0.744897959183674,0.358600583090379,812.17638483965,16.1020408163265,15.9402332361516,4.44752186588921,0.364431486880466,1.08454810495627,15.3702623906706,13.231778425656,2.37172011661808,0.839650145772595,27.6370262390671,7.14723032069971,97.3440233236152,97.6384839650146,2.39650145772595,1,1.96355685131195,0.00291545189504373,0.0043731778425656,250343.5,1.30320699708455,1.23032069970845
"128",77,26,96.7729130180969,96.8015178050204,1.12959719789842,0.130180969060128,0.0577933450087566,1020.95504962055,103.593111500292,16.1336835960304,4.22008172796264,0.505545826036194,1.11792177466433,13.4547577349679,12.7717454757735,1.87857559836544,1.46351430239346,28.6001167542323,6.96730881494454,96.9819030939872,96.9807355516637,2.85931115002919,1,1.89258610624635,0.00467016929363689,0,260857.343257443,1.52948044366608,1.35143023934618
"129",77,27,53.2427983539095,61.0891632373114,5.51851851851852,3.60082304526749,3.39643347050754,1861.26611796982,87.7050754458162,15.7887517146776,4.37037037037037,0.388203017832647,1.14677640603567,12.0603566529492,14.6556927297668,2.05212620027435,1.20438957475995,28.8491083676269,7.00685871056241,48.1714677640604,56.7133058984911,2.5281207133059,1,1.94238683127572,0.00274348422496571,0.0754458161865569,270365.301783265,1.43347050754458,1.51028806584362
"130",99,27,0,0,99,99,99,0,49,99,7,0,1,19,99,9,0,99,99,0,0,1,1,4,0,0,270510,1,9
"131",77,28,99,99,0.832179930795848,0.171280276816609,0.171280276816609,287.332179930796,78.7093425605536,15.2975778546713,4.3356401384083,0.134948096885813,1.18339100346021,11.8719723183391,13.30276816609,1.8840830449827,1.37370242214533,24.461937716263,6.90657439446367,99,99,2.52768166089965,1,2.46885813148789,0.00346020761245675,0.00519031141868512,280291.21799308,1.47231833910035,1.95328719723183
"132",77,29,17.2116716122651,31.9634025717112,3.88526211671612,0.952522255192878,0.130563798219585,2039.13056379822,144.952522255193,16.0385756676558,4.41246290801187,0.224530168150346,1.16815034619189,13.6577645895153,12.948565776459,1.80316518298714,1.2700296735905,27.1008902077151,6.837784371909,17.3036597428289,31.0573689416419,2.5351137487636,1,2.01582591493571,0.00494559841740851,0,290506,1.48170128585559,1.2433234421365
"133",77,30,98.6162790697674,98.6162790697674,4.48062015503876,3.24031007751938,3.06976744186047,49.984496124031,52.015503875969,15.2209302325581,3.95736434108527,0.581395348837209,1.22480620155039,9.58139534883721,13.2868217054264,1.82945736434109,0.968992248062015,27.7131782945736,6.93023255813953,98.6162790697674,98.6162790697674,2.94573643410853,1,3.43410852713178,0.00387596899224806,0.387596899224806,300129.5,1.32558139534884,1.62790697674419
"134",77,31,18.8680555555556,31.5347222222222,27.5486111111111,25.6736111111111,24.6805555555556,864.71875,89.6666666666667,15.625,4.19444444444444,0.447916666666667,1.19791666666667,12.8854166666667,14.5694444444444,1.9375,1.52430555555556,29.6527777777778,6.62152777777778,16.3298611111111,29.6597222222222,2.55555555555556,1,2.27430555555556,0,0.0381944444444444,310144.5,1.53125,1.39583333333333
"135",77,32,10.6877828054299,24.6923076923077,1.51131221719457,0,0,36.9909502262443,18.3257918552036,15.1764705882353,4.04977375565611,0.407239819004525,1.13574660633484,13.3891402714932,12.1176470588235,2.00452488687783,0.800904977375566,26.2760180995475,6.5158371040724,9.73303167420814,23.0769230769231,2.41176470588235,1,2.57013574660634,0,0.0316742081447964,320111,1.289592760181,1.05429864253394
"136",77,33,13.6086956521739,29.9782608695652,1.92753623188406,0.666666666666667,0,136.95652173913,10.6376811594203,16.5217391304348,4.41304347826087,0.550724637681159,1.07971014492754,15.6231884057971,12.9927536231884,1.88405797101449,1.14492753623188,27.4710144927536,6.95652173913043,12.9202898550725,29.695652173913,2.56521739130435,1,2.07971014492754,0,0,333071.413043478,1.39130434782609,1.18840579710145
"137",77,34,97.601226993865,98.060327198364,0.939672801635992,0.0910020449897751,0,4205.33844580777,18.4744376278119,15.5337423312883,4.29754601226994,0.407975460122699,1.10633946830266,14.9519427402863,11.9130879345603,2.14723926380368,0.985685071574642,28.5439672801636,6.92740286298569,97.4979550102249,97.7535787321063,2.55521472392638,1,2.10327198364008,0.00613496932515337,0,340490.368098159,1.43762781186094,1.27096114519427
"138",77,35,99,99,1.71604938271605,1.0352733686067,0.319223985890653,111.395061728395,31.4126984126984,15.8853615520282,4.39506172839506,0.372134038800705,1.17813051146384,8.39153439153439,12.8783068783069,1.90299823633157,1.08818342151675,24.8059964726631,6.95238095238095,99,99,2.87477954144621,1,2.21693121693122,0.00705467372134039,0.141093474426808,350284,1.34920634920635,1.19047619047619
"139",77,36,90.6205757432751,90.6526663520529,4.31193959414818,0.437470504955168,0.0934403020292591,1868.0844738084,62.680981595092,15.9414818310524,4.32892873997169,0.175082586125531,1.10240679565833,13.7277017461067,12.840490797546,2.09485606418122,0.995280792826805,26.4988201982067,6.93487494100991,90.6177442189712,90.6946672958943,2.670599339311,1,1.66540821142048,0.00660689004247286,0.00896649362907032,361060,1.3850873053327,1.34167059933931
"140",77,37,24.0783373301359,36.2374100719424,1.50279776179057,1.03037569944045,0.972821742605915,526.278177458034,103.081534772182,15.0591526778577,4.25499600319744,0.346123101518785,1.14148681055156,12.5915267785771,13.515587529976,1.80015987210232,1.01678657074341,26.2845723421263,6.69544364508393,98.841726618705,98.841726618705,2.78737010391687,1,2.19744204636291,0.00159872102318145,0.00559552358113509,370627.669864109,1.39808153477218,1.12869704236611
"141",77,38,99,99,22.5466666666667,21.1133333333333,20.46,273.833333333333,52.36,15.3666666666667,4.11333333333333,0.186666666666667,1.16666666666667,9.86666666666667,12.84,1.8,1.2,23.8333333333333,6.98666666666667,99,99,2.71333333333333,1,2.1,0,0.16,380078.146666667,1.46,1.26666666666667
"142",77,39,98.9394865525672,98.9394865525672,1.41075794621027,0.240831295843521,0,1362.66748166259,84.7017114914425,15.5751833740831,4.27872860635697,0.322127139364303,1.12163814180929,14.820293398533,12.6222493887531,1.89731051344743,1.28789731051345,28.3037897310513,7.10696821515892,98.9394865525672,98.9394865525672,2.6460880195599,1,2.43154034229829,0.00183374083129584,0.00366748166259169,390818.5,1.46210268948655,1.36124694376528
"143",77,40,96.5820895522388,96.5820895522388,2.11940298507463,0.154681139755767,0,1252.94029850746,87.719131614654,15.1696065128901,4.24966078697422,0.28493894165536,1.15603799185889,12.8507462686567,12.8710990502035,1.65128900949796,1.28629579375848,26.6268656716418,6.8629579375848,96.5820895522388,96.5820895522388,2.48575305291723,1,2.01628222523745,0.00407055630936228,0,400369,1.50610583446404,1.13568521031208
"144",77,41,14.8939130434783,27.7808695652174,1.92,0.156521739130435,0,371.709565217391,36.9791304347826,16.3478260869565,4.35826086956522,0.476521739130435,1.14260869565217,12.2852173913043,15.2886956521739,2.01217391304348,1.11652173913043,29.3217391304348,7.17217391304348,12.9791304347826,25.7791304347826,2.72869565217391,1,2.25565217391304,0.00521739130434783,0.048695652173913,410288.32,1.42434782608696,1.58086956521739