"","YEAR","STATE","ARR_HOUR","ARR_MIN","CF1","CF2","CF3","CITY","COUNTY","DAY","DAY_WEEK","DRUNK_DR","FATALS","HARM_EV","HOUR","LGT_COND","MAN_COLL","MINUTE","MONTH","NOT_HOUR","NOT_MIN","PERSONS","RAIL","REL_ROAD","SCH_BUS","SP_JUR","ST_CASE","VE_FORMS","WEATHER"
"145",77,42,97.5867456896552,97.6185344827586,2.42941810344828,1.25538793103448,0.255926724137931,1350.15732758621,60.2909482758621,15.7219827586207,4.33890086206897,0.344827586206897,1.11368534482759,14.8863146551724,12.5210129310345,1.88254310344828,1.19181034482759,26.3108836206897,6.92349137931035,97.676724137931,97.6772629310345,2.74622844827586,1,1.8760775862069,0.00323275862068966,0.00323275862068966,420929.322737069,1.44935344827586,1.32758620689655
"146",77,44,16.9487179487179,32.1196581196581,3.47863247863248,1.23931623931624,0.846153846153846,98.034188034188,6.09401709401709,15.7948717948718,4.13675213675214,0.418803418803419,1.13675213675214,15.3076923076923,12.5811965811966,2.24786324786325,1.09401709401709,29.7435897435897,6.8974358974359,15.5641025641026,30.7179487179487,2.23076923076923,1,2.41880341880342,0,0.0170940170940171,440059,1.32478632478632,1.35897435897436
"147",77,45,12.3060718711276,27.6282527881041,0.247831474597274,0,0,214.513011152416,50.363073110285,14.5662949194548,4.45848822800496,0.29368029739777,1.14869888475836,12.5068153655514,12.5935563816605,1.71499380421313,1.03717472118959,25.087980173482,6.89219330855019,12.4423791821561,27.4820322180917,2.37546468401487,1,1.66914498141264,0.00867410161090459,0,450407.872366791,1.36555142503098,1.23420074349442
"148",77,46,86.2793296089386,86.2793296089386,2.92737430167598,1.65921787709497,1.65921787709497,326.787709497207,71.6145251396648,14.5810055865922,4.00558659217877,0.46927374301676,1.16201117318436,13.2960893854749,13.6033519553073,1.69832402234637,1.20670391061453,25.8212290502793,6.81005586592179,86.2793296089386,86.2793296089386,2.57541899441341,1,2.32960893854749,0,0.424581005586592,460090,1.40782122905028,1.71508379888268
"149",77,47,31.2111111111111,43.5259259259259,2.77407407407407,1.17314814814815,0.480555555555556,571.026851851852,97.5333333333333,15.0027777777778,4.45555555555556,0.380555555555556,1.13240740740741,14.2037037037037,14.1231481481481,1.91388888888889,1.11944444444444,26.4055555555556,6.83240740740741,29.8824074074074,40.7666666666667,2.55833333333333,1,2.69444444444444,0.0111111111111111,0.0101851851851852,470540.5,1.47592592592593,1.34074074074074
"150",77,48,37.3177952755905,48.155905511811,0.754645669291339,0.0283464566929134,0,1750.64881889764,237.223622047244,15.5842519685039,4.20629921259843,0.23496062992126,1.14488188976378,12.672125984252,13.0135433070866,1.82299212598425,1.34992125984252,26.1977952755906,6.90267716535433,37.4570078740158,48.0103937007874,2.57196850393701,1,1.82582677165354,0.00188976377952756,0.0031496062992126,481588,1.41291338582677,1.19779527559055
"151",77,49,80.9901639344262,83.383606557377,2.06885245901639,0.721311475409836,0.649180327868852,555.606557377049,34.9213114754098,16.7311475409836,4.33114754098361,0.367213114754098,1.16393442622951,9.94754098360656,12.2032786885246,1.73770491803279,0.983606557377049,25.2229508196721,6.89836065573771,80.9213114754098,83.9704918032787,2.8,1,2.62622950819672,0,0.0295081967213115,490153,1.35409836065574,1.27213114754098
"152",77,50,83.7884615384615,84.6923076923077,3.71153846153846,2.13461538461538,1.90384615384615,2351.96153846154,15.0192307692308,14.9807692307692,4.27884615384615,0.442307692307692,1.11538461538462,15.3557692307692,12.1634615384615,1.77884615384615,1.02884615384615,25.8557692307692,7.23076923076923,81.8461538461538,82.3942307692308,2.81730769230769,1,2.76923076923077,0.00961538461538462,0,500052.5,1.35576923076923,1.86538461538462
"153",77,51,98.451282051282,98.5569230769231,3.53128205128205,1.58358974358974,1.17230769230769,450.685128205128,227.020512820513,14.8902564102564,4.34358974358974,0.403076923076923,1.14666666666667,14.0061538461538,13.3989743589744,1.91589743589744,1.10153846153846,26.8676923076923,7.09846153846154,98.6235897435897,98.6717948717949,2.54769230769231,1,2.12410256410256,0.00923076923076923,0.00512820512820513,510488,1.42051282051282,1.22564102564103
"154",77,53,24.702634880803,37.2032622333752,0.336260978670013,0,0,409.796737766625,42.8393977415307,15.9447929736512,4.27352572145546,0.611041405269762,1.14429109159348,13.2697616060226,13.0489335006274,1.96988707653701,1.21580928481807,26.7013801756587,6.92095357590966,81.5370138017566,83.5859473023839,2.62609786700125,1,1.8168130489335,0.00250941028858218,0.0351317440401506,532661.43412798,1.4366373902133,1.34629861982434
"155",77,54,42.3377777777778,52.4066666666667,1.73333333333333,0.115555555555556,0,302.997777777778,50.8711111111111,15.0622222222222,4.37333333333333,0.215555555555556,1.14222222222222,14.3088888888889,16.1066666666667,1.82,1.16666666666667,26.8888888888889,7.14222222222222,42.2755555555556,51.5844444444444,2.79777777777778,1,2.86888888888889,0,0.00888888888888889,540225.5,1.44666666666667,1.37777777777778
"156",77,55,43.6486825595985,53.762860727729,4.31242158092848,0.834378920953576,0.055207026348808,796.272271016311,77.0025094102886,16.4027603513174,4.11041405269762,0.575909661229611,1.16813048933501,13.4429109159348,11.9974905897114,1.83939774153074,1.36135508155583,27.4604767879548,6.65621079046424,38.3011292346299,49.5006273525721,2.56210790464241,1,1.92722710163112,0.00250941028858218,0.00376411543287327,550399,1.4366373902133,1.36260978670013
"157",77,56,29.8942307692308,41.6875,3.25961538461538,0.538461538461538,0,46.8028846153846,20.5480769230769,16.6201923076923,4.59134615384615,0.423076923076923,1.18269230769231,10.0240384615385,12.6826923076923,1.89423076923077,0.975961538461538,27.7403846153846,6.82692307692308,29.3413461538462,39.8990384615385,2.66826923076923,1,2.53846153846154,0,0.0576923076923077,560104.5,1.41826923076923,1.36057692307692
"158",78,1,16.6573146292585,30.249498997996,2.08617234468938,1.79158316633267,1.78557114228457,466.269539078156,73.9719438877756,15.7705410821643,4.22745490981964,0.273547094188377,1.14428857715431,12.5400801603206,13.1633266533066,1.76152304609218,1.36072144288577,25.8507014028056,7.08016032064128,94.2384769539078,94.2384769539078,2.35871743486974,1,2.17635270541082,0.00801603206412826,0.00400801603206413,12314.5210420842,1.44889779559118,1.19138276553106
"159",78,2,85.5714285714286,85.9196428571429,2.79464285714286,0.410714285714286,0,187.107142857143,107.946428571429,16,4.0625,0.544642857142857,1.13392857142857,9.91964285714286,12.3571428571429,1.97321428571429,1,24.9821428571429,6.69642857142857,89.3035714285714,89.4107142857143,2.55357142857143,1,2.21428571428571,0,0,22835.7053571429,1.4375,1.53571428571429
"160",78,4,32.4364640883978,42.8740331491713,3.82651933701657,2.63756906077348,2.51602209944751,147.40773480663,14.7524861878453,15.4585635359116,4.16685082872928,0.487292817679558,1.13480662983425,13.0640883977901,12.3756906077348,2.03204419889503,1.26740331491713,25.5469613259669,6.81546961325967,30.585635359116,41.0419889502762,3.00331491712707,1,2.03204419889503,0.00662983425414365,0.220994475138122,42148.6861878453,1.43756906077348,1.33591160220994
"161",78,5,34.5740365111562,34.5740365111562,2.26774847870183,0.0953346855983773,0,507.006085192698,81.6004056795132,15.2981744421907,4.4158215010142,0.292089249492901,1.15821501014199,13.4158215010142,13.2210953346856,1.61663286004057,1.13995943204868,25.8722109533469,7.02434077079107,34.5740365111562,34.5578093306288,2.73833671399594,1,2.0446247464503,0.00405679513184584,0.0243407707910751,51590.4442190669,1.46450304259635,1.20486815415821
"163",78,8,30.6360601001669,43.8480801335559,4.14524207011686,2.89315525876461,2.80968280467446,327.081803005008,54.5525876460768,15.2170283806344,4.19365609348915,0.584307178631052,1.15859766277129,12.5075125208681,13.0283806343907,1.93656093489149,1.03839732888147,26.9081803005008,6.63439065108514,30.8564273789649,44.4257095158598,2.51419031719533,1,2.54257095158598,0.00166944908180301,0.0250417362270451,80303.5041736227,1.42237061769616,1.37061769616027
"164",78,9,33.1796690307329,44.1347517730496,3.53900709219858,0.50354609929078,0.234042553191489,609.444444444444,6.30496453900709,15.8486997635934,4.27659574468085,0.486997635933806,1.06855791962175,16.2269503546099,12.9314420803783,2.11111111111111,0.912529550827423,26.9338061465721,6.98108747044917,31.0449172576832,41.5721040189125,2.40661938534279,1,2.64539007092199,0,0,91261.4444444444,1.38534278959811,1.26241134751773
"165",78,10,12.5357142857143,32.3839285714286,5.42857142857143,2.86607142857143,1.76785714285714,40.4642857142857,3.23214285714286,14.6517857142857,4.54464285714286,0.580357142857143,1.11607142857143,15.0803571428571,12.6517857142857,1.85714285714286,1.01785714285714,29.4375,7.04464285714286,13.75,31.7142857142857,2.50892857142857,1,2.22321428571429,0.0267857142857143,0,102012.928571429,1.39285714285714,1.36607142857143
"166",78,11,13.9574468085106,31.7021276595745,0,0,0,10,1,15.8510638297872,4.29787234042553,0.276595744680851,1.04255319148936,12.6595744680851,13.8723404255319,2.04255319148936,0.978723404255319,24.4255319148936,7.36170212765957,13.936170212766,27.1276595744681,2.31914893617021,1,1.17021276595745,0,0.0425531914893617,112055.829787234,1.36170212765957,1.31914893617021
"167",78,12,93.1873455264459,93.1814137419674,1.85219970341078,0.416213544241226,0.169055857637173,1104.18685121107,63.8754325259516,15.5313890261987,4.22145328719723,0.278793870489372,1.10479485912012,12.2511122095897,13.5620365793376,1.85269401878398,1.38062283737024,27.5709342560554,6.70439940682155,93.1873455264459,93.1779535343549,2.79831932773109,1,2.10776075135937,0.00395452298566485,0.00346020761245675,122773.085022244,1.43054869006426,1.20266930301532
"168",78,13,56.4124031007752,63.1542635658915,0.627131782945736,0.0403100775193798,0,576.759689922481,146.968217054264,15.8325581395349,4.37286821705426,0.276744186046512,1.14108527131783,13.6186046511628,14.3317829457364,1.83488372093023,1.0968992248062,27.6124031007752,6.82635658914729,56.3658914728682,63.0418604651163,2.52635658914729,1,2.12170542635659,0.00387596899224806,0.000775193798449612,130651.496899225,1.43255813953488,1.37286821705426
"169",78,15,26.5229885057471,39.0172413793103,3.54022988505747,1.8735632183908,1.70689655172414,4257.05747126437,3.79310344827586,16.9310344827586,4.22988505747126,0.568965517241379,1.11494252873563,14.4597701149425,17.5172413793103,2.18965517241379,0.954022988505747,30.2068965517241,6.53448275862069,24.5632183908046,39.7931034482759,2.44827586206897,1,2.46551724137931,0.00574712643678161,0,151873.649425287,1.38505747126437,1.28735632183908
"170",78,16,12.870036101083,27.7906137184116,4.1985559566787,0.548736462093863,0,131.281588447653,36.3790613718412,15.2202166064982,4.06859205776173,0.472924187725632,1.18050541516245,12.0505415162455,16.3646209386282,1.74729241877256,1.14801444043321,28.4693140794224,6.81227436823105,12.4115523465704,26.8339350180505,2.83754512635379,1,2.29963898916967,0.0036101083032491,0.0072202166064982,162004.703971119,1.3826714801444,1.23104693140794
"171",78,17,95.1992541289291,95.2898241875333,11.2994139584443,10.3388385721897,10.2914224826851,1414.4358018114,87.0340969632392,15.9536494405967,4.2855620671284,0.345231752797017,1.14011720831113,13.302610548748,12.4421949920085,1.94405966968567,1.23814597762387,26.4565796483751,7.19818859882792,95.3867874267448,95.4432605221098,2.72988811933937,1,1.86467767714438,0.00692594565796484,0.0079914757591902,170957.353755994,1.5125199786894,1.36814064997336
"172",78,18,98.927797833935,98.9458483754513,3.31317689530686,2.95938628158845,2.9485559566787,958.416967509025,86.9747292418773,15.9783393501805,4.37364620938628,0.308664259927798,1.14259927797834,14.278880866426,13.1164259927798,1.87545126353791,1.52617328519856,26.8014440433213,7.30685920577617,98.9259927797834,98.942238267148,2.50180505415162,1,2.05415162454874,0.00270758122743682,0.0351985559566787,182745.342960289,1.49368231046931,1.64891696750903
"173",78,19,75.518115942029,79.0489130434783,6.53260869565217,3.72463768115942,1.26630434782609,1238.76811594203,105.476449275362,15.4057971014493,4.39311594202899,0.360507246376812,1.15579710144928,13.9184782608696,13.0778985507246,1.94746376811594,1.56702898550725,27.5054347826087,7.04528985507246,71.0742753623188,76.356884057971,2.6268115942029,1,2.32789855072464,0.00905797101449275,0.036231884057971,190402.31884058,1.52173913043478,1.53985507246377
"174",78,20,68.2349397590361,73.9678714859438,4.13453815261044,1.84738955823293,1.19277108433735,1261.43172690763,116.859437751004,16.2951807228916,4.52008032128514,0.327309236947791,1.14859437751004,13.0582329317269,12.6726907630522,1.92771084337349,1.40963855421687,26.8714859437751,7.04216867469879,67.6666666666667,73.004016064257,2.63052208835341,1,2.11847389558233,0.0100401606425703,0.0301204819277108,200877.170682731,1.50401606425703,1.23895582329317
"175",78,21,91.8575129533679,91.9715025906736,3.55569948186529,0.378238341968912,0.128238341968912,645.834196891192,115.746113989637,15.4689119170984,4.26943005181347,0.437823834196891,1.13730569948187,14.7240932642487,13.1891191709845,1.80310880829016,1.15414507772021,24.6878238341969,7.29922279792746,91.9650259067357,92.0220207253886,2.78886010362694,1,2.44948186528497,0.00129533678756477,0,212350.224093264,1.4740932642487,1.34455958549223
"176",78,22,18.5847280334728,31.4006276150628,0.160041841004184,0.0230125523012552,0,493.916317991632,61.1715481171548,15.56589958159,4.14016736401674,0.341004184100418,1.12866108786611,14.3179916317992,12.75,1.93514644351464,1.02092050209205,26.5533472803347,6.89016736401674,17.4466527196653,30.1370292887029,2.4173640167364,1,2.13598326359833,0.00418410041841004,0.0104602510460251,221725.140167364,1.38284518828452,1.30125523012552
"177",78,23,74.6116504854369,75.1796116504854,4.30097087378641,1.88834951456311,1.44174757281553,5830.69417475728,13.8349514563107,16.1456310679612,4.25728155339806,0.572815533980582,1.1504854368932,15.1941747572816,12.2233009708738,1.97572815533981,0.79126213592233,29.6553398058252,7.52427184466019,74.3446601941748,74.9514563106796,2.43689320388349,1,2.72330097087379,0,0.0485436893203883,232526.257281553,1.30097087378641,1.58252427184466
"178",78,24,93.6195652173913,93.6195652173913,1.93633540372671,0.226708074534162,0.153726708074534,1332.44409937888,73.3090062111801,15.2142857142857,4.22670807453416,0.375776397515528,1.10403726708075,14.4922360248447,13.3260869565217,2.07298136645963,1.02795031055901,27.8990683229814,7.08540372670807,93.6195652173913,93.6195652173913,2.36335403726708,1,2.70186335403727,0.0015527950310559,0.0108695652173913,240939.141304348,1.35869565217391,1.21894409937888
"179",78,25,98.1529709228824,98.2288242730721,1.0353982300885,0.259165613147914,0.0606826801517067,794.849557522124,17.4601769911504,15.4905183312263,4.3173198482933,0.384323640960809,1.08849557522124,16.1592920353982,11.590391908976,2.23261694058154,0.877370417193426,27.6131479140329,7.50442477876106,97.9115044247788,98.1542351453856,2.31226295828066,1,2.09228824273072,0.00632111251580278,0.00252844500632111,252077.404551201,1.31605562579014,1.28318584070796
"180",78,26,95.9209197980931,95.9584969153113,1.03028603477285,0.037016264722378,0,949.054402692092,103.948962422883,15.9702748177229,4.22602355580482,0.520471116096467,1.13292204150308,13.3146382501402,12.6797532249019,1.89399887829501,1.37016264722378,27.6556365675827,7.04094223219293,96.1217049915872,96.1514301738643,2.7453729669097,1,1.92484576556366,0.00280426247896803,0.00224340998317443,262380.38867078,1.52327537857543,1.33146382501402
"181",78,27,51.2805755395683,58.9040767386091,4.4400479616307,2.58752997601918,2.1726618705036,1862.84772182254,83.7098321342926,15.7326139088729,4.19424460431655,0.543165467625899,1.15347721822542,12.6714628297362,16.0659472422062,2.0347721822542,1.36810551558753,29.7494004796163,6.90647482014388,45.1247002398082,53.8824940047962,2.60791366906475,1,1.99280575539568,0.00359712230215827,0.0383693045563549,272189.725419664,1.49280575539568,1.40167865707434
"182",78,28,99,99,1.01492537313433,0.313432835820896,0,321.780597014925,79.265671641791,15.0582089552239,4.22388059701493,0.256716417910448,1.17014925373134,12.7462686567164,13.2358208955224,1.75970149253731,1.23432835820896,23.8567164179104,6.87164179104478,99,99,2.65223880597015,1,2.38059701492537,0.00298507462686567,0.0164179104477612,282604.355223881,1.4910447761194,1.91194029850746
"183",78,29,19.3905950095969,33.5009596928983,2.52207293666027,0.629558541266795,0.262955854126679,1953.90403071017,141.496161228407,15.595009596929,4.30230326295585,0.222648752399232,1.14203454894434,13.1967370441459,12.5786948176583,1.79270633397313,1.16410748560461,27.1046065259117,6.99232245681382,19.373320537428,32.5460652591171,2.54990403071017,1,2.00863723608445,0.0115163147792706,0.000959692898272553,290616.818618042,1.46449136276392,1.26775431861804
"184",78,30,99,99,4.60944206008584,2.74248927038627,2.54935622317597,64.0472103004292,55.3004291845494,15.5407725321888,4.14592274678112,0.587982832618026,1.1587982832618,11.0944206008584,13.1330472103004,1.8068669527897,0.969957081545064,24.5021459227468,6.48927038626609,99,99,2.75536480686695,1,3.36909871244635,0,0.454935622317597,303125.965665236,1.3519313304721,1.52360515021459
"185",78,31,19.151724137931,31.2586206896552,27.6172413793103,26.1,24.4793103448276,1028.4,83.7034482758621,15.5827586206897,4.21034482758621,0.406896551724138,1.17241379310345,13.1068965517241,13.9586206896552,1.96206896551724,1.50689655172414,27.5379310344828,6.93793103448276,17.1689655172414,29.3379310344828,2.43103448275862,1,2.18275862068965,0,0.0206896551724138,311215.403448276,1.48965517241379,1.41379310344828
"186",78,32,14.0492424242424,28.1856060606061,0.984848484848485,0.375,0.375,38.6628787878788,29.1704545454545,15.2272727272727,4.21969696969697,0.583333333333333,1.15530303030303,11.3863636363636,12.9659090909091,1.88636363636364,1.07954545454545,27.6856060606061,6.35984848484848,13.8863636363636,27.4734848484848,2.87878787878788,1,2.33333333333333,0.00378787878787879,0.0378787878787879,322451.814393939,1.43560606060606,1.10227272727273
"187",78,33,12.8645161290323,29.8451612903226,3.60645161290323,0.793548387096774,0,115.232258064516,11.2193548387097,15.2709677419355,4.45161290322581,0.632258064516129,1.10322580645161,15.6,13.2258064516129,1.83225806451613,1.18709677419355,26.8774193548387,7.19354838709677,13.1612903225806,30.7741935483871,2.67096774193548,1,2.06451612903226,0,0,330079.406451613,1.44516129032258,1.25806451612903
"188",78,34,95.5368731563422,96.1632251720747,0.978367748279253,0.125860373647984,0.0973451327433628,4205.6656833825,18.716814159292,15.6971484759095,4.25958702064897,0.451327433628319,1.10521140609636,14.7374631268437,12.1553588987217,2.23205506391347,1.15142576204523,29.3244837758112,7.10816125860374,93.4857423795477,94.5752212389381,2.66470009832842,1,1.99705014749263,0.00589970501474926,0,342922.133726647,1.47394296951819,1.29695181907571
"189",78,35,88.1190476190476,90.0340136054422,2.26700680272109,1.22619047619048,0.795918367346939,110.421768707483,28.3384353741497,15.6105442176871,4.28741496598639,0.365646258503401,1.13775510204082,9.6156462585034,12.8826530612245,1.90646258503401,1.00850340136054,24.9438775510204,6.89965986394558,88.1326530612245,89.6955782312925,2.70578231292517,1,2.13095238095238,0.00340136054421769,0.285714285714286,351396.011904762,1.3469387755102,1.24489795918367
"190",78,36,90.8463636363636,90.8713636363636,4.18136363636364,0.37,0.0668181818181818,1896.90409090909,63.4690909090909,15.5404545454545,4.24590909090909,0.2,1.10727272727273,14.2636363636364,12.4381818181818,2.10363636363636,0.908181818181818,27.6495454545455,7.26909090909091,90.7527272727273,90.8222727272727,2.565,1,1.68272727272727,0.00363636363636364,0.0163636363636364,363042.988636364,1.39,1.31863636363636
"191",78,37,22.961682945154,36.0120210368144,0.465063861758077,0.150262960180316,0.0939143501126972,512.231404958678,100.117956423742,15.8151765589782,4.27948910593539,0.341096919609316,1.12096168294515,13.4462809917355,13.3914350112697,1.78437265214125,1.0939143501127,25.7731029301277,6.96619083395943,98.8512396694215,98.8512396694215,2.77009767092412,1,2.08564988730278,0.0120210368144252,0.00225394440270473,370809.41472577,1.41622839969947,1.11645379413974
"192",78,38,96.9932432432432,96.9932432432432,9.71621621621622,8.17567567567568,8.02702702702703,241.148648648649,54.8783783783784,17.3986486486486,4.52027027027027,0.337837837837838,1.22297297297297,11.5810810810811,13.9864864864865,1.86486486486486,1.27027027027027,22.6621621621622,6.89864864864865,96.9932432432432,96.9932432432432,2.55405405405405,1,2.35135135135135,0.0135135135135135,0.141891891891892,382321.256756757,1.41216216216216,1.35810810810811
"193",78,39,98.945,98.945,1.04222222222222,0.130555555555556,0.055,1406.56833333333,86.0777777777778,15.8672222222222,4.27055555555556,0.370555555555556,1.13722222222222,14.815,12.7633333333333,1.90277777777778,1.35388888888889,27.3555555555556,7.32388888888889,98.945,98.945,2.47388888888889,1,2.36388888888889,0.00555555555555556,0.005,392506.842777778,1.46666666666667,1.35055555555556
"194",78,40,95.8859764089122,95.8859764089122,2.34076015727392,0.453473132372215,0.389252948885976,1116.89646133683,86.1769331585845,16.3250327653997,4.26736566186108,0.403669724770642,1.18086500655308,13.5570117955439,13.259501965924,1.80996068152031,1.35910878112713,26.9475753604194,6.94364351245085,95.8859764089122,95.8859764089122,2.48099606815203,1,1.8781127129751,0.00393184796854522,0.00262123197903014,402102.563564876,1.4521625163827,1.17693315858453
"195",78,41,19.3338658146965,28.5095846645367,1.25718849840256,0,0,317.873801916933,39.5974440894569,15.0415335463259,4.16773162939297,0.413738019169329,1.13099041533546,12.9520766773163,15.2284345047923,1.85143769968051,1.11821086261981,28.7523961661342,6.96325878594249,17.5127795527157,27.4488817891374,2.70607028753994,1,2.35143769968051,0.00159744408945687,0.0527156549520767,410313.5,1.43450479233227,1.49041533546326
"196",78,42,93.3594249201278,93.3594249201278,5.86102236421725,0.256656017039404,0.00372736954206603,1408.27582534611,59.751863684771,16.1762513312034,4.2444089456869,0.38604898828541,1.10809371671991,15.9946751863685,12.5410010649627,1.98402555910543,1.07561235356763,0.354632587859425,7.13684771033014,93.3594249201278,93.3594249201278,2.78860489882854,1,2.53940362087327,0.00745473908413206,0.0197018104366347,420954.965921193,1.45953141640043,1.36900958466454
"197",78,44,19.61,35.39,1.85,0.99,0.99,120.95,5.8,15.26,4.28,0.53,1.08,14.88,15.08,2.56,0.85,34.46,6.69,17.93,35.14,2.06,1,2.33,0,0,441527.16,1.27,1.26
"198",78,45,13.3753213367609,27.2159383033419,0.249357326478149,0.0308483290488432,0,177.230077120823,49.1246786632391,15.9357326478149,4.38688946015424,0.401028277634961,1.13496143958869,12.3637532133676,13.6285347043702,1.75449871465296,0.994858611825193,25.2005141388175,7.15295629820051,13.4447300771208,27.6928020565553,2.41259640102828,1,1.56555269922879,0.006426735218509,0,452149.413881748,1.39074550128535,1.16966580976864
"199",78,46,93.6,93.6,3.21818181818182,1.2,1.2,231.363636363636,76.830303030303,15.7212121212121,4.09090909090909,0.575757575757576,1.15757575757576,11.3878787878788,13.3818181818182,1.87272727272727,1.28484848484848,26.6969696969697,6.79393939393939,93.6,93.6,2.71515151515152,1,2.22424242424242,0,0.351515151515152,462367.381818182,1.46666666666667,1.41212121212121
"200",78,47,23.2575068243858,36.8616924476797,2.71337579617834,0.282984531392175,0.0900818926296633,613.477707006369,95.1464968152866,15.8680618744313,4.19654231119199,0.394904458598726,1.12920837124659,14.9954504094631,15.2356687898089,1.99454049135578,1.19563239308462,27.9080982711556,7.03912647861692,23.1901728844404,36.9472247497725,2.48225659690628,1,2.68243858052775,0.00636942675159236,0.0163785259326661,472047.786169245,1.46496815286624,1.4877161055505
"201",78,48,37.3997651893161,48.3287349574406,1.42207220428529,0.0352216025829175,0,1847.79248605812,233.48459054887,15.434986791899,4.21631934253009,0.229527443498679,1.14881127091283,12.4957440563546,12.9480481361902,1.79366011153507,1.42324625770473,26.4590548869974,6.81978280011741,37.5127678309363,48.1085999412973,2.42823598473731,1,1.7601995890813,0.00675080716172586,0.00322864690343411,481911.687995304,1.41238626357499,1.21221015556208
"202",78,49,52.4548387096774,60.3354838709677,1.88064516129032,0.403225806451613,0.319354838709677,634.493548387097,33.9935483870968,15.8387096774194,4.18709677419355,0.319354838709677,1.19354838709677,11.5064516129032,13.7451612903226,1.82903225806452,1.46129032258065,27.9225806451613,6.94193548387097,49.5064516129032,58.1225806451613,2.87741935483871,1,2.29354838709677,0.0032258064516129,0.0451612903225806,492653.309677419,1.53870967741935,1.25806451612903
"203",78,50,83.651376146789,86.3119266055046,3.13761467889908,0,0,1440.17431192661,15.2201834862385,16.8990825688073,4.51376146788991,0.541284403669725,1.09174311926605,14.6146788990826,16.4403669724771,1.92660550458716,0.917431192660551,33.0183486238532,7.26605504587156,88.7339449541284,90.4770642201835,2.40366972477064,1,3.09174311926605,0.018348623853211,0,500834.532110092,1.28440366972477,1.6697247706422
"204",78,51,98.6098843322818,98.6256572029443,4.35015772870662,2.38170347003155,2.11251314405889,464.19032597266,237.616193480547,15.6445846477392,4.27339642481598,0.366982124079916,1.11777076761304,14.0736067297581,13.6361724500526,1.8527865404837,1.11671924290221,26.9305993690852,7.03785488958991,98.5047318611987,98.5362776025237,2.5068349106204,1,2.12092534174553,0.010515247108307,0.0147213459516299,511963.555205047,1.44689800210305,1.25131440588854
"205",78,53,19.1942196531792,29.1225433526012,0.354913294797688,0,0,429.29710982659,41.6751445086705,15.5988439306358,4.1757225433526,0.547976878612717,1.13872832369942,13.442774566474,13.0115606936416,1.94913294797688,1.20809248554913,26.4647398843931,6.78265895953757,52.8658959537572,56.7791907514451,2.61040462427746,1,1.6728323699422,0.00578034682080925,0.0138728323699422,530433.694797688,1.45895953757225,1.2878612716763
"206",78,54,40.3482587064677,49.3432835820896,1.7910447761194,0.348258706467662,0,289.05223880597,50.9452736318408,15.3208955223881,4.16417910447761,0.169154228855721,1.13681592039801,14.136815920398,14.4577114427861,1.78358208955224,0.942786069651741,26.7761194029851,7.28358208955224,40.3233830845771,49.5845771144279,2.62686567164179,1,2.95024875621891,0.00497512437810945,0.111940298507463,541676.925373134,1.43781094527363,1.42039800995025
"207",78,55,44.2836710369487,54.4147794994041,3.65554231227652,0.530393325387366,0.0262216924910608,879.069129916567,74.8605482717521,15.5363528009535,4.23957091775924,0.573301549463647,1.15733015494636,13.8200238379023,12.8891537544696,1.93325387365912,1.31704410011919,26.9308700834327,7.05244338498212,37.9046483909416,48.8569725864124,2.53992848629321,1,2.41358760429082,0.00595947556615018,0,552080.649582837,1.46960667461263,1.27651966626937
"208",78,56,28.9512195121951,39.6780487804878,3.40487804878049,0.697560975609756,0,33.9512195121951,21.0975609756098,14.7609756097561,4.28292682926829,0.482926829268293,1.17560975609756,9.31219512195122,14.5073170731707,2.01463414634146,0.975609756097561,22.5707317073171,6.89756097560976,28.209756097561,37.1414634146341,2.59512195121951,1,2.39024390243902,0,0.0292682926829268,562454.268292683,1.38536585365854,1.4390243902439
"209",79,1,15.5694915254237,29.4248587570621,0.898305084745763,0.355932203389831,0.335593220338983,537.544632768362,73.6146892655367,15.6463276836158,4.47005649717514,0.282485875706215,1.12768361581921,13.6440677966102,13.0338983050847,1.76158192090395,1.30960451977401,25.4067796610169,6.7774011299435,93.9661016949153,93.9661016949153,2.44406779661017,11.9435028248588,2.15141242937853,0.00112994350282486,0,10445.4361581921,1.47570621468927,1.27344632768362
"210",79,2,82.225,82.5,4.1625,1.2375,1.2375,218.225,104.75,14.675,4.275,0.5875,1.125,11.4125,18.775,2.175,0.8375,33.4375,7.7375,85.575,85.45,2.3625,1,1.95,0,0,20041.925,1.375,1.5
"211",79,4,39.8675799086758,48.277397260274,4.86643835616438,3.5365296803653,3.50342465753425,160.028538812785,14.4657534246575,16.0433789954338,4.21004566210046,0.528538812785388,1.17465753424658,13.9052511415525,12.6815068493151,2.0148401826484,1.32990867579909,26.3812785388128,6.63698630136986,37.2100456621005,46.5182648401826,2.80936073059361,10.0936073059361,2.09703196347032,0.00114155251141553,0.237442922374429,40442.2899543379,1.43036529680365,1.37671232876712
"212",79,5,45.5483193277311,45.5483193277311,1.97268907563025,0.147058823529412,0,668.47268907563,78.5882352941177,16.0231092436975,4.24789915966387,0.304621848739496,1.15126050420168,13.8004201680672,12.75,1.76890756302521,1.14075630252101,25.9579831932773,6.99789915966387,45.5483193277311,45.5483193277311,2.65966386554622,16.2605042016807,1.91806722689076,0.00630252100840336,0.0126050420168067,50239.4957983193,1.45168067226891,1.29201680672269