"","YEAR","STATE","ARR_HOUR","ARR_MIN","CF1","CF2","CF3","CITY","COUNTY","DAY","DAY_WEEK","DRUNK_DR","FATALS","HARM_EV","HOUR","LGT_COND","MAN_COLL","MINUTE","MONTH","NOT_HOUR","NOT_MIN","PERSONS","RAIL","REL_ROAD","SCH_BUS","SP_JUR","ST_CASE","VE_FORMS","WEATHER"
"279",80,23,79.0127118644068,79.1864406779661,1.24576271186441,0.51271186440678,0.419491525423729,5929.27542372881,14.5338983050847,15.9745762711864,4.20762711864407,0.584745762711864,1.1228813559322,16.7584745762712,12.3305084745763,1.91101694915254,0.720338983050847,28.6906779661017,6.63135593220339,79.0127118644068,79.1101694915254,2.34322033898305,2.97033898305085,2.85593220338983,0,0.114406779661017,230119.550847458,1.30084745762712,1.32203389830508
"280",80,24,98.2741935483871,98.2741935483871,1.12463343108504,0.104105571847507,0,1138.8137829912,66.9853372434018,15.5410557184751,4.43841642228739,0.401759530791789,1.10850439882698,15.5366568914956,12.3651026392962,1.97947214076246,0.920821114369501,27.6348973607038,6.85777126099707,98.2741935483871,98.2741935483871,2.33431085043988,1.85043988269795,2.24780058651026,0.00146627565982405,0.00146627565982405,240341.5,1.33870967741935,1.43548387096774
"281",80,25,98.8831488314883,98.8868388683887,1.29028290282903,0.702337023370234,0,792.538745387454,16.5252152521525,16.3825338253383,4.30381303813038,0.441574415744157,1.08364083640836,17.3321033210332,11.6469864698647,2.24723247232472,0.86469864698647,27.610086100861,6.73923739237392,98.8819188191882,98.9335793357934,2.28659286592866,2.07749077490775,2.54243542435424,0.002460024600246,0.015990159901599,250408.660516605,1.33825338253383,1.22755227552276
"282",80,26,96.4881486226778,96.847533632287,4.04420243433696,0.467648942985266,0.0634208840486867,1028.81101857783,103.953235105701,16.0736707238949,4.24535554131967,0.591928251121076,1.12107623318386,14.2472773862908,12.7648942985266,1.9308135810378,1.07238949391416,27.6207559256887,6.89301729660474,96.5957719410634,96.9974375400384,2.63549007046765,5.26521460602178,2.03971812940423,0.00128122998078155,0.00320307495195388,260792.829596413,1.45739910313901,1.31454196028187
"283",80,27,47.099730458221,55.8382749326146,2.23719676549865,0.773584905660377,0.533692722371968,1946.08355795148,84.0053908355795,15.1361185983827,4.29514824797844,0.566037735849057,1.14285714285714,12.8706199460916,14.5026954177898,1.98247978436658,1.14959568733154,28.2803234501348,7.18733153638814,36.9097035040431,47.256064690027,2.54177897574124,6.72237196765499,2.11320754716981,0.00134770889487871,0.0727762803234501,270375.673854447,1.44743935309973,1.28975741239892
"284",80,28,89.6749585406302,90.2039800995025,1.30679933665008,0.172470978441128,0,238.474295190713,79.5655058043118,16.0315091210614,4.44610281923715,0.250414593698176,1.15257048092869,13.787728026534,12.665008291874,1.79601990049751,1.17081260364842,24.2620232172471,6.79270315091211,89.87728026534,90.3217247097844,2.6832504145937,7.74461028192371,2.82089552238806,0.00165837479270315,0.0165837479270315,280304.565505804,1.44941956882255,1.50746268656716
"285",80,29,25.2185365853659,36.9941463414634,2.52292682926829,0.490731707317073,0,1955.11317073171,140.479024390244,16.0839024390244,4.36487804878049,0.27609756097561,1.14634146341463,14.8282926829268,12.2965853658537,1.83512195121951,1.13853658536585,27.1131707317073,6.76,25.2117073170732,36.4692682926829,2.35512195121951,5.93073170731707,2.28487804878049,0.00682926829268293,0,290515.061463415,1.39219512195122,1.17756097560976
"286",80,30,70.6159420289855,75.5036231884058,3.17753623188406,0.626811594202899,0.358695652173913,82.1340579710145,55.2608695652174,15.7934782608696,4.04347826086957,0.670289855072464,1.17753623188406,11.0217391304348,12.0942028985507,1.82971014492754,0.83695652173913,25.768115942029,6.83695652173913,66.7065217391304,73.1123188405797,2.32971014492754,2.4963768115942,2.71014492753623,0,0.630434782608696,300138.5,1.31159420289855,1.43115942028985
"287",80,31,31.0919881305638,40.433234421365,7.58753709198813,6.28783382789318,5.50741839762611,874.854599406528,87.5875370919881,15.9169139465875,3.99406528189911,0.427299703264095,1.17507418397626,12.8545994065282,13.459940652819,1.88724035608309,1.25222551928783,26.4510385756677,6.9406528189911,26.3412462908012,37.3412462908012,2.4213649851632,14.1721068249258,2.27596439169139,0,0.0237388724035608,310169.958456973,1.47774480712166,1.28486646884273
"288",80,32,11.7615894039735,25.8377483443709,0.960264900662252,0,0,27.5960264900662,21.0529801324503,14.976821192053,4.20529801324503,0.549668874172185,1.14569536423841,12.5264900662252,12.4668874172185,1.84105960264901,0.943708609271523,26.5430463576159,6.59602649006623,11.5397350993377,26.4569536423841,2.6953642384106,2.77814569536424,2.03973509933775,0,0.0132450331125828,320152.218543046,1.37748344370861,1.08278145695364
"289",80,33,12.0514285714286,28.4114285714286,3.04,0.165714285714286,0,131.308571428571,11.2057142857143,16.4,4.4,0.6,1.10857142857143,17.3771428571429,12.7314285714286,1.92,0.725714285714286,24.5257142857143,6.88,11.9371428571429,27.4285714285714,2.44571428571429,1.22857142857143,2.69714285714286,0,0,330088,1.31428571428571,1.12
"290",80,34,97.1291585127202,97.4559686888454,0.882583170254403,0.0949119373776908,0,4149.8023483366,19.0645792563601,16.1311154598826,4.29647749510763,0.480430528375734,1.0958904109589,15.23385518591,11.9980430528376,2.17416829745597,0.830724070450098,28.5782778864971,6.81800391389432,96.2544031311155,96.9041095890411,2.45009784735812,2.98336594911937,2.07827788649706,0.00293542074363992,0,340542.425636008,1.39236790606654,1.23972602739726
"291",80,35,79.3625730994152,79.6842105263158,1.49512670565302,1.0916179337232,0.578947368421053,118.372319688109,30.3801169590643,15.3313840155945,4.45808966861598,0.539961013645224,1.1812865497076,10.9961013645224,14.9746588693957,1.88888888888889,0.966861598440546,26.4931773879142,6.62378167641326,79.5847953216374,79.6179337231969,2.85185185185185,4.23781676413255,2.26120857699805,0,0.307992202729045,350266.329434698,1.3625730994152,1.26510721247563
"292",80,36,89.0509688289806,90.4962089300758,2.42881213142376,0.0918281381634372,0.052653748946925,1861.34709351306,64.6048862679023,15.9844144903117,4.2670598146588,0.286436394271272,1.09941027801179,15.0522325189553,12.7384161752317,2.09014321819714,0.81044650379107,27.2476832350463,6.78348778433024,88.6238416175232,90.0703454085931,2.49368155012637,2.42965459140691,2.14279696714406,0.0025273799494524,0.0088458298230834,361199.376158382,1.33529907329402,1.29991575400169
"293",80,37,20.8892238131123,34.0550113036925,1.87641296156745,0.0746043707611153,0.0746043707611153,533.386586284853,105.928409947249,16.6842501883949,4.31801055011304,0.357196684250188,1.1326299924642,14.7663903541824,13.2780708364732,1.77618688771665,0.939713639788998,25.8907309721176,6.79804069329314,98.7015825169555,98.7015825169555,2.64883195177091,8.00828937452901,2.31047475508666,0.00452147701582517,0,370672.611152977,1.3775433308214,1.15749811605124
"294",80,38,93.0451127819549,93.0451127819549,3.90977443609023,0.353383458646617,0,356.744360902256,54.0526315789474,16.7218045112782,4.5187969924812,0.541353383458647,1.13533834586466,12.0827067669173,10.9924812030075,1.8796992481203,0.879699248120301,24.984962406015,7.57894736842105,93.0451127819549,93.0451127819549,2.64661654135338,2.71428571428571,2.30827067669173,0.0075187969924812,0.180451127819549,380067,1.35338345864662,1.29323308270677
"295",80,39,98.7994459833795,98.8437673130194,1.19722991689751,0.0498614958448753,0,1524.79279778393,83.8858725761773,15.6354570637119,4.29750692520776,0.391689750692521,1.12631578947368,15.9739612188366,12.8747922437673,1.95678670360111,1.0393351800554,28.5002770083102,6.81329639889197,98.8542936288089,98.8781163434903,2.32354570637119,10.005540166205,2.60498614958449,0.00110803324099723,0.00166204986149584,390908.200554017,1.40831024930748,1.3213296398892
"296",80,40,93.3878048780488,93.8158536585366,1.20487804878049,0.147560975609756,0.120731707317073,1296.64512195122,88.9439024390244,15.9634146341463,4.3,0.404878048780488,1.16951219512195,14.9853658536585,12.9207317073171,1.71951219512195,1.17926829268293,25.6134146341463,6.74268292682927,93.3853658536585,93.6743902439024,2.33414634146341,7.69878048780488,2.29390243902439,0.00609756097560976,0.00731707317073171,400411.024390244,1.43536585365854,1.15975609756098
"297",80,41,16.5641025641026,27.9350427350427,0.446153846153846,0.0820512820512821,0,364.066666666667,38.3025641025641,15.3948717948718,4.27350427350427,0.507692307692308,1.1042735042735,13.3555555555556,14.565811965812,1.81709401709402,0.972649572649573,27.5880341880342,6.62905982905983,16.7299145299145,28.382905982906,2.53504273504273,3.8017094017094,2.25128205128205,0.00341880341880342,0.064957264957265,410297.437606838,1.4,1.35042735042735
"298",80,42,99,99,4.05632306057386,0.065356004250797,0,1375.43304994687,62.4431455897981,15.672688629118,4.31083953241233,0.592986184909671,1.10998937300744,18.6370882040383,12.3225292242295,1.95217853347503,1.29171094580234,0.21413390010627,6.75982996811902,99,99,2.55685441020191,2.51062699256111,3.20403825717322,0.00318809776833156,0,420959.062699256,1.39319872476089,1.27736450584485
"299",80,44,13.0169491525424,28.5254237288136,0.406779661016949,0.186440677966102,0,133.322033898305,6.01694915254237,16.5254237288136,4.3135593220339,0.533898305084746,1.09322033898305,15.7457627118644,10.2372881355932,2.40677966101695,1.22033898305085,28.3220338983051,6.77966101694915,13.1440677966102,29.2627118644068,2.42372881355932,1,2.49152542372881,0,0.0169491525423729,440060.025423729,1.36440677966102,1.45762711864407
"300",80,45,13.0361445783133,27.5100401606426,0.927710843373494,0.034805890227577,0,221.210174029451,47.9451137884873,15.7617135207497,4.55555555555556,0.393574297188755,1.14056224899598,13.8018741633199,13.2074966532798,1.73226238286479,0.991967871485944,26.6519410977242,6.94109772423025,13.0334672021419,27.4484605087015,2.35073627844712,7.93574297188755,1.98393574297189,0.00669344042838019,0,450385.728246319,1.36947791164659,1.23427041499331
"301",80,46,48.0265957446809,56.1755319148936,1.79787234042553,0.0106382978723404,0.212765957446809,246.86170212766,74.7234042553192,14.8085106382979,4.72340425531915,0.558510638297872,1.21276595744681,13.0851063829787,14.9148936170213,1.79255319148936,1.16489361702128,28.7127659574468,6.88297872340426,47.1117021276596,56.8617021276596,2.52659574468085,1,2.44148936170213,0,0.420212765957447,460096.079787234,1.42553191489362,1.43085106382979
"302",80,47,21.0178748758689,35.8351539225422,3.20953326713009,0.446871896722939,0.0983118172790467,660.329692154916,96.4637537239325,16.0575968222443,4.24428997020854,0.449851042701092,1.14498510427011,15.6941410129096,13.845084409136,2.00893743793446,0.99304865938431,26.4051638530288,6.73882820258193,20.6931479642502,34.4409136047666,2.4875868917577,4.09433962264151,2.76762661370407,0.00397219463753724,0.00496524329692155,470510.375372393,1.43992055610725,1.28202581926514
"303",80,48,38.9457262716308,49.1064499213424,0.621919244887257,0,0,1968.10120608285,231.49239643419,15.5634504457263,4.28028316727845,0.244625065547981,1.14472994231778,13.2915574200315,13.0162558993183,1.80597797587834,1.16308337703199,26.3327215521762,6.71814368117462,38.7776612480336,49.2121132669114,2.3906659674882,8.40508652333508,1.99265862611432,0.00340849501835343,0.000786575773466177,481912.485841636,1.38437336130047,1.14210802307289
"304",80,49,48.233676975945,57.3024054982818,2.52233676975945,0.168384879725086,0,979.831615120275,33.426116838488,16.1202749140893,4,0.43298969072165,1.14776632302405,10.7594501718213,12.872852233677,1.9106529209622,1.0446735395189,26.1786941580756,6.91752577319588,45.3230240549828,53.6048109965636,2.79725085910653,3.88316151202749,2.01030927835052,0.00687285223367698,0.0274914089347079,490146.450171821,1.39175257731959,1.23367697594502
"305",80,50,83.568,84.544,1.64,0,0,1943.736,15.192,15.784,4.096,0.664,1.096,17.416,17.128,2.064,0.704,28.52,6.208,84.28,85.192,2.12,5.64,3.056,0,0,500063,1.296,1.416
"306",80,51,89.9328358208955,90.0703624733475,2.01705756929638,1.37526652452026,1.37206823027719,390.752665245203,220.798507462687,15.1183368869936,4.33155650319829,0.464818763326226,1.11407249466951,14.7494669509595,13.5426439232409,1.85714285714286,0.962686567164179,27.544776119403,6.91044776119403,90.3763326226013,90.4872068230277,2.37526652452026,2.64498933901919,2.23027718550107,0.00106609808102345,0.00959488272921109,510474.002132196,1.35820895522388,1.18443496801706
"307",80,53,13.1452184179457,24.5147579693034,0.204250295159386,0,0,509.531286894923,41.8193624557261,15.2408500590319,4.33057851239669,0.635182998819362,1.14639905548996,13.9657615112161,12.7485242030697,1.94687131050767,1.16410861865407,28.5572609208973,6.58677685950413,11.5737898465171,23.7319952774498,2.56434474616293,1.98465171192444,2.23376623376623,0,0.0554899645808737,530425.67768595,1.42621015348288,1.32703659976387
"308",80,54,39.426724137931,50.823275862069,0.549568965517241,0,0,297.336206896552,49.2521551724138,15.0344827586207,4.39439655172414,0.176724137931034,1.12715517241379,14.5064655172414,14.364224137931,1.77801724137931,0.969827586206897,26.3297413793103,6.81896551724138,39.4396551724138,49.3146551724138,2.46551724137931,5.49353448275862,3.24568965517241,0.00431034482758621,0,540232.767241379,1.37931034482759,1.34698275862069
"309",80,55,41.9067296340024,51.3683589138135,3.73671782762692,0.471074380165289,0.158205430932704,840.468713105077,76.6198347107438,15.8760330578512,4.14285714285714,0.667060212514758,1.14757969303424,15.0519480519481,12.4144037780401,1.89492325855962,1.17355371900826,26.9149940968123,6.88783943329398,36.9232585596222,48.2349468713105,2.52066115702479,6.32939787485242,2.71310507674144,0,0.00354191263282172,550425.756788666,1.43093270365998,1.31877213695396
"310",80,56,21.6341463414634,32.4,2.19512195121951,0.336585365853659,0,34.2341463414634,22.619512195122,16,4,0.55609756097561,1.19512195121951,10.8926829268293,13.1414634146341,1.84390243902439,0.760975609756098,24.6146341463415,6.81463414634146,18.9853658536585,29.5365853658537,2.40487804878049,1.40975609756098,2.4,0.0146341463414634,0,560103.8,1.3609756097561,1.33170731707317
"311",81,1,14.9987878787879,28.990303030303,2.66787878787879,1.56969696969697,1.56,594.350303030303,74.1515151515152,15.6290909090909,4.38666666666667,0.300606060606061,1.13090909090909,14.0084848484848,12.7078787878788,1.74424242424242,1.02666666666667,26.1587878787879,6.73818181818182,94.44,94.44,2.33212121212121,9.55757575757576,2.39030303030303,0.00242424242424242,0,10413.44,1.39878787878788,1.17575757575758
"312",81,2,20.6222222222222,31.6555555555556,5.73333333333333,0,0,372.588888888889,100.444444444444,16.3,3.86666666666667,0.6,1.11111111111111,12.6222222222222,12.2333333333333,2.13333333333333,1.05555555555556,23.1,6.56666666666667,18.8222222222222,29.2555555555556,2.55555555555556,1,2.3,0,0.177777777777778,20046.5333333333,1.35555555555556,1.34444444444444
"313",81,4,43.8413461538462,51.3305288461538,1.41225961538462,0.716346153846154,0.713942307692308,184.658653846154,14.6418269230769,15.2584134615385,4.34975961538461,0.455528846153846,1.10216346153846,11.3617788461538,12.3605769230769,1.91706730769231,1.23197115384615,25.9723557692308,6.47716346153846,41.9314903846154,49.5769230769231,2.78485576923077,1.54927884615385,2.02524038461538,0.00360576923076923,0.256009615384615,40417.8689903846,1.421875,1.18629807692308
"314",81,5,59.6485355648536,59.68410041841,1.36401673640167,0.207112970711297,0.207112970711297,601.096234309623,76.1924686192469,16.0083682008368,4.22384937238494,0.320083682008368,1.12133891213389,14.0292887029289,13.152719665272,1.72384937238494,1.06694560669456,25.652719665272,6.94560669456067,59.8556485355649,59.8556485355649,2.53347280334728,10.7907949790795,2.04602510460251,0,0,50240.5167364017,1.44142259414226,1.15481171548117
"316",81,8,39.4059259259259,49.8844444444444,0.871111111111111,0,0,306.167407407407,54.1644444444444,15.9911111111111,4.33037037037037,0.605925925925926,1.12,13.0874074074074,12.997037037037,1.99703703703704,0.928888888888889,25.3659259259259,6.93777777777778,39.4059259259259,50.6133333333333,2.52592592592593,2.36444444444444,3.01185185185185,0,0.0266666666666667,80348.6948148148,1.40740740740741,1.19555555555556
"317",81,9,24.525,38.9770833333333,2.72708333333333,0.766666666666667,0,851.70625,5.83333333333333,15.9208333333333,4.3625,0.535416666666667,1.07916666666667,16.3104166666667,11.3541666666667,2.21041666666667,1.01666666666667,28.4375,6.55208333333333,20.95,35.76875,2.51875,1,2.28958333333333,0.00833333333333333,0,90242.2145833333,1.4625,1.32083333333333
"318",81,10,12.1650485436893,27.9902912621359,3.94174757281553,3.30097087378641,2.88349514563107,33.7864077669903,3.15533980582524,18.1553398058252,4.22330097087379,0.640776699029126,1.07766990291262,14.368932038835,12.504854368932,1.9126213592233,1.25242718446602,26.0097087378641,7.24271844660194,12.5242718446602,28.5436893203883,2.52427184466019,1,2.09708737864078,0.00970873786407767,0,100052.485436893,1.46601941747573,1.33009708737864
"319",81,11,11.5652173913043,25.2173913043478,0.565217391304348,0,0,10,1,15.695652173913,4.28260869565217,0.282608695652174,1.06521739130435,14.7391304347826,11.7826086956522,2.15217391304348,0.804347826086957,27.4130434782609,6,11.9565217391304,24.6739130434783,2.17391304347826,1,1.93478260869565,0.0217391304347826,0.0434782608695652,110023.5,1.45652173913043,1.26086956521739
"320",81,12,97.9779942279942,98.0104617604618,8.59415584415584,7.12193362193362,6.97294372294372,1415.31962481962,121.638167388167,16.1515151515152,4.26984126984127,0.238095238095238,1.10966810966811,12.2882395382395,13.4736652236652,2.41197691197691,1.8975468975469,27.5775613275613,6.53318903318903,97.9498556998557,97.9880952380952,2.85894660894661,37.6367243867244,2.38997113997114,0.000721500721500722,0.631673881673882,121390.676046176,1.47474747474747,1.74422799422799
"321",81,13,68.9570063694268,71.7388535031847,0.994426751592357,0.0995222929936306,0.0788216560509554,613.726114649682,140.277070063694,16.0859872611465,4.4546178343949,0.456210191082803,1.12898089171975,14.2356687898089,14.1265923566879,1.8296178343949,1.03105095541401,27.5334394904459,6.67914012738853,69.2197452229299,71.8773885350318,2.43232484076433,4.39808917197452,2.41958598726115,0.00318471337579618,0.00636942675159236,130632.546974522,1.42914012738854,1.28264331210191
"322",81,15,16,32.6985294117647,0.397058823529412,0,0,3613.77205882353,3.51470588235294,15.4705882352941,4.46323529411765,0.610294117647059,1.10294117647059,14.1764705882353,13.3897058823529,2.17647058823529,0.875,30.7205882352941,6.32352941176471,13.8529411764706,31.8897058823529,2.63970588235294,1,2.29411764705882,0.00735294117647059,0,150070.705882353,1.36029411764706,1.10294117647059
"323",81,16,13.82421875,27.8125,2.0078125,0.3828125,0.1015625,141.93359375,39.1640625,15.171875,4.26953125,0.453125,1.14453125,12.50390625,13.86328125,1.69921875,1.2421875,26.76171875,6.671875,12.6953125,25.9140625,2.74609375,1,2.52734375,0.0078125,0.1875,160131.58984375,1.43359375,1.40625
"324",81,17,49.9652862362972,59.0018270401949,10.3246041412911,9.18818514007308,9.10414129110841,1520.52618757613,90.2813641900122,15.8593179049939,4.21559074299635,0.447015834348356,1.10901339829476,14.0864799025579,11.8404384896468,1.94945188794153,1.16686967113276,26.6309378806334,6.68331303288672,14.6626065773447,29.3501827040195,2.54933008526188,6.44092570036541,2.16077953714982,0.00243605359317905,0.0097442143727162,170829.406211937,1.47137637028015,1.29354445797808
"325",81,18,98.34,98.396,1.033,0.183,0.099,1338.657,91.582,15.623,4.303,0.391,1.146,14.873,13.668,1.942,1.296,28.071,6.665,98.26,98.349,2.337,15.361,2.412,0.003,0.049,180504.098,1.463,1.559
"326",81,19,81.0679245283019,81.4245283018868,3.99811320754717,0.954716981132075,0.0943396226415094,1195.8679245283,107.547169811321,15.3415094339623,4.37547169811321,0.439622641509434,1.15660377358491,13.8830188679245,13.7660377358491,1.83962264150943,1.26603773584906,28.0566037735849,6.74528301886792,80.9075471698113,81.1849056603774,2.47547169811321,4.13018867924528,2.11698113207547,0.00566037735849057,0.0509433962264151,190271.88490566,1.5,1.33584905660377
"327",81,20,22.7549019607843,35.4450980392157,2.31372549019608,0.466666666666667,0,1274.96470588235,115.454901960784,15.856862745098,4.40588235294118,0.390196078431373,1.13725490196078,13.3764705882353,12.7137254901961,1.83529411764706,1.20196078431373,25.578431372549,6.56470588235294,21.6235294117647,34.9235294117647,2.59411764705882,3.46078431372549,2.19607843137255,0.00392156862745098,0.0705882352941176,200256.941176471,1.45098039215686,1.16274509803922
"328",81,21,86.7930555555556,86.8847222222222,3.34166666666667,0.0930555555555556,0,653.945833333333,115.941666666667,15.575,4.17777777777778,0.426388888888889,1.12777777777778,15.4111111111111,13.1930555555556,1.74861111111111,0.977777777777778,26.125,6.64861111111111,86.9111111111111,86.9833333333333,2.76388888888889,3.53472222222222,2.46666666666667,0.00416666666666667,0,210361.438888889,1.43333333333333,1.24722222222222
"329",81,22,19.8289592760181,32.0841628959276,0.426244343891403,0.152036199095023,0,546.984615384615,63.9990950226244,15.4389140271493,4.25067873303167,0.359276018099548,1.1158371040724,13.7846153846154,12.8751131221719,1.87692307692308,1.05339366515837,26.6660633484163,6.66787330316742,19.2289592760181,31.0018099547511,2.52579185520362,7.35384615384615,2.03800904977376,0.000904977375565611,0.00361990950226244,220557.70678733,1.43076923076923,1.19276018099548
"330",81,23,93.2984293193717,93.2984293193717,0.905759162303665,0.518324607329843,0.518324607329843,5467.62827225131,16.3298429319372,15.6544502617801,4.38219895287958,0.539267015706806,1.14659685863874,15.5287958115183,14.1413612565445,1.95811518324607,0.968586387434555,27.9005235602094,6.30890052356021,93.2984293193717,93.2984293193717,2.40837696335079,6.68586387434555,2.71727748691099,0,0.00523560209424084,230096.361256545,1.32460732984293,1.34031413612565
"331",81,24,99,99,1.37047756874096,0.00434153400868307,0,1302.61649782923,64.9059334298119,15.6396526772793,4.34298118668596,0.493487698986975,1.13024602026049,14.8408104196816,13.3314037626628,1.98118668596237,1.09117221418234,27.9348769898698,6.51519536903039,99,99,2.31693198263386,1.68740955137482,2.0506512301013,0.00723589001447178,0.00289435600578871,240346.748191027,1.36758321273517,1.19681620839363
"332",81,25,98.475073313783,98.6348973607038,1.9633431085044,0.608504398826979,0.111436950146628,793.107038123167,17.7008797653959,15.1011730205279,4.41202346041056,0.428152492668622,1.09384164222874,16.3797653958944,12.4398826979472,2.2316715542522,0.825513196480938,27.5043988269795,6.32258064516129,98.7609970674487,98.7844574780059,2.25366568914956,1.50146627565982,2.29032258064516,0,0.00586510263929619,250346.272727273,1.33577712609971,1.30938416422287
"333",81,26,91.4258741258741,92.5783216783217,2.8979020979021,0.116083916083916,0.027972027972028,1023.38461538462,104.625874125874,15.6216783216783,4.25944055944056,0.562937062937063,1.09370629370629,13.8566433566434,12.5664335664336,1.8979020979021,1.25874125874126,27.8937062937063,6.86503496503497,91.6825174825175,92.6412587412587,2.66503496503497,3.84265734265734,2.05454545454545,0.00559440559440559,0.0181818181818182,260720.174825175,1.48041958041958,1.3027972027972
"334",81,27,43.1206636500754,54.4675716440422,1.58069381598793,0.120663650075415,0.00150829562594268,1990.81900452489,86.5414781297134,16.2413273001508,4.46455505279035,0.552036199095023,1.13574660633484,13.0889894419306,11.9034690799397,1.95927601809955,1.1553544494721,26.1297134238311,6.8340874811463,33.0331825037707,45.2760180995475,2.52488687782805,6.94871794871795,2.03318250377074,0.00301659125188537,0.0422322775263952,270338.437405732,1.44343891402715,1.36349924585219
"335",81,28,87.4889240506329,88.0886075949367,2.00791139240506,0.0838607594936709,0,297.92246835443,73.2911392405063,15.8275316455696,4.22310126582278,0.254746835443038,1.17721518987342,14.7041139240506,13.5316455696203,1.94778481012658,1.06012658227848,26.628164556962,6.72310126582278,87.6424050632911,88.1313291139241,2.62816455696203,5.08544303797468,2.92088607594937,0.00158227848101266,0.0110759493670886,280317.674050633,1.42563291139241,1.51107594936709
"336",81,29,19.0550055005501,29.970297029703,1.92739273927393,0.558855885588559,0.136413641364136,1826.74807480748,135.704070407041,15.8503850385039,4.38833883388339,0.268426842684268,1.13751375137514,14.023102310231,12.7799779977998,1.82068206820682,1.12431243124312,26.2068206820682,6.62706270627063,19.1914191419142,29.1001100110011,2.43454345434543,5.41694169416942,2.22882288228823,0.0033003300330033,0.0055005500550055,290459.651265127,1.45544554455446,1.19251925192519
"337",81,30,56.1107266435986,62.1833910034602,4.36332179930796,0.58477508650519,0.162629757785467,58.4152249134948,56.7093425605536,15.5190311418685,4.19723183391003,0.650519031141868,1.16955017301038,11.3425605536332,13.5951557093426,1.80968858131488,0.802768166089965,25.9377162629758,6.77508650519031,52.3425605536332,59.7474048442907,2.30103806228374,1.4878892733564,2.6643598615917,0.0069204152249135,0.813148788927336,300145.85467128,1.280276816609,1.3356401384083
"338",81,31,34.9688473520249,44.7476635514019,5.04984423676012,3.32398753894081,2.53582554517134,1017.86604361371,85.4548286604361,16.4610591900312,4.24299065420561,0.479750778816199,1.17757009345794,12.5420560747664,13.4454828660436,1.90342679127726,1.3208722741433,28.5140186915888,6.4392523364486,32.8504672897196,43.1433021806854,2.54205607476635,17.6635514018692,2.02180685358255,0.00311526479750779,0.0654205607476635,310161.906542056,1.4797507788162,1.21183800623053
"339",81,32,12.4651162790698,23.5271317829457,0.829457364341085,0,0,29.9302325581395,18.6821705426357,15.4612403100775,4.27131782945736,0.655038759689923,1.13953488372093,10.5271317829457,12.5038759689922,1.91085271317829,0.829457364341085,27.1317829457364,6.73643410852713,9.42248062015504,22.2248062015504,2.58139534883721,1,2.25581395348837,0,0.0232558139534884,320131.821705426,1.36046511627907,1.08139534883721
"340",81,33,12.0687022900763,30.8702290076336,1.75572519083969,0,0,134.954198473282,11.2748091603053,16.4580152671756,4.23664122137405,0.648854961832061,1.12977099236641,17.3206106870229,12.3740458015267,1.90839694656489,0.916030534351145,27.2290076335878,6.69465648854962,11.969465648855,29.3969465648855,2.55725190839695,1,2.63358778625954,0.0152671755725191,0,330066,1.38167938931298,1.29770992366412
"341",81,34,97.1706615532119,97.4276126558006,1.26845637583893,0.0258868648130393,0,4253.41994247363,18.2138063279003,15.6989453499521,4.19079578139981,0.475551294343241,1.11409395973154,14.9549376797699,12.7574304889741,2.18120805369128,0.950143815915628,28.9779482262704,6.68072866730585,97.725790987536,97.928092042186,2.5071907957814,3.3614573346117,2.14860977948226,0.00191754554170662,0.000958772770853308,340556.851390221,1.4333652924257,1.19750719079578
"342",81,35,66.3166666666667,66.46875,2.80416666666667,2.1625,2.0625,99.5541666666667,29.18125,15.5666666666667,4.3,0.497916666666667,1.13333333333333,11.5,14.6875,1.99583333333333,0.814583333333333,24.3229166666667,6.81875,66.5395833333333,66.5166666666667,2.6875,4.10625,2.3625,0,0.216666666666667,350247.914583333,1.25208333333333,1.21458333333333
"343",81,36,52.2245614035088,59.390350877193,2.54429824561404,0.263157894736842,0,2006.48377192982,64.3973684210526,15.4684210526316,4.26447368421053,0.379385964912281,1.09166666666667,14.2828947368421,12.515350877193,2.14517543859649,0.855701754385965,26.7407894736842,6.74429824561404,50.9035087719298,58.2114035087719,2.58201754385965,1.93421052631579,2.04736842105263,0.0043859649122807,0.018859649122807,361154.179385965,1.35043859649123,1.29824561403509
"344",81,37,19.6846095526914,33.2949203942381,2.35936315390447,0.0166793025018954,0,578.266110689917,100.669446550417,15.5526914329037,4.36163760424564,0.369219105382866,1.11827141774071,14.8711144806672,13.0280515542077,1.73540561031084,0.931008339651251,26.2206216830933,6.83927217589083,98.5504169825626,98.6095526914329,2.62699014404852,4.27748294162244,2.3366186504928,0.00303260045489007,0,370665.996209249,1.3805913570887,1.14253222137983
"345",81,38,41.1493506493507,47.3636363636364,1.88311688311688,0.662337662337662,0.642857142857143,234.512987012987,55.1883116883117,15.1168831168831,4.44155844155844,0.545454545454545,1.08441558441558,12.3961038961039,11.8051948051948,1.77922077922078,1.07792207792208,27.012987012987,6.75974025974026,37.2337662337662,45.0974025974026,2.50649350649351,2.55844155844156,2.27272727272727,0,0.324675324675325,380077.779220779,1.38311688311688,1.23376623376623