"","YEAR","STATE","ARR_HOUR","ARR_MIN","CF1","CF2","CF3","CITY","COUNTY","DAY","DAY_WEEK","DRUNK_DR","FATALS","HARM_EV","HOUR","LGT_COND","MAN_COLL","MINUTE","MONTH","NOT_HOUR","NOT_MIN","PERSONS","RAIL","REL_ROAD","SCH_BUS","SP_JUR","ST_CASE","VE_FORMS","WEATHER"
"414",83,2,18.3555555555556,28.8444444444444,5.28148148148148,4.45185185185185,4.4,141.666666666667,111.62962962963,16.0814814814815,4.14074074074074,0.444444444444444,1.11111111111111,13.5555555555556,15.7333333333333,1.84444444444444,1.15555555555556,30.2740740740741,7.05185185185185,17.1259259259259,27.5111111111111,2.61481481481481,6.77777777777778,2.39259259259259,0.0148148148148148,0.0666666666666667,20068,1.44444444444444,1.31111111111111
"415",83,4,39.8181818181818,47.5551948051948,0.652597402597403,0.642857142857143,0.642857142857143,177.555194805195,13.9431818181818,15.2353896103896,4.32142857142857,0.452922077922078,1.09577922077922,12.75,13.2775974025974,1.95779220779221,1.07954545454545,26.7857142857143,6.72402597402597,37.9318181818182,47.4577922077922,2.94642857142857,2.06331168831169,1.91071428571429,0,0.311688311688312,40308.8977272727,1.47564935064935,1.19480519480519
"416",83,5,57.5649484536082,63.3298969072165,0.0762886597938144,0.0123711340206186,0,667.385567010309,79.3422680412371,15.1381443298969,4.16701030927835,0.420618556701031,1.14845360824742,16.2164948453608,13.3134020618557,1.70103092783505,1.00412371134021,26.259793814433,6.79381443298969,57.6783505154639,63.0845360824742,2.6680412371134,6.24329896907216,2.52577319587629,0.00618556701030928,0.0206185567010309,50245.2041237113,1.45154639175258,1.31546391752577
"418",83,8,39.6717428087986,48.989847715736,0.0439932318104907,0,0,311.370558375635,51.7715736040609,15.7241962774958,4.29610829103215,0.622673434856176,1.09306260575296,14.4010152284264,12.8849407783418,1.91201353637902,0.829103214890017,26.7783417935702,6.88494077834179,39.1742808798646,48.4213197969543,2.57021996615905,2.61421319796954,2.98138747884941,0.00338409475465313,0.0761421319796954,80297.4653130288,1.37225042301184,1.22165820642978
"419",83,9,12.6534653465347,32.2722772277228,0.358910891089109,0.0173267326732673,0,755.65099009901,6.55940594059406,15.7970297029703,4.28960396039604,0.475247524752475,1.08415841584158,19.3762376237624,12.2747524752475,2.11633663366337,0.888613861386139,28.8044554455446,6.98514851485149,12.5841584158416,30.3811881188119,2.47524752475248,1.51980198019802,2.48514851485149,0.00247524752475248,0,90202.5,1.43316831683168,1.34158415841584
"420",83,10,12.1428571428571,29.4591836734694,0.112244897959184,0,0,38.6734693877551,2.83673469387755,16.5408163265306,4.45918367346939,0.653061224489796,1.12244897959184,17.9897959183673,12.0102040816327,1.94897959183673,1.16326530612245,26.3571428571429,6.94897959183673,12.0408163265306,29.734693877551,2.86734693877551,1,2.55102040816327,0,0,100049.5,1.5,1.13265306122449
"421",83,11,11.551724137931,28.0172413793103,0,0,0,10,1,15.1034482758621,4.55172413793103,0.413793103448276,1.13793103448276,14.6724137931034,11.5862068965517,2.20689655172414,1.25862068965517,27.3448275862069,6.55172413793103,11.4137931034483,26.1034482758621,2.5,1,1.46551724137931,0,0.0172413793103448,110029.689655172,1.5,1.13793103448276
"422",83,12,14.8434782608696,30.4724637681159,0.214492753623188,0.0869565217391304,0.0819875776397515,1670.06542443064,63.2120082815735,15.4202898550725,4.3055900621118,0.443064182194617,1.11221532091097,14.0674948240166,13.6252587991718,1.9648033126294,1.27784679089027,27.8008281573499,6.66169772256729,14.1333333333333,29.7776397515528,2.81325051759834,3.05879917184265,2.10517598343685,0.0020703933747412,0.00289855072463768,121259.969772257,1.52008281573499,1.20538302277433
"423",83,13,30.1218668971478,41.6629213483146,0.191875540190147,0,0,567.094209161625,138.885911840968,15.343128781331,4.24373379429559,0.428694900605013,1.12013828867761,16.8703543647364,13.3474503025065,1.75108038029386,1.12878133102852,27.5790838375108,6.8314606741573,29.5782195332757,41.5505617977528,2.50907519446845,4.28349178910977,2.57476231633535,0.00518582541054451,0.00432152117545376,130581.051858254,1.48919619706137,1.22731201382887
"424",83,15,11.9172932330827,29.2330827067669,0.075187969924812,0,0,3540.06015037594,3.46616541353383,14.0676691729323,4.33082706766917,0.706766917293233,1.06015037593985,17.5864661654135,11.8571428571429,2.34586466165414,1.00751879699248,28.2481203007519,6.3609022556391,11.7443609022556,32.4210526315789,2.6390977443609,1,2.34586466165414,0,0,150067.759398496,1.38345864661654,1.18045112781955
"425",83,16,10.8008658008658,23.5411255411255,0.0303030303030303,0,0,203.060606060606,42.3246753246753,15.7229437229437,4.20779220779221,0.424242424242424,1.13852813852814,12.7575757575758,13.7316017316017,1.61471861471861,1.04329004329004,27.1255411255411,6.93939393939394,10.8311688311688,23.6320346320346,2.70995670995671,4.58441558441558,2.34199134199134,0.00432900432900433,0.0692640692640693,160117.103896104,1.37662337662338,1.2034632034632
"426",83,17,22.7701232777375,46.4757070340827,1.4394488759971,1.36403190717912,1.36403190717912,1628.07251631617,87.723712835388,15.7425670775925,4.2545322697607,0.464104423495286,1.10659898477157,15.821609862219,12.2530819434373,1.95794053662074,1.10442349528644,26.5083393763597,6.80058013052937,14.6250906453952,29.7846265409717,2.59390862944162,4.57287889775199,2.16461203770848,0.00362581580855693,0.0152284263959391,170697.954314721,1.47715736040609,1.36838288614938
"427",83,18,97.0490867579909,97.296803652968,0.0194063926940639,0,0,803.253424657534,89.2853881278539,15.8207762557078,4.34931506849315,0.350456621004566,1.15981735159817,17.3173515981735,13.0662100456621,1.84246575342466,1.3824200913242,28.4474885844749,6.57762557077626,97.4303652968037,97.6232876712329,2.52054794520548,8.36529680365297,2.68607305936073,0.0045662100456621,0.0045662100456621,180443.535388128,1.51141552511416,1.31506849315068
"428",83,19,16.0022883295195,30.1144164759725,0.160183066361556,0.0160183066361556,0,1056.56750572082,108.922196796339,15.3775743707094,4.2929061784897,0.478260869565217,1.17620137299771,15.4782608695652,13.7757437070938,1.92906178489703,1.4279176201373,27.279176201373,6.82379862700229,14.3821510297483,27.4004576659039,2.73455377574371,2.83981693363844,2.08466819221968,0.0091533180778032,0.0022883295194508,190222.599542334,1.53546910755149,1.55377574370709
"429",83,20,17.1578947368421,31.9085872576177,0.490304709141274,0,0,1200.4432132964,112.396121883657,16.0193905817175,4.29362880886427,0.357340720221607,1.13850415512465,15.5761772853186,15.0526315789474,1.77839335180055,1.09972299168975,29.5457063711911,6.84487534626039,17.0443213296399,31.4570637119114,2.53185595567867,10.2049861495845,2.59279778393352,0.00554016620498615,0.0221606648199446,200181.817174515,1.46814404432133,1.21329639889197
"430",83,21,87.4260869565217,87.4811594202899,0.128985507246377,0,0,737.313043478261,115.020289855072,15.5275362318841,4.43478260869565,0.457971014492754,1.12753623188406,19.6231884057971,12.8086956521739,1.7768115942029,0.939130434782609,26.5188405797101,6.92173913043478,87.6869565217391,87.704347826087,2.66231884057971,1.79710144927536,2.72753623188406,0.00579710144927536,0.0144927536231884,210352.004347826,1.4,1.28260869565217
"431",83,22,16.5011961722488,25.8755980861244,0.00598086124401914,0,0,525.508373205742,63.3277511961723,15.2523923444976,4.28827751196172,0.287081339712919,1.11602870813397,16.9712918660287,13.6471291866029,1.94258373205742,1.23205741626794,27.6255980861244,6.7511961722488,15.6423444976077,25.9724880382775,2.6255980861244,5.25956937799043,2.03468899521531,0.00239234449760766,0.00837320574162679,220422.245215311,1.52153110047847,1.20574162679426
"432",83,23,97.7626262626263,97.7727272727273,0,0,0,5896.82323232323,14.3030303030303,15.9292929292929,4.35353535353535,0.545454545454545,1.13131313131313,18.8434343434343,12.6060606060606,1.85353535353535,0.803030303030303,27.1717171717172,7.08585858585859,98.5757575757576,98.5505050505051,2.34848484848485,1.74747474747475,2.52020202020202,0.00505050505050505,0.0151515151515152,230113.47979798,1.31313131313131,1.53535353535354
"433",83,24,99,99,0.331136738056013,0.326194398682043,0.326194398682043,1097.77594728171,65.7528830313015,15.7215815485997,4.32784184514003,0.466227347611203,1.08072487644152,17.0840197693575,12.7298187808896,1.94892915980231,1.11037891268534,26.9456342668863,7.10214168039539,99,99,2.59308072487644,1.64744645799012,1.91927512355848,0.00164744645799012,0.0197693574958814,240306.377265239,1.46952224052718,1.23064250411862
"434",83,25,94.3801652892562,95.2743801652893,0.236363636363636,0.173553719008264,0.163636363636364,749.447933884298,18.2462809917355,15.5074380165289,4.17851239669421,0.398347107438017,1.07603305785124,19.3537190082645,11.7537190082645,2.19338842975207,0.788429752066116,25.7256198347107,6.75206611570248,92.9504132231405,94.104132231405,2.27438016528926,1,2.39338842975207,0.00661157024793388,0.00495867768595041,250313.439669421,1.35867768595041,1.3801652892562
"435",83,26,35.6996644295302,46.8825503355705,0.134228187919463,0,0,994.835570469799,102.989932885906,15.5427852348993,4.1744966442953,0.531879194630873,1.10234899328859,16.3179530201342,12.5142617449664,1.91694630872483,1.10989932885906,28.7281879194631,6.8238255033557,34.1719798657718,46.7726510067114,2.6988255033557,2.97651006711409,2.45302013422819,0.00503355704697987,0,260602.880872483,1.45973154362416,1.34563758389262
"436",83,27,44.1224899598394,53.6104417670683,0.0261044176706827,0.00200803212851406,0,1878.20080321285,86.8915662650602,16.0622489959839,4.28915662650602,0.546184738955823,1.1144578313253,14.4377510040161,12.2530120481928,1.85140562248996,1.3714859437751,27.2650602409639,7.04216867469879,29.6686746987952,42.5421686746988,2.5421686746988,3.12048192771084,1.99196787148594,0.0140562248995984,0.0321285140562249,270254.248995984,1.50200803212851,1.35341365461847
"437",83,28,23.7252396166134,34.8306709265176,1.43130990415335,0.31629392971246,0.31629392971246,252.552715654952,78.5750798722045,15.5303514376997,4.25399361022364,0.143769968051118,1.14217252396166,17.517571884984,12.5798722044728,1.93929712460064,0.980830670926518,25.2987220447284,6.81309904153355,23.6821086261981,32.8498402555911,2.42332268370607,3.93610223642173,3.33067092651757,0,0.012779552715655,280314.439297125,1.37380191693291,1.37539936102236
"438",83,29,10.6061728395062,25.2839506172839,0.179012345679012,0.0160493827160494,0,1866.68395061728,133.714814814815,15.1962962962963,4.31481481481481,0.312345679012346,1.12469135802469,16.5185185185185,12.1098765432099,1.8283950617284,1.06049382716049,27.6012345679012,6.82345679012346,10.541975308642,25.0012345679012,2.74938271604938,5.38148148148148,2.17654320987654,0.00246913580246914,0.0209876543209877,290407.760493827,1.49012345679012,1.32222222222222
"439",83,30,15.6916996047431,30.8339920948617,0.50197628458498,0.0237154150197628,0,47.5889328063241,57.9644268774704,14.8735177865613,4.16205533596838,0.628458498023715,1.1304347826087,13.3596837944664,12.0513833992095,1.77075098814229,0.640316205533597,24.3438735177866,6.66403162055336,13.1739130434783,27.8221343873518,2.39130434782609,1.699604743083,2.50197628458498,0.00395256916996047,0.529644268774704,300127,1.28853754940711,1.24110671936759
"440",83,31,26.8778280542986,36.4389140271493,0,0,0,754.72850678733,83.89592760181,14.9004524886878,4.19457013574661,0.447963800904977,1.15384615384615,13.4886877828054,11.710407239819,1.67420814479638,1.49321266968326,25.4343891402715,6.65610859728507,25.5746606334842,36.6923076923077,2.63800904977376,7.02262443438914,2.07239819004525,0,0.085972850678733,310111.574660633,1.57013574660633,1.36651583710407
"441",83,32,10.6227272727273,22.8818181818182,0,0,0,35.4409090909091,18.0227272727273,14.8954545454545,4.07272727272727,0.490909090909091,1.15,12.95,12.3272727272727,1.79545454545455,0.795454545454545,26.0681818181818,6.38181818181818,10.5909090909091,25.1045454545455,2.63181818181818,2.48181818181818,2.14545454545455,0,0.0136363636363636,320110.5,1.30454545454545,1.11818181818182
"442",83,33,19.0903614457831,34,0.0903614457831325,0,0,138.355421686747,11.6987951807229,14.066265060241,4.58433734939759,0.518072289156627,1.15060240963855,20.8253012048193,14.5361445783133,2.12048192771084,0.728915662650602,29.8313253012048,7.18674698795181,17.0301204819277,30.7650602409639,2.32530120481928,1,2.33734939759036,0.00602409638554217,0.0481927710843374,330083.5,1.3433734939759,1.25903614457831
"443",83,34,97.3036951501155,97.6420323325635,0.0092378752886836,0,0,4371.59122401848,18.0554272517321,15.8290993071594,4.28983833718245,0.424942263279446,1.07621247113164,17.9491916859122,12.4226327944573,2.14549653579677,0.851039260969977,28.5242494226328,6.93302540415704,98.0658198614319,98.4411085450346,2.56581986143187,1.50577367205543,2.28521939953811,0.0046189376443418,0.0103926096997691,340447.954965358,1.40646651270208,1.22517321016166
"444",83,35,72.0299785867238,73.5396145610278,1.32119914346895,1.27194860813705,1.27194860813705,511.899357601713,27.6980728051392,15.5289079229122,4.42826552462527,0.460385438972163,1.13704496788009,13.1006423982869,14.1777301927195,2.04710920770878,0.860813704496788,24.9850107066381,7.00642398286938,71.7922912205567,73.7408993576017,2.74518201284797,1.84154175588865,2.22698072805139,0,0.291220556745182,350237.218415418,1.34047109207709,1.32762312633833
"445",83,36,49.9577685088634,57.3331595411887,0.0333680917622523,0,0,1954.35766423358,63.9103232533889,15.4614181438999,4.20594369134515,0.325860271115746,1.08289885297185,16.6433785192909,12.9139728884254,1.98435870698644,0.788842544316997,26.9906152241919,6.87643378519291,49.6903023983316,56.7492179353493,2.61522419186653,1.45046923879041,2.35401459854015,0.00521376433785193,0.0119916579770594,360971.43274244,1.37539103232534,1.30761209593326
"446",83,37,19.1717451523546,32.9649122807018,0,0,0,589.697137580794,101.59649122807,15.7636195752539,4.33333333333333,0.475530932594645,1.13942751615882,17.7765466297322,13.5004616805171,1.69713758079409,1.01939058171745,26.7940904893813,6.76269621421976,96.5180055401662,96.8901200369344,2.83471837488458,4.05909510618652,2.17913204062789,0.00369344413665743,0,370547.125577101,1.46814404432133,1.22068328716528
"447",83,38,58.6285714285714,62.5714285714286,0,0,0,274.380952380952,51.5142857142857,16.0666666666667,3.97142857142857,0.542857142857143,1.1047619047619,13.3619047619048,13.8285714285714,1.64761904761905,1.05714285714286,28.6190476190476,7.16190476190476,60.0857142857143,63.752380952381,2.71428571428571,1.58095238095238,2.31428571428571,0.00952380952380952,0.285714285714286,380053.285714286,1.4,1.2
"448",83,39,98.6468926553672,98.7196327683616,0.0564971751412429,0,0,1552.30508474576,86.2231638418079,15.6737288135593,4.26129943502825,0.45409604519774,1.11723163841808,18.5162429378531,12.3728813559322,1.90183615819209,1.12005649717514,27.9774011299435,7.04661016949153,98.6391242937853,98.7379943502825,2.5861581920904,6.7090395480226,2.60522598870056,0.00353107344632768,0.00141242937853107,390747.690677966,1.43079096045198,1.32697740112994
"449",83,40,93.4805555555556,94.4472222222222,0.00416666666666667,0,0,1315.17361111111,84.8305555555555,15.8819444444444,4.32777777777778,0.440277777777778,1.17777777777778,18.25,13.2722222222222,1.68055555555556,1.41388888888889,25.7291666666667,6.53888888888889,93.5875,94.5708333333333,2.59583333333333,3.50416666666667,2.20694444444444,0,0.00555555555555556,400361.955555556,1.51527777777778,1.25833333333333
"450",83,41,19.8865979381443,31.7463917525773,0.0721649484536082,0,0,359.437113402062,36.2907216494845,15.5443298969072,4.32989690721649,0.498969072164948,1.1340206185567,14.9567010309278,15.9546391752577,1.81443298969072,1.05773195876289,29.7237113402062,6.94020618556701,19.8185567010309,31.5134020618557,2.70927835051546,1.08659793814433,2.22680412371134,0.00206185567010309,0.150515463917526,410244.517525773,1.44742268041237,1.41030927835052
"451",83,42,99,99,0.0136010362694301,0,0,1831.85492227979,61.8678756476684,15.714378238342,4.36658031088083,0.367227979274611,1.11463730569948,19.3983160621762,12.4676165803109,1.91386010362694,1.1729274611399,98.9041450777202,6.94041450777202,99,99,2.63665803108808,1.97538860103627,2.74805699481865,0.00323834196891192,0,420781.910621762,1.4889896373057,1.35816062176166
"452",83,44,53.8125,59.4895833333333,0.0104166666666667,0,0,665.145833333333,5.9375,16.0520833333333,4.54166666666667,0.416666666666667,1.04166666666667,18.625,12.40625,2.23958333333333,0.864583333333333,32.3958333333333,7.17708333333333,54.0729166666667,61.375,2.36458333333333,1,2.48958333333333,0.0104166666666667,0,440049.822916667,1.36458333333333,1.29166666666667
"453",83,45,12.5791610284168,26.6820027063599,0,0,0,263.901217861976,48.4749661705007,15.3504736129905,4.45196211096076,0.411366711772666,1.14208389715832,17.212449255751,13.1096075778078,1.75236806495264,1.06089309878214,25.82949932341,6.81461434370771,12.8064952638701,27.1041948579161,2.26657645466847,4.20703653585927,2.18538565629229,0.0027063599458728,0,450374.280108254,1.38565629228687,1.23139377537212
"454",83,46,46.6802721088435,53.5374149659864,0,0,0,196.190476190476,76.1972789115646,15.5714285714286,4.25170068027211,0.476190476190476,1.19047619047619,13.4285714285714,15.1700680272109,1.87755102040816,1.05442176870748,27.5374149659864,6.7687074829932,45.4965986394558,53.4421768707483,2.62585034013605,1.25850340136054,1.96598639455782,0.00680272108843537,0.340136054421769,460077.149659864,1.46258503401361,1.52380952380952
"455",83,47,33.4624591947769,46.5168661588683,0.285092491838955,0.107725788900979,0.107725788900979,685.314472252448,100.357997823721,15.7606093579978,4.37867247007617,0.545157780195865,1.12840043525571,17.9706202393906,14.1120783460283,1.93144722524483,1.05875952121872,27.6169749727965,6.8683351468988,33.5832426550598,45.3841131664853,2.44613710554951,4.39499455930359,2.73014145810664,0.00217627856365615,0.00326441784548422,470474.002176279,1.45919477693145,1.32535364526659
"456",83,48,21.2818509615385,31.3209134615385,0.0279447115384615,0,0,1894.4609375,231.241586538462,15.4122596153846,4.25570913461539,0.287259615384615,1.14873798076923,15.3762019230769,12.6646634615385,1.82451923076923,1.11448317307692,26.7352764423077,6.71123798076923,21.2779447115385,31.6153846153846,2.47746394230769,4.31129807692308,1.95072115384615,0.00270432692307692,0.00540865384615385,481666.662860577,1.42457932692308,1.15174278846154
"457",83,49,51.9328063241107,60.3438735177866,0.0276679841897233,0,0,848.071146245059,33.9090909090909,15.6600790513834,4.22134387351779,0.347826086956522,1.11857707509881,10.901185770751,12.6205533596838,1.87351778656126,1.06324110671937,27.6284584980237,6.53359683794466,46.8893280632411,56.6521739130435,2.97233201581028,10.1541501976285,1.93675889328063,0.00395256916996047,0.0355731225296443,490127.063241107,1.43873517786561,1.31225296442688
"458",83,50,90.1034482758621,90.816091954023,1.20689655172414,1.13793103448276,1.13793103448276,1493.68965517241,16.9310344827586,17.0919540229885,4.67816091954023,0.666666666666667,1.08045977011494,19.2413793103448,12.5172413793103,1.70114942528736,0.96551724137931,27.9655172413793,7.05747126436782,93.1954022988506,94.8275862068966,2.74712643678161,6.60919540229885,2.64367816091954,0,0,500044.229885057,1.37931034482759,1.55172413793103
"459",83,51,93.6102117061021,93.692403486924,0.0074719800747198,0,0,473.824408468244,253.52303860523,16.2889165628892,4.35242839352428,0.476961394769614,1.12204234122042,18.4682440846824,12.9053549190535,1.78455790784558,1.07222914072229,27.8692403486924,7.00622665006227,93.8493150684932,93.8841843088418,2.32876712328767,3.38356164383562,2.66625155666252,0.0049813200498132,0.0136986301369863,510405.900373599,1.41718555417186,1.2453300124533
"460",83,53,15.0732484076433,28.9777070063694,0.103503184713376,0,0,465.920382165605,42.0414012738853,15.640127388535,4.27388535031847,0.547770700636943,1.11146496815287,16.2834394904459,12.6305732484076,1.81210191082803,0.96656050955414,25.75,6.86624203821656,14.8757961783439,27.9777070063694,2.53184713375796,1.76592356687898,2.53503184713376,0.00159235668789809,0.156050955414013,530316.917197452,1.42197452229299,1.25
"461",83,54,11.7361477572559,27.3693931398417,0.00527704485488127,0,0,325.097625329815,51.9868073878628,15.0448548812665,4.19261213720317,0.511873350923483,1.12137203166227,17.3984168865435,15.3931398416887,1.73614775725594,1.06596306068602,27.5250659630607,6.75461741424802,11.7150395778364,23.4934036939314,2.59630606860158,1.73087071240106,2.60949868073879,0,0,540190.17414248,1.41160949868074,1.34036939313984
"462",83,55,31.5555555555556,43.7021604938272,0.0200617283950617,0,0,782.422839506173,76.0216049382716,15.2283950617284,4.06481481481481,0.617283950617284,1.11882716049383,16.6219135802469,12.5324074074074,1.84722222222222,1.22839506172839,27.8533950617284,7.02160493827161,27.8472222222222,39.6049382716049,2.41203703703704,2.54938271604938,2.54320987654321,0.00617283950617284,0.0231481481481481,550325.375,1.44753086419753,1.37654320987654
"463",83,56,24.7697368421053,36.0657894736842,0.0986842105263158,0,0,55.9605263157895,21.9736842105263,14.2960526315789,4.50657894736842,0.5,1.13815789473684,9.33552631578947,15.3289473684211,1.79605263157895,0.703947368421053,24.8421052631579,7.05921052631579,19.0526315789474,32.6578947368421,2.44736842105263,1,2.53289473684211,0,0.138157894736842,560076.5,1.28289473684211,1.32236842105263
"464",84,1,14.2,28.1060975609756,0.614634146341463,0.490243902439024,0.482926829268293,562.767073170732,76.1536585365854,15.8536585365854,4.39390243902439,0.429268292682927,1.13658536585366,17.9256097560976,12.6182926829268,1.78292682926829,1.2,25.9487804878049,6.80731707317073,60.7109756097561,67.4353658536585,2.7109756097561,2.89878048780488,2.7780487804878,0.00121951219512195,0,10413.3487804878,1.49146341463415,1.21829268292683
"465",84,2,18.4583333333333,31.2416666666667,0.883333333333333,0.825,0.825,258.358333333333,112.216666666667,15.1083333333333,4.23333333333333,0.575,1.11666666666667,12.375,16.0666666666667,2.025,1.11666666666667,29.2333333333333,6.76666666666667,18.375,29.8666666666667,2.70833333333333,12.975,2.4,0,0,20060.5,1.425,1.475
"466",84,4,45.5933926302414,53.3964421855146,0.65438373570521,0.628970775095299,0.628970775095299,179.129606099111,14.3036848792884,15.6937738246506,4.14739517153748,0.40279542566709,1.10419313850064,13.7712833545108,12.6429479034308,1.86912325285896,1.0864040660737,26.7890724269377,6.78017789072427,43.7090216010165,51.8742058449809,2.83100381194409,1.54129606099111,2.05082592121982,0.00127064803049555,0.282083862770013,40395.1905972046,1.45108005082592,1.09911054637865
"467",84,5,21.5487288135593,35.103813559322,0.165254237288136,0.00423728813559322,0,829.536016949153,81.021186440678,16.3559322033898,4.21186440677966,0.677966101694915,1.11228813559322,16.4618644067797,13.9724576271186,1.76483050847458,1.16101694915254,26.103813559322,6.90889830508475,20.0190677966102,33.6822033898305,2.70974576271186,10.3792372881356,2.47245762711864,0.00423728813559322,0.0233050847457627,50238.186440678,1.45974576271186,1.40677966101695
"469",84,8,25.6648250460405,37.3499079189687,0.0313075506445672,0,0,331.377532228361,54.3959484346225,15.5911602209945,4.29834254143646,0.58195211786372,1.11970534069982,14.7753222836096,13.7476979742173,1.95764272559853,0.955801104972376,27.0902394106814,7.23941068139963,25.780847145488,37.0920810313076,2.6353591160221,3.10128913443831,2.86187845303867,0,0.0220994475138122,80272.2044198895,1.43462246777164,1.35174953959484
"470",84,9,16.5819861431871,32.715935334873,0.399538106235566,0,0,625.177829099307,10.9260969976905,15.4295612009238,4.00230946882217,0.549653579676674,1.08314087759815,19.0577367205543,12.1454965357968,2.18706697459584,1.06235565819861,29.9214780600462,6.97228637413395,15.1709006928406,32.1824480369515,2.5080831408776,2.21247113163972,2.32332563510393,0.0023094688221709,0,90220.2424942263,1.47575057736721,1.28637413394919
"471",84,10,11.4237288135593,26.0677966101695,0.220338983050847,0,0,44.0254237288136,3.25423728813559,15.2118644067797,4.1271186440678,0.440677966101695,1.10169491525424,16.1016949152542,11.6525423728814,1.84745762711864,1.16949152542373,25.6610169491525,7.66949152542373,11.3220338983051,26.4406779661017,2.5,3.3728813559322,2.1864406779661,0.00847457627118644,0,100060.288135593,1.49152542372881,1.29661016949153
"472",84,11,12.1964285714286,23.5714285714286,0,0,0,10,1,13.3035714285714,4.08928571428571,0.357142857142857,1.14285714285714,15.9464285714286,11.8571428571429,2.16071428571429,0.892857142857143,29.7142857142857,7.46428571428571,11.9285714285714,31.0714285714286,2.41071428571429,1,1.96428571428571,0.0357142857142857,0.0178571428571429,110029.446428571,1.42857142857143,1.30357142857143
"473",84,12,12.7216777734222,28.874558996472,0.119560956487652,0.00235201881615053,0,1697.46452371619,64.0043120344963,15.6201489611917,4.21050568404547,0.530772246177969,1.1030968247746,14.0791846334771,13.0517444139553,1.93688749509996,1.33006664053312,27.3927871422971,6.55703645629165,12.6354370834967,28.4578596628773,2.78479027832223,3.1030968247746,2.09486475891807,0.00235201881615053,0.00117600940807526,121284.637789102,1.52371618972952,1.25009800078401
"474",84,13,27.2793650793651,39.5301587301587,0.161904761904762,0.0142857142857143,0.000793650793650794,608.157936507936,141.45873015873,15.7984126984127,4.35396825396825,0.442063492063492,1.11904761904762,16.9563492063492,13.8396825396825,1.75238095238095,1.12857142857143,28.3190476190476,6.79206349206349,26.9190476190476,39.6039682539683,2.39761904761905,4.04603174603175,2.78095238095238,0.00158730158730159,0.00793650793650794,130632.478571429,1.4547619047619,1.23412698412698
"475",84,15,12.7984496124031,32.4806201550388,0,0,0,3364.65891472868,3.68217054263566,16.5426356589147,4.03100775193798,0.589147286821705,1.06976744186047,17.0697674418605,13.5038759689922,2.27131782945736,0.937984496124031,28.2170542635659,6.44186046511628,11.5658914728682,29.4651162790698,2.8062015503876,1,2.22480620155039,0,0.00775193798449612,150065.899224806,1.45736434108527,1.10077519379845
"476",84,16,11.6511627906977,25.6279069767442,0.0186046511627907,0,0,135.348837209302,40.5813953488372,16.6372093023256,4.16744186046512,0.395348837209302,1.12558139534884,12.4604651162791,14.4744186046512,1.70232558139535,1.14883720930233,27.0139534883721,6.97209302325581,11.5674418604651,26.6279069767442,2.7906976744186,11.7767441860465,2.27441860465116,0,0.0883720930232558,160109.186046512,1.4093023255814,1.18604651162791
"477",84,17,21.2086642599278,44.113357400722,0.311913357400722,0.214440433212996,0.214440433212996,1681.0844765343,83.8072202166065,16.1126353790614,4.21877256317689,0.454873646209386,1.11696750902527,15.7285198555957,13.0635379061372,2,1.17617328519856,27.6584837545126,6.95451263537906,14.0808664259928,30.1465703971119,2.65776173285199,4.55523465703971,2.11985559566787,0.00433212996389892,0.00144404332129964,170700.757400722,1.46931407942238,1.45992779783394
"478",84,18,50.9116945107399,59,0.238663484486873,0.236276849642005,0.236276849642005,866.631264916468,89.3651551312649,15.8126491646778,4.36276849642005,0.394988066825776,1.10381861575179,18.0441527446301,13.4391408114558,1.84606205250597,1.12768496420048,28.1050119331742,6.90811455847255,50.7100238663485,59.1778042959427,2.5417661097852,8.41050119331742,2.92482100238664,0.0035799522673031,0,180429.755369928,1.49403341288783,1.3090692124105
"479",84,19,14.9547872340426,29.311170212766,0.0319148936170213,0,0,996.824468085106,110.324468085106,15.8882978723404,4.42553191489362,0.473404255319149,1.11702127659574,15.5957446808511,13.2526595744681,1.79255319148936,1.39627659574468,28.3271276595745,7.19946808510638,13.3696808510638,28.811170212766,2.61170212765957,4.74734042553191,2.14627659574468,0.00797872340425532,0.00265957446808511,190192.710106383,1.50265957446809,1.51329787234043
"480",84,20,14.3170731707317,29.569844789357,0.082039911308204,0,0,1117.74944567627,116.631929046563,15.4656319290466,4.43458980044346,0.376940133037694,1.13082039911308,15.5254988913525,13.5210643015521,1.79822616407982,1.29490022172949,28.8980044345898,7.2549889135255,14.5432372505543,31.0243902439024,2.51441241685144,8.27716186252772,2.31707317073171,0,0.00886917960088692,200229.075388027,1.46563192904656,1.22394678492239
"481",84,21,44.8382789317507,52.326409495549,0.237388724035608,0.146884272997033,0.146884272997033,665.759643916914,114.442136498516,16.326409495549,4.28189910979228,0.416913946587537,1.1186943620178,18.8783382789317,13.1795252225519,1.63353115727003,1.03560830860534,26.4910979228487,6.8486646884273,43.9940652818991,53.1483679525223,2.68991097922849,2.00148367952522,2.80712166172107,0.00890207715133531,0.00445103857566766,210343.887240356,1.4673590504451,1.24777448071217