"","YEAR","STATE","ARR_HOUR","ARR_MIN","CF1","CF2","CF3","CITY","COUNTY","DAY","DAY_WEEK","DRUNK_DR","FATALS","HARM_EV","HOUR","LGT_COND","MAN_COLL","MINUTE","MONTH","NOT_HOUR","NOT_MIN","PERSONS","RAIL","REL_ROAD","SCH_BUS","SP_JUR","ST_CASE","VE_FORMS","WEATHER"
"482",84,22,24.6587677725118,37.3898104265403,0.0177725118483412,0,0,563.671800947867,64.260663507109,15.5710900473934,4.21327014218009,0.337677725118483,1.13862559241706,16.6658767772512,12.6090047393365,1.90995260663507,1.08530805687204,26.5450236966825,6.6042654028436,23.8127962085308,36.9905213270142,2.63270142180095,9.01777251184834,2.12322274881517,0.00118483412322275,0.0390995260663507,220423.927725118,1.43009478672986,1.22037914691943
"483",84,23,30.9241706161137,46.9052132701422,0.109004739336493,0,0,5456.09952606635,13.7298578199052,14.1279620853081,4.33649289099526,0.530805687203792,1.09952606635071,18.8767772511848,12.4834123222749,1.75355450236967,0.796208530805687,30.260663507109,6.93838862559242,31.0568720379147,48.2748815165877,2.61137440758294,4.07582938388626,2.41706161137441,0,0,230110.255924171,1.3696682464455,1.46445497630332
"484",84,24,16.6241496598639,33.7397959183673,0.0170068027210884,0,0,1060.56802721088,73.9931972789116,15.7380952380952,4.05272108843537,0.42687074829932,1.09353741496599,17.3316326530612,12.547619047619,2.04421768707483,1.02210884353742,27.5238095238095,7.03401360544218,15.5068027210884,31.3741496598639,2.37074829931973,3.96598639455782,2.04251700680272,0.00340136054421769,0.0204081632653061,240295.525510204,1.44047619047619,1.2312925170068
"485",84,25,93.7121710526316,94.6233552631579,0.0197368421052632,0,0,803.266447368421,19.6644736842105,15.1233552631579,4.04276315789474,0.422697368421053,1.09539473684211,19.3240131578947,12.2582236842105,2.18914473684211,0.894736842105263,26.2417763157895,6.88486842105263,92.3700657894737,93.7779605263158,2.28947368421053,1.43421052631579,2.32565789473684,0.00328947368421053,0.00328947368421053,250310.958881579,1.42269736842105,1.41776315789474
"486",84,26,34.4824561403509,46.6103801169591,0.0614035087719298,0,0,991.009502923977,102.354532163743,15.844298245614,4.19298245614035,0.490497076023392,1.11915204678363,16.4093567251462,13.6366959064327,1.83479532163743,1.24122807017544,28.734649122807,7.02850877192982,32.0979532163743,44.9115497076023,2.64473684210526,2.9890350877193,2.59137426900585,0.00584795321637427,0.00146198830409357,260689.730994152,1.5233918128655,1.3859649122807
"487",84,27,42.2823984526112,53.2553191489362,0.0174081237911025,0,0,1408.00580270793,82.2998065764023,16.1199226305609,4.2495164410058,0.564796905222437,1.1257253384913,14.6092843326886,14.6286266924565,1.95357833655706,1.36170212765957,29.7079303675048,7.02901353965184,30.0947775628627,43.9477756286267,2.61315280464217,2.95164410058027,2.08317214700193,0.00386847195357834,0.0735009671179884,270261.379110251,1.52030947775629,1.43520309477756
"488",84,28,14.2558922558923,33.5050505050505,0,0,0,327.223905723906,76.7306397306397,15.3686868686869,4.2996632996633,0.127946127946128,1.14309764309764,15.7744107744108,12.956228956229,1.70875420875421,1.16329966329966,25.1868686868687,6.99326599326599,14.3030303030303,27.9006734006734,2.48653198653199,7.94612794612795,3.05555555555556,0.00336700336700337,0.00336700336700337,280298.367003367,1.44781144781145,1.34511784511785
"489",84,29,13.8763376932224,29.3151010701546,0.0784780023781213,0.00713436385255648,0,1914.81807372176,134.680142687277,15.1391200951249,4.26040428061831,0.335315101070155,1.14982164090369,17.5695600475624,12.8382877526754,1.71343638525565,1.18430439952438,27.6575505350773,6.77764565992866,13.9512485136742,28.6206896551724,2.59453032104637,6.69678953626635,2.27229488703924,0.00713436385255648,0.00951248513674197,290422.35196195,1.49464922711058,1.31272294887039
"490",84,30,15.1274509803922,29.1127450980392,0.181372549019608,0.0490196078431373,0,74.1764705882353,57.3137254901961,15.5441176470588,4.27941176470588,0.598039215686274,1.16666666666667,12.6519607843137,14.8382352941176,1.69607843137255,0.71078431372549,25.5147058823529,6.43137254901961,14.3921568627451,27.4803921568627,2.80392156862745,2.2843137254902,2.68627450980392,0.00980392156862745,0.392156862745098,300103.284313725,1.31862745098039,1.34803921568627
"491",84,31,25.392,36.172,0.076,0,0,936.12,92.272,14.896,4.356,0.372,1.14,13.348,14.236,1.776,1.256,25.384,6.936,22.084,33.196,2.608,8.58,2.236,0,0.024,310126.872,1.492,1.316
"492",84,32,11.0093023255814,23.446511627907,0.0465116279069767,0,0,36.1906976744186,25.1302325581395,14.6418604651163,3.88372093023256,0.488372093023256,1.15813953488372,12.3674418604651,13,1.70232558139535,1.01860465116279,26.3348837209302,6.62325581395349,10.9348837209302,24.0418604651163,2.83720930232558,1,2.05581395348837,0,0.0186046511627907,320111.03255814,1.4093023255814,1.09767441860465
"493",84,33,18.1337209302326,33.1337209302326,0.0348837209302326,0,0,127.982558139535,11.3372093023256,14.3953488372093,4.32558139534884,0.47093023255814,1.11627906976744,21.546511627907,15.3139534883721,1.82558139534884,0.88953488372093,28.6802325581395,7.19186046511628,40.9186046511628,50.3779069767442,2.26162790697674,3.80813953488372,2.81395348837209,0,0.0813953488372093,330091.465116279,1.40697674418605,1.43604651162791
"494",84,34,97.7217694994179,97.9150174621653,0.00814901047729918,0,0,4616.73457508731,17.9732246798603,16.0919674039581,4.0267753201397,0.351571594877765,1.07334109429569,16.9930151338766,13.0279394644936,2.0244470314319,0.983701979045402,29.0186263096624,6.86263096623981,98.3923166472643,98.5832363213038,2.54481955762515,1.10593713620489,2.0337601862631,0.00582072176949942,0.010477299185099,340467.533178114,1.45983701979045,1.25960419091967
"495",84,35,81.4084507042254,83.6056338028169,0.00938967136150235,0,0,305.699530516432,25.6901408450704,14.7253521126761,4.16431924882629,0.514084507042254,1.16666666666667,11.4577464788732,14.6361502347418,1.95305164319249,0.847417840375587,27.2887323943662,6.72300469483568,81.8145539906103,83.9507042253521,2.82394366197183,1.03521126760563,2.36150234741784,0,0.119718309859155,350215.286384977,1.34037558685446,1.22065727699531
"496",84,36,50.754506892895,58.0731707317073,0.100212089077413,0,0,1888.69300106045,63.0031813361612,15.9713679745493,4.18663838812301,0.336161187698834,1.09225874867444,16.4162248144221,12.7958642629905,1.97348886532344,0.918875927889714,27.2720042417815,6.87539766702015,50.3594909862142,57.3828207847296,2.70943796394486,1.45334040296925,2.32926829268293,0.00530222693531283,0.0132555673382821,360961.823966066,1.44167550371156,1.34729586426299
"497",84,37,19.4872192099148,32.7381874515879,0.00542215336948102,0,0,613.091402013943,100.104570100697,15.6374903175833,4.30441518202943,0.453137103020914,1.12316034082107,17.5739736638265,13.6467854376452,1.74051123160341,1.06041828040279,26.6808675445391,6.92873741285825,95.8040278853602,96.129357087529,2.73896204492641,4.35398915569326,2.17893106119287,0.00542215336948102,0.00232378001549187,370650.936483346,1.4585592563904,1.23082881487219
"498",84,38,61.6704545454545,68.6704545454545,0.0227272727272727,0,0,365.681818181818,61.9090909090909,15.25,4.17045454545455,0.431818181818182,1.13636363636364,11.3636363636364,13.6136363636364,1.79545454545455,1.125,26.7727272727273,7.36363636363636,62.5340909090909,67.7386363636364,2.96590909090909,4.19318181818182,2.29545454545455,0.0227272727272727,0.329545454545455,380045.454545455,1.44318181818182,1.15909090909091
"499",84,39,98.8891142663962,98.9114266396214,0.00338066260987153,0,0,1312.79648411089,85.5828262339419,15.9107505070994,4.17579445571332,0.469912102772143,1.11291413116971,18.7146720757268,12.3982420554429,1.88708586883029,1.22650439486139,28.1609195402299,6.973630831643,99,99,2.56389452332657,7.59026369168357,2.9290060851927,0.00473292765382015,0.00540906017579446,390776.102772143,1.47396889790399,1.32454361054767
"500",84,40,45.753979739508,55.4066570188133,0.0622286541244573,0,0,1286.07380607815,87.8914616497829,15.8986975397974,4.30101302460203,0.384949348769899,1.1534008683068,17.068017366136,13.05499276411,1.67583212735166,1.57452966714906,26.8408104196816,6.65846599131693,46.273516642547,55.6685962373372,2.58755426917511,10.0231548480463,1.96092619392185,0.00289435600578871,0.0332850940665702,400346.945007236,1.5629522431259,1.26772793053546
"501",84,41,18.951171875,30.712890625,0.033203125,0,0,358.224609375,36.125,16.14453125,4.3359375,0.455078125,1.1171875,15.484375,17.03515625,1.77734375,1.0078125,29.05078125,6.8828125,18.296875,30.197265625,2.697265625,4.44140625,2.390625,0.00390625,0.033203125,410265.1953125,1.447265625,1.306640625
"502",84,42,98.9475032010243,98.9366197183099,0.133162612035851,0.126760563380282,0.126760563380282,1551.152368758,64.416133162612,15.7746478873239,4.16709346991037,0.345710627400768,1.1056338028169,18.6075544174136,12.314980793854,1.93213828425096,1.16325224071703,98.8758002560819,6.81434058898848,99,99,2.66581306017926,2.19654289372599,2.56274007682458,0.0057618437900128,0.000640204865556978,420791.308578745,1.47631241997439,1.49807938540333
"503",84,44,32.04,47.2266666666667,0.04,0,0,915.413333333333,6.52,14.32,4.14666666666667,0.586666666666667,1.05333333333333,18.9066666666667,11.9866666666667,2.22666666666667,0.88,28.7066666666667,6.98666666666667,31.9866666666667,46.6,2.30666666666667,1,2.36,0,0.106666666666667,440038.106666667,1.29333333333333,1.22666666666667
"504",84,45,13.630487804878,29.05,0.0170731707317073,0,0,188.410975609756,47.5048780487805,15.9060975609756,4.47682926829268,0.332926829268293,1.11707317073171,17.0085365853659,13.5317073170732,1.70121951219512,1.18780487804878,26.6951219512195,7.00853658536585,13.5573170731707,27.4280487804878,2.46463414634146,7.48292682926829,2.20365853658537,0.00365853658536585,0.0134146341463415,450414.726829268,1.42926829268293,1.22317073170732
"505",84,46,27.969696969697,40.6818181818182,1.53787878787879,1.5,1.5,380.530303030303,73.8939393939394,15.3106060606061,4.29545454545455,0.507575757575758,1.08333333333333,13.9318181818182,16.3409090909091,1.8030303030303,0.96969696969697,27.6818181818182,7.15909090909091,29.3939393939394,42.4318181818182,2.37878787878788,4.72727272727273,2.31818181818182,0.00757575757575758,0.393939393939394,460067.916666667,1.38636363636364,1.28787878787879
"506",84,47,31.9767676767677,45.0080808080808,0.108080808080808,0,0,670.678787878788,93.1292929292929,15.8838383838384,4.2010101010101,0.494949494949495,1.10606060606061,17.8828282828283,14.0545454545455,1.93131313131313,1.05353535353535,29.0626262626263,6.81212121212121,32.0515151515152,44.3232323232323,2.40505050505051,1.88080808080808,2.74848484848485,0.00404040404040404,0.00303030303030303,470506.193939394,1.47171717171717,1.30707070707071
"507",84,48,23.3353535353535,33.9864357864358,0.00548340548340548,0,0,1916.97575757576,235.235497835498,15.3549783549784,4.17373737373737,0.283694083694084,1.12900432900433,14.9650793650794,12.8103896103896,1.78239538239538,1.11457431457431,26.8152958152958,6.70591630591631,23.2239538239538,33.8430014430014,2.44040404040404,6.22077922077922,1.96017316017316,0.00144300144300144,0.00779220779220779,481735.204329004,1.41096681096681,1.15122655122655
"508",84,49,58.9817518248175,65.9744525547445,0.0145985401459854,0,0,692.624087591241,32.4087591240876,15.9087591240876,4.17883211678832,0.394160583941606,1.14963503649635,10.4890510948905,13.7554744525547,1.72627737226277,1.21532846715328,27.0620437956204,6.98175182481752,53.2883211678832,61.1021897810219,2.97445255474453,2.67153284671533,2.36131386861314,0.0109489051094891,0,490144.434306569,1.47445255474453,1.2992700729927
"509",84,50,90.5816326530612,91.5408163265306,0.0102040816326531,0.0612244897959184,0,1629.4387755102,16.3061224489796,16.4897959183673,4.52040816326531,0.591836734693878,1.16326530612245,19.7755102040816,17.1020408163265,1.72448979591837,0.704081632653061,29.8673469387755,6.26530612244898,93.2244897959184,93.9489795918367,2.57142857142857,5.92857142857143,2.87755102040816,0,0,500049.5,1.35714285714286,1.30612244897959
"510",84,51,98.8251900108578,98.7991313789359,0.0412595005428882,0,0,415.754614549403,239.390879478827,15.5917480998914,4.16938110749186,0.478827361563518,1.09989142236699,18.4256243213898,12.928338762215,1.85776330076004,1.05211726384365,27.4223669923996,6.8914223669924,98.8230184581976,98.8990228013029,2.47339847991314,2.66449511400651,2.77741585233442,0.00434310532030402,0.00868621064060804,510466.737242128,1.44625407166124,1.21932681867535
"511",84,53,13.0148367952522,28.946587537092,0.0608308605341246,0,0,398.793768545994,42.6632047477745,15.7492581602374,4.12017804154303,0.565281899109792,1.10682492581602,16.1498516320475,12.4436201780415,1.74035608308605,0.940652818991098,26.6350148367953,6.86943620178042,13.0237388724036,27.8501483679525,2.51632047477745,1.68842729970326,2.5727002967359,0.00148367952522255,0.120178041543027,530341.823442137,1.43323442136499,1.29673590504451
"512",84,54,11.5658914728682,27.7674418604651,0.0490956072351421,0,0,274.519379844961,51.2894056847545,15.1963824289406,4.31782945736434,0.454780361757106,1.13178294573643,17.0697674418605,13.8914728682171,1.68475452196382,0.968992248062015,26.3875968992248,6.85529715762274,11.5968992248062,27.9974160206718,2.61240310077519,1.83462532299742,2.39276485788114,0.00516795865633075,0.020671834625323,540194.302325581,1.47286821705426,1.33074935400517
"513",84,55,15.2059659090909,28.6789772727273,0.0994318181818182,0,0,770.724431818182,74.2102272727273,15.5710227272727,4.07954545454545,0.582386363636364,1.16761363636364,16.9119318181818,13.5582386363636,1.81107954545455,1.27840909090909,28.4744318181818,7.15767045454545,13.7159090909091,28.4985795454545,2.41335227272727,5.14914772727273,2.56676136363636,0.00142045454545455,0.00852272727272727,550355.705965909,1.46590909090909,1.47727272727273
"514",84,56,22.5285714285714,36,0.0428571428571429,0,0,54.7857142857143,22.2,16.5857142857143,4.32142857142857,0.592857142857143,1.12142857142857,10.0714285714286,13.2071428571429,1.64285714285714,0.985714285714286,25.1214285714286,7.25,18.2785714285714,32.9357142857143,2.78571428571429,1,2.3,0,0.0357142857142857,560070.5,1.44285714285714,1.5
"515",85,1,13.5096525096525,28.989703989704,0.253539253539254,0.127413127413127,0.127413127413127,594.827541827542,72.021879021879,15.7271557271557,4.31274131274131,0.351351351351351,1.13513513513514,17.951093951094,12.5083655083655,1.71171171171171,1.17760617760618,25.996138996139,6.79150579150579,46.3886743886744,55.0707850707851,2.70527670527671,3.10939510939511,2.88674388674389,0.00257400257400257,0.00128700128700129,10394.2252252252,1.48262548262548,1.23166023166023
"516",85,2,28.1588785046729,39.6355140186916,0.0560747663551402,0,0,204.654205607477,117.542056074766,14.3551401869159,4.14018691588785,0.560747663551402,1.18691588785047,11.5981308411215,12.803738317757,2.17757009345794,1.35514018691589,27.6915887850467,7.01869158878505,29.1588785046729,40.9252336448598,3.22429906542056,1,2,0.00934579439252336,0.0467289719626168,20057.9065420561,1.57009345794393,1.33644859813084
"517",85,4,44.1010230179028,52.6675191815857,0.666240409207161,0.632992327365729,0.632992327365729,179.867007672634,14.2314578005115,16.0946291560102,4.21867007672634,0.457800511508951,1.14194373401535,13.1432225063939,13.1751918158568,1.89769820971867,1.15089514066496,27.5856777493606,6.54347826086957,39.5447570332481,48.4757033248082,2.97953964194373,2.44373401534527,2.01278772378517,0.00639386189258312,0.232736572890026,40393.9130434783,1.49104859335038,1.11892583120205
"518",85,5,22.3725055432372,35.5676274944568,0.312638580931264,0.219512195121951,0.219512195121951,696.374722838137,78.4412416851441,15.8558758314856,4.24390243902439,0.696230598669623,1.1840354767184,17.4412416851441,13.8625277161863,1.67405764966741,1.22838137472284,28.9534368070953,6.6940133037694,20.9135254988914,34.3082039911308,2.88470066518847,8.97339246119734,2.29490022172949,0.00443458980044346,0.00443458980044346,50234.0687361419,1.509977827051,1.28824833702882
"520",85,8,25.4657794676806,38.1520912547529,0.05893536121673,0,0,311.19391634981,52.4448669201521,15.5171102661597,4.21292775665399,0.524714828897338,1.10076045627376,14.2091254752852,13.2376425855513,1.77946768060836,1.06083650190114,25.4904942965779,6.63878326996198,25.3022813688213,36.0779467680608,2.6425855513308,3.57984790874525,2.7148288973384,0,0.0399239543726236,80265.6711026616,1.53992395437262,1.35171102661597
"521",85,9,16.5368171021378,33.3895486935867,0.0190023752969121,0,0,585.228028503563,6.18289786223278,15.4441805225653,4.13776722090261,0.472684085510689,1.06413301662708,19.6603325415677,12.6437054631829,2.12351543942993,0.878859857482185,30.3182897862233,6.5938242280285,15.7933491686461,32.249406175772,2.33729216152019,2.05700712589074,2.4750593824228,0.00237529691211401,0,90214.4299287411,1.39192399049881,1.32304038004751
"522",85,10,13.4255319148936,27.8404255319149,0,0,0,43.6382978723404,3.12765957446809,16.4787234042553,4.42553191489362,0.702127659574468,1.1063829787234,17.8936170212766,14.1914893617021,1.9468085106383,1,28.2340425531915,6.91489361702128,13.3297872340426,27.5425531914894,2.65957446808511,1,2.54255319148936,0,0,100050.063829787,1.51063829787234,1.12765957446809
"523",85,11,12.6140350877193,28.1754385964912,0,0,0,10,1,15.8245614035088,4.36842105263158,0.245614035087719,1.05263157894737,15.0877192982456,12.8421052631579,1.71929824561404,0.614035087719298,28.6140350877193,6.71929824561404,12.859649122807,30.4385964912281,2.40350877192982,1,1.85964912280702,0.0175438596491228,0.087719298245614,110032.210526316,1.31578947368421,1.26315789473684
"524",85,12,13.3144876325088,28.5288574793875,0.1849234393404,0.0812720848056537,0.0777385159010601,1621.47938751472,64.4864546525324,15.5492736552807,4.18963486454652,0.518649391440911,1.11189634864547,13.9972516686298,13.6796230859835,1.92343934040047,1.27993718099725,28.0490773458971,6.5496662740479,13.2540243423636,28.6344719277581,2.79230467216333,2.60306242638398,2.13545347467609,0.00353356890459364,0.00353356890459364,121310.872398901,1.53513937966235,1.19277581468394
"525",85,13,28.1839738348324,39.9174161896975,0.120196238757155,0.00490596892886345,0,556.408830744072,138.437448896157,15.1586263286999,4.23793949304988,0.385936222403925,1.11283728536386,17.0089942763696,13.874897792314,1.78086672117743,1.06295993458708,27.1766148814391,6.59525756336877,27.6999182338512,39.9427636958299,2.4636140637776,4.80866721177432,2.59198691741619,0.00408830744071954,0.0106295993458708,130619.975470155,1.47015535568275,1.23139820114473
"526",85,15,15.3361344537815,27.3697478991597,0,0,0,3230.93277310924,3.30252100840336,14.6806722689076,3.97478991596639,0.579831932773109,1.05882352941176,18.3025210084034,16.7394957983193,2.20168067226891,0.92436974789916,29.6386554621849,6.83193277310924,13.6890756302521,30.7731092436975,2.84873949579832,1,2.41176470588235,0,0,150061.882352941,1.36134453781513,1.14285714285714
"527",85,16,10.8990825688073,25.894495412844,0.0229357798165138,0,0,114.54128440367,38.9724770642202,16.7155963302752,4.22018348623853,0.472477064220183,1.1697247706422,13.2477064220183,12.9495412844037,1.68807339449541,1.18807339449541,27.5688073394495,6.89908256880734,10.7247706422018,25.9678899082569,2.63302752293578,4.6651376146789,2.30275229357798,0.00458715596330275,0.188073394495413,160111.669724771,1.41743119266055,1.27522935779817
"528",85,17,21.4787390029326,44.7302052785924,0.198680351906158,0.0725806451612903,0.0725806451612903,1815.93035190616,84.4736070381232,15.8724340175953,4.21554252199414,0.426686217008798,1.12463343108504,15.4288856304985,13.4215542521994,1.96187683284457,1.25733137829912,27.7148093841642,6.83211143695015,14.324780058651,30.1070381231672,2.78372434017595,3.93108504398827,2.01906158357771,0.00219941348973607,0.00513196480938416,170707.807184751,1.54032258064516,1.35263929618768
"529",85,18,22.5681818181818,36.9670454545455,0.00568181818181818,0,0,771.985227272727,88.0386363636364,16.0090909090909,4.275,0.379545454545455,1.10681818181818,17.5659090909091,13.2170454545455,1.79318181818182,1.32954545454545,29.7147727272727,6.79090909090909,22.2818181818182,37.1556818181818,2.76818181818182,10.5363636363636,2.72613636363636,0.00113636363636364,0,180462.868181818,1.56136363636364,1.375
"530",85,19,13.3701923076923,28.1490384615385,0.00961538461538462,0,0,1047.41586538462,110.9375,16.1586538461538,4.21875,0.487980769230769,1.13942307692308,15.3557692307692,14.4254807692308,1.84615384615385,1.41346153846154,27.7307692307692,6.64663461538461,11.9086538461538,26.4447115384615,2.73076923076923,4.96153846153846,2.17067307692308,0.00480769230769231,0.0192307692307692,190209.108173077,1.53605769230769,1.31490384615385
"531",85,20,13.4265734265734,27.8275058275058,0.00233100233100233,0,0,1074.94172494172,115.079254079254,15.8717948717949,4.09324009324009,0.356643356643357,1.13286713286713,16.1515151515152,14.1305361305361,1.8041958041958,1.43822843822844,27.2097902097902,7.17016317016317,13.5268065268065,26.6480186480186,2.65967365967366,8.25641025641026,2.36596736596737,0.00466200466200466,0.0303030303030303,200219.722610723,1.50582750582751,1.20745920745921
"532",85,21,44.7964743589744,53.1826923076923,0.578525641025641,0.475961538461538,0.475961538461538,623.217948717949,116.205128205128,15.6826923076923,4.26121794871795,0.419871794871795,1.14102564102564,18.4134615384615,13.4278846153846,1.70192307692308,1.2724358974359,26.8269230769231,6.90544871794872,44.4310897435897,51.8125,2.69230769230769,2.75801282051282,2.68910256410256,0,0.0176282051282051,210328.517628205,1.49679487179487,1.31410256410256
"533",85,22,19.8373786407767,33.2317961165049,0.0643203883495146,0,0,515.699029126214,63.6334951456311,15.7354368932039,4.24150485436893,0.203883495145631,1.12985436893204,18.1516990291262,12.3592233009709,1.82038834951456,1.17839805825243,26.5558252427184,6.73665048543689,18.5970873786408,31.7075242718447,2.57038834951456,6.15169902912621,2.33131067961165,0.00121359223300971,0.00485436893203883,220419.57038835,1.46966019417476,1.22572815533981
"534",85,23,18.1746031746032,33.0899470899471,0.0211640211640212,0,0,5825.30158730159,15.4232804232804,16.6031746031746,4.38095238095238,0.497354497354497,1.08994708994709,18.3386243386243,13.7619047619048,1.73544973544974,0.666666666666667,27.5343915343915,6.8994708994709,18.1798941798942,32.4603174603175,2.47619047619048,1.19047619047619,2.40740740740741,0,0.0158730158730159,230096.677248677,1.36507936507937,1.53439153439153
"535",85,24,13.4253048780488,31.047256097561,0,0,0,840.13262195122,71.5533536585366,16.1463414634146,4.11280487804878,0.440548780487805,1.11128048780488,16.8262195121951,13.875,1.89939024390244,1.23780487804878,27.8170731707317,6.875,13.2073170731707,29.1189024390244,2.3140243902439,2.35213414634146,1.96493902439024,0.00457317073170732,0,240347.150914634,1.44817073170732,1.22408536585366
"536",85,25,92.2183406113537,93.6259097525473,0.163027656477438,0.14410480349345,0.14410480349345,792.508005822416,17.6200873362445,16.1673944687045,4.3216885007278,0.363901018922853,1.08005822416303,18.1906841339156,12.4890829694323,2.0684133915575,0.960698689956332,27.2183406113537,6.79184861717613,92.1965065502183,93.4206695778748,2.33333333333333,1.44250363901019,2.21834061135371,0.00727802037845706,0.00145560407569141,250353.273653566,1.41339155749636,1.36826783114993
"537",85,26,34.4301152737752,46.14265129683,0.0821325648414986,0,0,1050.79971181556,102.228386167147,15.8422190201729,4.27737752161383,0.453170028818444,1.11311239193084,15.5331412103746,13.1095100864553,1.82132564841499,1.26945244956772,27.6988472622478,6.9157060518732,32.5806916426513,44.4805475504323,2.79034582132565,5.45461095100865,2.36599423631124,0.00288184438040346,0.00936599423631124,260710.417146974,1.55115273775216,1.44812680115274
"538",85,27,39.5559701492537,50.0690298507463,0.0186567164179104,0,0,1925.74067164179,86.7238805970149,15.2742537313433,4.07649253731343,0.457089552238806,1.13432835820896,14.1567164179104,13,1.81529850746269,1.47574626865672,26.3320895522388,6.95149253731343,27.9216417910448,40.160447761194,2.8134328358209,3.44029850746269,1.9160447761194,0.00746268656716418,0.041044776119403,270278.776119403,1.57835820895522,1.3339552238806
"539",85,28,13.8024054982818,27.8745704467354,0,0,0,283.721649484536,77.3024054982818,15.8453608247423,4.12027491408935,0.128865979381443,1.13745704467354,18.9123711340206,14.6821305841924,1.75257731958763,1.08419243986254,27.1632302405498,7.18041237113402,13.7697594501718,25.4759450171821,2.5,3.21993127147766,3.13230240549828,0.00343642611683849,0.00343642611683849,280298.369415808,1.40378006872852,1.2680412371134
"540",85,29,10.9661426844015,26.6723095525998,0.126964933494559,0,0,1864.48367593712,140.6553808948,16.3869407496977,4.37243047158404,0.353083434099154,1.12575574365175,17.6928657799274,12.4607013301088,1.66747279322854,1.1825876662636,27.0290205562273,6.85489721886336,11.0338573155985,27.3555018137848,2.43409915356711,3.95646916565901,2.30350665054414,0.00362756952841596,0.0193470374848851,290416.509068924,1.51632406287787,1.32043530834341
"541",85,30,14.9639175257732,30.0051546391753,0.175257731958763,0,0,89.7319587628866,54.020618556701,15.3144329896907,4.00515463917526,0.680412371134021,1.14948453608247,14.0670103092784,12.7938144329897,1.94329896907216,0.969072164948454,27.0824742268041,6.85051546391753,15.6546391752577,30.5876288659794,2.61340206185567,1.40721649484536,2.50515463917526,0,0.396907216494845,300099.489690722,1.4020618556701,1.21134020618557
"542",85,31,20.3188405797101,31.3864734299517,0.00483091787439614,0,0,944.231884057971,88.9033816425121,16.5265700483092,4.22222222222222,0.420289855072464,1.14492753623188,15.3188405797101,12.7536231884058,1.80676328502415,1.18840579710145,26.4057971014493,6.70531400966184,19.024154589372,30.9178743961353,2.59420289855072,16.3188405797101,2.23671497584541,0.00966183574879227,0.0289855072463768,310106.874396135,1.49275362318841,1.3719806763285
"543",85,32,12.5198237885463,24.2290748898678,0.0308370044052863,0,0,38.3348017621145,20.8061674008811,15.273127753304,4.25991189427313,0.502202643171806,1.14096916299559,12.4449339207048,12.5991189427313,1.63436123348018,0.806167400881057,27.3568281938326,6.68281938325991,12.4669603524229,24.0088105726872,2.64757709251101,1,2.2511013215859,0,0.013215859030837,320117.017621145,1.33480176211454,1.09691629955947
"544",85,33,12.3944444444444,26.8944444444444,0,0,0,132.166666666667,10.5222222222222,16.4388888888889,4.31666666666667,0.65,1.06111111111111,18.4444444444444,15.0277777777778,1.72222222222222,1.46666666666667,29.6166666666667,6.98888888888889,12.3277777777778,27.35,2.3,1,2.95555555555556,0.00555555555555556,0.0722222222222222,330100.472222222,1.43888888888889,1.52222222222222
"545",85,34,97.625988700565,97.8282485875706,0.00564971751412429,0,0,4553.20903954802,19.6508474576271,15.561581920904,4.2406779661017,0.381920903954802,1.08926553672316,16.6146892655367,13.045197740113,2.03389830508475,0.996610169491525,28.7197740112994,6.68135593220339,97.5841807909604,97.9943502824859,2.64519774011299,1.38418079096045,1.95028248587571,0.00451977401129944,0,340471.17740113,1.50395480225989,1.22372881355932
"546",85,35,38.2825607064018,47.0331125827815,0.0176600441501104,0,0,423.216335540839,27.3796909492274,15.1920529801325,4.16997792494481,0.470198675496689,1.18101545253863,12.3532008830022,13.4525386313466,1.81898454746137,0.82560706401766,25.6975717439294,6.70419426048565,38.3222958057395,46.401766004415,2.82560706401766,1.96688741721854,2.59381898454746,0.0022075055187638,0.231788079470199,350229.620309051,1.3355408388521,1.30022075055188
"547",85,36,54.238120950324,60.670626349892,0.14524838012959,0.0534557235421166,0.0534557235421166,1907.94330453564,63.9557235421166,15.6285097192225,4.22732181425486,0.346652267818574,1.08315334773218,16.0977321814255,12.7521598272138,1.97408207343413,0.945464362850972,27.2732181425486,6.9389848812095,53.872030237581,60.1479481641469,2.80237580993521,2.32181425485961,2.23380129589633,0.00647948164146868,0.0183585313174946,360944.852051836,1.46328293736501,1.3158747300216
"548",85,37,18.28003003003,32.6193693693694,0.0743243243243243,0.0743243243243243,0.0743243243243243,633.052552552553,101.948948948949,15.9301801801802,4.24924924924925,0.428678678678679,1.11261261261261,17.8273273273273,13.1486486486486,1.70720720720721,1.05855855855856,25.6456456456456,6.59984984984985,94.3723723723724,95.1141141141141,2.66366366366366,3.01651651651652,2.24924924924925,0.00600600600600601,0.000750750750750751,370670.625375375,1.48648648648649,1.31606606606607