"","YEAR","STATE","ARR_HOUR","ARR_MIN","CF1","CF2","CF3","CITY","COUNTY","DAY","DAY_WEEK","DRUNK_DR","FATALS","HARM_EV","HOUR","LGT_COND","MAN_COLL","MINUTE","MONTH","NOT_HOUR","NOT_MIN","PERSONS","RAIL","REL_ROAD","SCH_BUS","SP_JUR","ST_CASE","VE_FORMS","WEATHER"
"549",85,38,67.8961038961039,75.3896103896104,0.0909090909090909,0,0,355.909090909091,58.2987012987013,15.5844155844156,4.24675324675325,0.584415584415584,1.16883116883117,14.4155844155844,10.8831168831169,1.88311688311688,1.03896103896104,23.1818181818182,6.76623376623377,62.6233766233766,68.4025974025974,2.62337662337662,2.68831168831169,2.46753246753247,0.025974025974026,0,380041.38961039,1.36363636363636,1.31168831168831
"550",85,39,98.6459459459459,98.6810810810811,0,0,0,1272.98243243243,84.9567567567568,15.9344594594595,4.31621621621622,0.460135135135135,1.11216216216216,18.6695945945946,12.3905405405405,1.84797297297297,1.23783783783784,27.5466216216216,6.81891891891892,98.7648648648649,98.8128378378378,2.58716216216216,6.34256756756757,2.90337837837838,0.00135135135135135,0.00135135135135135,390768.908783784,1.50337837837838,1.36283783783784
"551",85,40,42.1579754601227,52.9677914110429,0.0690184049079755,0.00153374233128834,0,1306.81748466258,85.0276073619632,15.6457055214724,4.10736196319018,0.412576687116564,1.14110429447853,18.3036809815951,12.8420245398773,1.65950920245399,1.41564417177914,25.5966257668712,6.87269938650307,41.159509202454,51.1180981595092,2.60736196319018,5.84662576687117,2.15030674846626,0.00153374233128834,0.0168711656441718,400335.173312883,1.52914110429448,1.34509202453988
"552",85,41,13.3960784313725,26.2627450980392,0.0607843137254902,0,0,401.527450980392,36.678431372549,16.2098039215686,4.04705882352941,0.435294117647059,1.09607843137255,14.7647058823529,19.3529411764706,1.80196078431373,0.982352941176471,31.7156862745098,7.03137254901961,12.7960784313725,25.8098039215686,2.5843137254902,1.84901960784314,2.45294117647059,0.00784313725490196,0.0882352941176471,410260.056862745,1.47254901960784,1.27647058823529
"553",85,42,36.0379746835443,46.8474683544304,0.0487341772151899,0.00253164556962025,0,2057.48544303797,61.6974683544304,15.8177215189873,4.3120253164557,0.461392405063291,1.12088607594937,18.8772151898734,12.0670886075949,1.88417721518987,1.03037974683544,27.1936708860759,6.98354430379747,34.5006329113924,45.7740506329114,2.52658227848101,1.55253164556962,2.12911392405063,0.00316455696202532,0.0113924050632911,420798.537341772,1.48481012658228,1.31708860759494
"554",85,44,20.1919191919192,41.3333333333333,0,0,0,737.363636363636,6.03030303030303,17.5050505050505,4.14141414141414,0.414141414141414,1.1010101010101,18.1919191919192,11.989898989899,2.50505050505051,0.717171717171717,31.5353535353535,6.88888888888889,20.1515151515152,39.9292929292929,2.3030303030303,1,2.31313131313131,0.0303030303030303,0,440055.505050505,1.35353535353535,1.29292929292929
"555",85,45,13.409681227863,28.4710743801653,0.00354191263282172,0.00590318772136954,0,190.746162927981,48.4073199527745,15.6942148760331,4.23258559622196,0.403778040141677,1.12278630460449,17.2916174734357,12.9327036599764,1.68476977567887,1.34356552538371,26.7343565525384,6.7827626918536,13.3825265643447,29.2798110979929,2.64226682408501,4.84061393152302,2.20897284533648,0.00826446280991736,0.0106257378984652,450431.592680047,1.46635182998819,1.15584415584416
"556",85,46,20.9633027522936,32.1009174311927,1.87155963302752,1.81651376146789,1.81651376146789,309.357798165138,72.2110091743119,15.302752293578,4.05504587155963,0.522935779816514,1.19266055045872,14.9633027522936,16.0825688073394,1.74311926605505,1.11009174311927,28.8532110091743,6.94495412844037,19.1467889908257,29.4495412844037,2.90825688073395,2.73394495412844,2.15596330275229,0,0.44954128440367,460060.926605505,1.47706422018349,1.28440366972477
"557",85,47,31.1945837512538,44.2788365095286,0.045135406218656,0,0,672.613841524574,99.3911735205617,15.7011033099298,4.23871614844534,0.442326980942828,1.10431293881645,17.8846539618857,14.5626880641926,1.90170511534604,1.05416248746239,28.8034102306921,6.81444332998997,31.2126379137412,43.7512537612838,2.39217652958877,3.29689067201605,2.71313941825476,0.00200601805416249,0.0180541624874624,470513.960882648,1.4704112337011,1.34002006018054
"558",85,48,31.5139271502908,43.4364860728497,0.012243648607285,0,0,1831.25313743496,237.344046525865,15.6887052341598,4.24701561065197,0.310070400979492,1.12580348943985,15.6847260483624,13.1888582797674,1.80838689929599,1.1695745332109,27.2102846648301,6.62105907560453,31.9179675543312,43.7514539332721,2.64921946740129,3.91796755433119,2.1319253137435,0.00183654729109275,0.00183654729109275,481660.61463116,1.47535965717784,1.19375573921028
"559",85,49,50.6185185185185,58.1703703703704,0,0,0,853.811111111111,33.9407407407407,16.0703703703704,4.10740740740741,0.337037037037037,1.12222222222222,11.6666666666667,13.1259259259259,1.71851851851852,1.09259259259259,25.9962962962963,6.62962962962963,47.2444444444444,56.4148148148148,2.92962962962963,1,2.41111111111111,0.0037037037037037,0.00740740740740741,490139.796296296,1.55555555555556,1.35185185185185
"560",85,50,33.950495049505,41.8514851485149,0,0,0,1881.11881188119,15.2970297029703,16.5346534653465,4.72277227722772,0.504950495049505,1.13861386138614,18.9405940594059,13.8019801980198,1.64356435643564,0.831683168316832,29.4851485148515,7.12871287128713,33.8613861386139,41.4356435643564,2.68316831683168,2.05940594059406,2.99009900990099,0,0,500058.693069307,1.36633663366337,1.56435643564356
"561",85,51,98.8156424581006,98.8927374301676,0.0212290502793296,0,0,434.208938547486,246.901675977654,15.7798882681564,4.3072625698324,0.450279329608939,1.09050279329609,18.595530726257,13.2,1.7340782122905,1.02905027932961,26.2033519553073,6.84357541899441,98.8156424581006,98.8480446927374,2.38212290502793,1.37653631284916,2.92290502793296,0.00111731843575419,0.0111731843575419,510460.911731844,1.44916201117318,1.21787709497207
"562",85,53,12.0651162790698,28.2201550387597,0.0775193798449612,0,0,394.012403100775,42.2682170542636,15.7348837209302,4.25736434108527,0.55968992248062,1.15348837209302,15.7178294573643,13.1612403100775,1.84186046511628,1.04961240310078,27.3658914728682,6.68217054263566,12.1116279069767,27.0527131782946,2.64496124031008,1.10387596899225,2.76589147286822,0.00310077519379845,0.145736434108527,530333.708527132,1.46976744186047,1.31627906976744
"563",85,54,12.3505434782609,28.7173913043478,0.198369565217391,0,0,291.402173913043,53.3423913043478,15.1576086956522,4.23913043478261,0.46195652173913,1.14130434782609,17.6820652173913,14.2989130434783,1.66847826086957,0.997282608695652,27.1983695652174,6.86413043478261,12.5788043478261,26.7744565217391,2.74728260869565,1.54891304347826,2.41304347826087,0.00815217391304348,0.00271739130434783,540185.0625,1.42934782608696,1.33423913043478
"564",85,55,17.3798798798799,31.4534534534535,0,0,0,778.870870870871,73.2507507507508,15.9249249249249,4.23273273273273,0.551051051051051,1.11711711711712,16.0645645645646,12.4399399399399,1.82432432432432,1.46846846846847,27.9249249249249,6.83633633633634,15.4324324324324,29.3438438438438,2.59159159159159,2.56606606606607,2.22822822822823,0.0045045045045045,0.00600600600600601,550342.436936937,1.53903903903904,1.43243243243243
"565",85,56,18.6818181818182,32.4090909090909,0,0,0,44.280303030303,22.4848484848485,15.3939393939394,3.75757575757576,0.545454545454545,1.15151515151515,7.40909090909091,12.6818181818182,1.83333333333333,0.666666666666667,24.0757575757576,7.01515151515152,15.3636363636364,29.0909090909091,2.52272727272727,2.37878787878788,2.5530303030303,0,0,560068.348484849,1.29545454545455,1.34848484848485
"566",86,1,14.9803719008264,29.1477272727273,0.191115702479339,0.102272727272727,0.102272727272727,620.254132231405,74.7685950413223,15.7747933884298,4.42045454545455,0.462809917355372,1.11673553719008,18.4762396694215,13.1539256198347,1.7603305785124,1.14772727272727,26.5454545454545,6.60020661157025,69.8822314049587,74.1621900826446,2.63429752066116,5.27582644628099,2.92768595041322,0.00206611570247934,0.012396694214876,10496.1084710744,1.45661157024793,1.19731404958678
"567",86,2,19.9887640449438,30.0449438202247,0.101123595505618,0,0,159.404494382022,108.022471910112,16.5056179775281,4.52808988764045,0.528089887640449,1.13483146067416,11.5168539325843,13.0898876404494,2.07865168539326,1.23595505617978,28.1348314606742,7,19.8539325842697,31.0786516853933,2.97752808988764,5.79775280898876,2.21348314606742,0,0.0112359550561798,20045.7865168539,1.53932584269663,1.23595505617978
"568",86,4,40.9786276715411,49.9696287964004,0.222722159730034,0.222722159730034,0.222722159730034,179.938132733408,14.0719910011249,15.2497187851519,4.1169853768279,0.433070866141732,1.13273340832396,13.1957255343082,12.8931383577053,1.88751406074241,1.13723284589426,27.0551181102362,6.74915635545557,34.8571428571429,46.6794150731159,2.88076490438695,2.71878515185602,1.98312710911136,0.00112485939257593,0.372328458942632,40450.8042744657,1.47581552305962,1.04836895388077
"569",86,5,24.7270992366412,36.3568702290076,0.620229007633588,0.566793893129771,0.566793893129771,771.639312977099,77.9847328244275,15.7385496183206,4.27290076335878,0.683206106870229,1.15076335877863,16.9828244274809,13.4522900763359,1.66030534351145,1.0324427480916,27.9961832061069,6.77480916030534,22.7576335877863,35.6908396946565,2.63931297709924,8.18511450381679,2.30152671755725,0.00572519083969466,0,50271.3339694656,1.45992366412214,1.16793893129771
"571",86,8,27.7948717948718,39.8540433925049,0.00788954635108481,0,0,297.962524654832,53.5562130177515,16.4950690335306,4.20118343195266,0.550295857988166,1.18934911242604,14.9467455621302,12.6587771203156,1.89546351084813,0.873767258382643,25.3510848126233,6.71597633136095,27.5364891518738,40.1518737672584,2.77909270216963,1.79684418145957,2.73767258382643,0.00591715976331361,0.0493096646942801,80256.2564102564,1.42011834319527,1.26232741617357
"572",86,9,14.5990675990676,30.1864801864802,0.128205128205128,0,0,433.321678321678,6.41258741258741,15.6503496503496,4.27972027972028,0.512820512820513,1.06060606060606,19.8321678321678,12.6969696969697,2.19114219114219,0.967365967365967,29.004662004662,6.81585081585082,14.5291375291375,30.3869463869464,2.4009324009324,2.08391608391608,2.37762237762238,0,0,90217.9906759907,1.43356643356643,1.31468531468531
"573",86,10,12.0084033613445,25.7647058823529,0.0252100840336134,0,0,34.1932773109244,2.94957983193277,16.4789915966387,4,0.563025210084034,1.14285714285714,18.0924369747899,12.1596638655462,1.73109243697479,1.18487394957983,26.1764705882353,6.91596638655462,12.2773109243697,27.9915966386555,2.58823529411765,7.46218487394958,2.98319327731092,0.00840336134453781,0,100064.109243697,1.49579831932773,1.10924369747899
"574",86,11,12.9318181818182,27.1818181818182,0.386363636363636,0,0,10,1,16.1590909090909,4.31818181818182,0.25,1,15.8863636363636,13.7727272727273,1.59090909090909,1.52272727272727,25.0909090909091,6.11363636363636,13.3863636363636,26.4318181818182,2.95454545454545,1,1.77272727272727,0,0.204545454545455,110025.477272727,1.52272727272727,1.25
"575",86,12,27.86186540732,39.4836678473042,0.0759543486816214,0.00118063754427391,0,855.409287682015,64.5785123966942,15.5383707201889,4.14167650531287,0.50137741046832,1.11412829594648,14.4891774891775,13.7253049980323,1.9413616686344,1.34435261707989,27.8602912239276,6.52262888626525,27.9708776072412,39.750098386462,2.88075560802834,2.81700118063754,2.00865800865801,0.00275482093663912,0.00432900432900433,121316.880755608,1.54466745375836,1.22195985832349
"576",86,13,23.9310595065312,37.488388969521,0.108853410740203,0,0,643.094339622642,138.388969521045,15.6538461538462,4.37590711175617,0.421625544267054,1.11030478955007,17.5181422351234,13.1364296081277,1.7155297532656,1.13715529753266,26.3969521044993,6.85703918722787,23.211175616836,36.4063860667634,2.42525399129173,2.95065312046444,2.66037735849057,0.00145137880986938,0.00290275761973875,130708.911465893,1.48548621190131,1.19738751814224
"577",86,15,13.1351351351351,29.9369369369369,0,0,0,3964.33333333333,3.93693693693694,15.4594594594595,4.02702702702703,0.540540540540541,1.08108108108108,16.1711711711712,14.3693693693694,1.8018018018018,0.855855855855856,27.5045045045045,6.67567567567568,13.6666666666667,27.954954954955,2.86486486486486,1,2.14414414414414,0,0,150057.369369369,1.3963963963964,1.1981981981982
"578",86,16,10.9181818181818,24.25,0.0181818181818182,0,0,116.6,35.1681818181818,17.3272727272727,4.06818181818182,0.490909090909091,1.17272727272727,12.9363636363636,12.9318181818182,1.75909090909091,1.07727272727273,27.3181818181818,6.92727272727273,11.0181818181818,25.1090909090909,2.75,7.77272727272727,2.4,0,0.168181818181818,160114.213636364,1.36363636363636,1.13636363636364
"579",86,17,19.2187715665977,42.0041407867495,0.0503795721187026,0,0,1732.30917874396,84.2449965493444,15.9592822636301,4.14768806073154,0.442374051069703,1.10144927536232,16.16011042098,12.944099378882,1.98412698412698,1.16632160110421,27.8274672187716,7.01932367149758,12.536231884058,28.8343685300207,2.69703243616287,4.87508626639061,2.09868875086266,0.00276052449965493,0,170741.740510697,1.49827467218772,1.32781228433402
"580",86,18,17.8388829215897,32.1149301825994,0.0214822771213749,0,0,716.738990332975,89.9151450053706,15.8635875402793,4.24704618689581,0.464017185821697,1.11493018259936,18.1965628356606,13.3662728249194,1.78517722878625,1.36949516648765,27.610096670247,6.85929108485499,17.3684210526316,31.2406015037594,2.5875402792696,6.29430719656284,2.82599355531686,0.00214822771213749,0.0107411385606874,180492.862513426,1.53813104189044,1.21697099892589
"581",86,19,13.2345360824742,28.1159793814433,0.0592783505154639,0,0,1168.73969072165,111.89175257732,15.8865979381443,4.27835051546392,0.451030927835052,1.13659793814433,15.8685567010309,14.5077319587629,1.8479381443299,1.34020618556701,29.1855670103093,6.81958762886598,12.5515463917526,27.7268041237113,2.64175257731959,1.73969072164948,2.4201030927835,0.0077319587628866,0,190196.984536082,1.49484536082474,1.50515463917526
"582",86,20,12.0193704600484,29.1016949152542,0.0169491525423729,0,0,1079.46246973366,110.680387409201,15.5980629539952,4.27360774818402,0.450363196125908,1.21065375302663,15.5811138014528,13.634382566586,1.80387409200969,1.35351089588378,28.1234866828087,6.67554479418886,11.9854721549637,28.8232445520581,2.6682808716707,9.02663438256659,2.35593220338983,0,0.0145278450363196,200216.261501211,1.48910411622276,1.08716707021792
"583",86,21,38.4882434301521,46.923928077455,0.0567081604426003,0,0,668.186721991701,115.586445366528,15.4564315352697,4.26970954356846,0.43015214384509,1.1134163208852,20.0497925311203,13.076071922545,1.69294605809129,0.990318118948824,27.3319502074689,6.69986168741355,37.2517289073306,45.8865836791148,2.58921161825726,1.92807745504841,2.8686030428769,0.00553250345781466,0,210373.753803596,1.41770401106501,1.23098201936376
"584",86,22,15.074299634592,27.026796589525,0.0426309378806334,0.00365408038976857,0,579.108404384897,63.6845310596833,15.9196102314251,4.30450669914738,0.25700365408039,1.13520097442144,17.3483556638246,13.0864799025579,1.91595615103532,1.07186358099878,25.6163215590743,6.50426309378806,13.8989037758831,25.1266747868453,2.71741778319123,5.79171741778319,2.24238733252132,0.00121802679658952,0.0109622411693057,220419.845310597,1.51400730816078,1.30694275274056
"585",86,23,14.4659685863874,32.0837696335079,0.0104712041884817,0,0,5908.25654450262,14.8219895287958,16.0785340314136,4.32460732984293,0.507853403141361,1.12041884816754,18.7591623036649,14.2460732984293,1.73821989528796,0.973821989528796,26.7643979057592,7.17801047120419,15.4031413612565,29.7434554973822,2.4869109947644,1.82198952879581,2.3717277486911,0,0,230097.167539267,1.43979057591623,1.38219895287958
"586",86,24,12.3840782122905,29.5125698324022,0.00418994413407821,0,0,834.108938547486,63.8659217877095,15.6675977653631,4.32821229050279,0.434357541899441,1.09497206703911,18.463687150838,13.1061452513966,1.95949720670391,1.12290502793296,29.1927374301676,7.03631284916201,12.3142458100559,30.0614525139665,2.49301675977654,1.93575418994413,2.40921787709497,0,0.0167597765363128,240373.797486034,1.47206703910615,1.16620111731844
"587",86,25,93.4676470588235,94.5397058823529,0.00588235294117647,0,0,815.073529411765,20.8647058823529,15.4764705882353,4.375,0.392647058823529,1.10588235294118,17.7764705882353,12.4102941176471,2.12794117647059,0.898529411764706,27.0382352941176,6.92058823529412,94.8161764705882,95.5647058823529,2.34264705882353,1.04117647058824,2.15735294117647,0.00882352941176471,0.00147058823529412,250350.944117647,1.44264705882353,1.32647058823529
"588",86,26,36.0402219140083,47.6803051317614,0.136615811373093,0,0,1071.81830790569,101.225381414702,15.7579750346741,4.23439667128988,0.479195561719834,1.1130374479889,15.8404993065187,13.0485436893204,1.83564493758669,1.33287101248266,27.379334257975,7.03883495145631,28.7739251040222,40.9680998613037,2.75104022191401,3.08599167822469,2.49098474341193,0.00208044382801664,0.000693481276005548,260756.363384189,1.52357836338419,1.3252427184466
"589",86,27,41.6138613861386,51.5267326732673,0.0217821782178218,0,0,1765.21782178218,83.819801980198,14.990099009901,4.05544554455446,0.469306930693069,1.13069306930693,14.4019801980198,13.6851485148515,1.82178217821782,1.28118811881188,29.5485148514851,7.17029702970297,29.3029702970297,42.3168316831683,2.4990099009901,2.53663366336634,2.18217821782178,0.0099009900990099,0.00594059405940594,270263.805940594,1.46534653465347,1.39207920792079
"590",86,28,10.2776119402985,22.8373134328358,0,0,0,276.397014925373,78.5805970149254,14.8388059701493,4.33432835820896,0.116417910447761,1.15074626865672,17.1373134328358,14.1432835820896,1.7910447761194,1.1865671641791,27.6805970149254,6.62388059701493,10.3641791044776,20.9388059701493,2.52985074626866,5.61044776119403,2.79701492537313,0.00447761194029851,0.00149253731343284,280350.801492537,1.47164179104478,1.27462686567164
"591",86,29,11.9690721649485,28.0298969072165,0.143298969072165,0,0,1752.65154639175,138.471134020619,16.2917525773196,4.1340206185567,0.405154639175258,1.1639175257732,17.879381443299,13.3,1.72268041237113,1.15773195876289,26.5268041237113,6.78865979381443,12.0463917525773,27.4298969072165,2.55463917525773,5.12268041237113,2.39484536082474,0.00412371134020619,0.0164948453608247,290490.27628866,1.47319587628866,1.29381443298969
"592",86,30,14.9585492227979,28.9222797927461,0.0984455958549223,0,0,66.300518134715,58.6787564766839,16.2435233160622,4.33678756476684,0.590673575129534,1.15025906735751,15.4922279792746,14.6373056994819,1.71502590673575,0.974093264248705,27.9430051813472,6.82901554404145,13.9585492227979,29.2694300518135,2.69948186528497,1.15544041450777,2.50259067357513,0,0.544041450777202,300097.932642487,1.40414507772021,1.3419689119171
"593",86,31,18.0501930501931,29.4633204633205,0.0115830115830116,0,0,916.339768339768,87.2393822393822,16.1081081081081,4.07722007722008,0.463320463320463,1.11969111969112,14.1428571428571,12.2895752895753,1.84942084942085,1.32432432432432,27.3474903474903,6.82239382239382,18.0540540540541,29.1274131274131,2.71428571428571,5.54054054054054,2.25482625482625,0.00386100386100386,0.0115830115830116,310132.513513513,1.54440154440154,1.30501930501931
"594",86,32,21.1034482758621,31.8374384236453,0.487684729064039,0.487684729064039,0.487684729064039,39.9802955665025,22.7783251231527,15.64039408867,4.14778325123153,0.536945812807882,1.14778325123153,13.0788177339901,13.9507389162562,1.72413793103448,0.83743842364532,27.2906403940887,6.71428571428571,20.6108374384236,32.6551724137931,2.63054187192118,3.10344827586207,2.80295566502463,0,0.0443349753694581,320106.931034483,1.29556650246305,1.07389162561576
"595",86,33,14.0740740740741,29.7901234567901,0,0,0,269.092592592593,11.3086419753086,15.0432098765432,4.19753086419753,0.746913580246914,1.06172839506173,18.679012345679,15.3518518518519,1.84567901234568,1.3641975308642,30.6111111111111,6.72222222222222,15.0123456790123,29.8333333333333,2.46913580246914,1,2.2037037037037,0.00617283950617284,0.0679012345679012,330086.709876543,1.45679012345679,1.46913580246914
"596",86,34,97.3467230443975,97.6183932346723,0.00528541226215645,0,0,3557.49894291755,18.1395348837209,15.9968287526427,4.15750528541226,0.354122621564482,1.09830866807611,16.5327695560254,12.9788583509514,2.05496828752643,0.953488372093023,28.3625792811839,6.72410147991543,97.4788583509514,97.8435517970402,2.69450317124736,1.11205073995772,1.98520084566596,0.00211416490486258,0,340518.766384778,1.49154334038055,1.25475687103594
"597",86,35,44.348623853211,51.0665137614679,0.0206422018348624,0,0,453.47247706422,26.7385321100917,15.9518348623853,4.30045871559633,0.502293577981651,1.14449541284404,12.8142201834862,13.9449541284404,1.93119266055046,0.869266055045872,26.7981651376147,6.60091743119266,44.3211009174312,51.1697247706422,2.72247706422018,2.82110091743119,2.49770642201835,0.00229357798165138,0.172018348623853,350220.958715596,1.35321100917431,1.24311926605505
"598",86,36,52.7142124166239,59.4227809132889,0.13801949717804,0,0,1872.27244740893,64.2396100564392,16.0559261159569,4.1277578245254,0.324781939456131,1.08825038481272,16.722421754746,12.8353001539251,1.99743458183684,1.01949717804002,27.6747049769112,6.85377116469985,52.2006157003592,58.7121600820934,2.74089276552078,1.48178553104156,2.34479220112878,0.00461775269368907,0.0179579271421242,360987.192919446,1.45407901487943,1.32837352488456
"599",86,37,16.4620550705171,31.4654130288784,0.0134318334452653,0,0,594.846205507052,103.302216252518,15.5117528542646,4.3364674278039,0.48757555406313,1.1061114842176,18.7938213566152,13.3196776359973,1.75151108126259,1.09939556749496,26.721961047683,6.73472128945601,73.5144392209537,78.4983210208193,2.61853593015447,4.27199462726662,2.2102081934184,0.00402955003357958,0.00537273337810611,370756.54197448,1.47683008730692,1.33042310275353
"600",86,38,44.9772727272727,51.7045454545455,0,0,0,262.556818181818,57.1136363636364,14.8522727272727,4.09090909090909,0.443181818181818,1.13636363636364,11.4545454545455,15.4090909090909,1.5,1.32954545454545,23.1022727272727,7.125,40.7727272727273,45.5795454545455,2.63636363636364,9.05681818181818,2.375,0.0113636363636364,0.272727272727273,380046.193181818,1.47727272727273,1.375
"601",86,39,97.5768463073852,97.8097139055223,0,0,0,1330.96007984032,84.8815701929474,15.7085828343313,4.3313373253493,0.491017964071856,1.11310711909514,19.3120425815037,12.043246839654,1.88622754491018,1.21290751829674,28.4664005322688,6.90685296074518,97.5881570192947,97.8063872255489,2.4896872920825,7.14105123087159,2.98469727212242,0.00399201596806387,0.00266134397870925,390792.095808383,1.46240851630073,1.33599467731204
"602",86,40,37.0527182866557,49.0807248764415,0.0395387149917628,0,0,1404.77100494234,89.5617792421746,15.998352553542,4.21911037891268,0.42998352553542,1.1499176276771,18.6919275123558,12.7429983525535,1.667215815486,1.57990115321252,25.6177924217463,6.52059308072488,36.9044481054366,48.7248764415156,2.85831960461285,4.71499176276771,2.17133443163097,0,0,400312.861614498,1.56013179571664,1.14662273476112
"603",86,41,13.875,27.4577205882353,0.00735294117647059,0,0,398.270220588235,36.6286764705882,16.3161764705882,4.09558823529412,0.435661764705882,1.13786764705882,15.6323529411765,19.2297794117647,1.81801470588235,1.04227941176471,31.5533088235294,6.90992647058824,13.1286764705882,26.9650735294118,2.6875,2.55147058823529,2.5,0.00183823529411765,0.0514705882352941,410285.009191176,1.46139705882353,1.40073529411765
"604",86,42,40.6795321637427,52.0929824561403,0.00701754385964912,0,0,1694.60292397661,62.2116959064328,15.8497076023392,4.31929824561403,0.475438596491228,1.10760233918129,19.0157894736842,12.1713450292398,1.87894736842105,1.04269005847953,28.4953216374269,6.82456140350877,37.9684210526316,50.3087719298246,2.60701754385965,2.07076023391813,2.41812865497076,0.00409356725146199,0.00175438596491228,420880.288888889,1.5,1.31345029239766
"605",86,44,22.3652173913043,37.1826086956522,0,0,0,236.278260869565,6.46086956521739,17.1217391304348,4.09565217391304,0.478260869565217,1.07826086956522,18.1130434782609,13.1217391304348,2.15652173913043,0.773913043478261,29.5913043478261,7.46086956521739,21.6173913043478,35.2782608695652,2.35652173913043,1,2.35652173913043,0,0,440066.12173913,1.35652173913043,1.31304347826087
"606",86,45,12.6588983050847,26.5402542372881,0,0,0,176.110169491525,49.0254237288136,15.7065677966102,4.37923728813559,0.404661016949153,1.12182203389831,18.6228813559322,13.0423728813559,1.70127118644068,1.25529661016949,26.1684322033898,6.85487288135593,12.9650423728814,26.6896186440678,2.5603813559322,3.91631355932203,2.26271186440678,0.00211864406779661,0.00105932203389831,450492.008474576,1.42796610169492,1.14300847457627
"607",86,46,20.364406779661,34.5,4.22881355932203,4.19491525423729,4.19491525423729,329.110169491525,76.4576271186441,14.2966101694915,4.36440677966102,0.533898305084746,1.13559322033898,13.3728813559322,15.3728813559322,1.89830508474576,1.04237288135593,27.2542372881356,7.30508474576271,14.0847457627119,29.0084745762712,2.88983050847458,1,2.28813559322034,0,0.542372881355932,460061.305084746,1.38983050847458,1.20338983050847
"608",86,47,38.3865698729583,50.5553539019964,0.0862068965517241,0,0,681.155172413793,98.491833030853,15.9101633393829,4.18239564428312,0.485480943738657,1.11615245009074,18.3929219600726,13.456442831216,1.87749546279492,1.09255898366606,27.475499092559,6.61070780399274,38.1932849364791,50.1479128856624,2.47912885662432,3.06533575317604,2.63520871143376,0.00362976406533575,0.00816696914700544,470601.217785844,1.47822141560799,1.2032667876588
"609",86,48,25.3923076923077,38.2397435897436,0,0,0,1961.60865384615,234.417948717949,15.7083333333333,4.15320512820513,0.434615384615385,1.14326923076923,15.3945512820513,13.1772435897436,1.90128205128205,1.21185897435897,27.3435897435897,6.51923076923077,26.1073717948718,38.3092948717949,2.71794871794872,4.22403846153846,2.18685897435897,0.0016025641025641,0.000641025641025641,481578.125320513,1.47596153846154,1.15448717948718
"610",86,49,48.3898916967509,57.797833935018,0,0,0,798.909747292419,32.0180505415162,15.2310469314079,4.19494584837545,0.317689530685921,1.12996389891697,12.173285198556,14.0397111913357,1.73285198555957,1.02888086642599,28.4584837545126,7.2129963898917,46.0505415162455,55.8736462093863,2.98916967509025,10.0758122743682,2.24187725631769,0.0036101083032491,0.0108303249097473,490144.176895307,1.45126353790614,1.28158844765343
"611",86,50,42.4395604395604,51.9230769230769,1.08791208791209,1.08791208791209,1.08791208791209,1615.65934065934,13.1098901098901,16.8791208791209,4.25274725274725,0.725274725274725,1.1978021978022,20.3846153846154,16.010989010989,2.04395604395604,0.868131868131868,30.5934065934066,7.35164835164835,42.1538461538462,53.0989010989011,2.45054945054945,1.01098901098901,2.74725274725275,0,0.0989010989010989,500047.065934066,1.41758241758242,1.73626373626374
"612",86,51,98.8163672654691,98.8023952095808,0,0,0,417.192614770459,234.320359281437,15.6157684630739,4.2684630738523,0.472055888223553,1.12375249500998,19.9081836327345,13.1506986027944,1.7624750499002,0.973053892215569,26.5419161676647,6.99301397205589,98.9141716566866,98.9311377245509,2.47005988023952,2.15369261477046,3.08083832335329,0.0029940119760479,0.0109780439121756,510511.446107784,1.49001996007984,1.20259481037924
"613",86,53,11.7885802469136,27.5,0.0324074074074074,0,0,451.064814814815,42.6635802469136,15.9104938271605,4.18055555555556,0.594135802469136,1.08487654320988,15.3780864197531,12.787037037037,1.86728395061728,1.02314814814815,27.8101851851852,6.89043209876543,11.8317901234568,26.2206790123457,2.62345679012346,2.73611111111111,2.68364197530864,0.00617283950617284,0.16358024691358,530334.907407407,1.4429012345679,1.29320987654321
"614",86,54,11.8134715025907,28.6269430051813,0.103626943005181,0,0,307.411917098446,53.1088082901554,16.1450777202073,4.39896373056995,0.510362694300518,1.13989637305699,17.8937823834197,15.0336787564767,1.7279792746114,1.05440414507772,27.8730569948187,6.80569948186529,11.6968911917098,26.4689119170984,2.64507772020725,1.92227979274611,2.44300518134715,0.00259067357512953,0.00259067357512953,540197.663212435,1.47150259067358,1.27720207253886
"615",86,55,15.9155145929339,30.2749615975422,0.00307219662058372,0,0,845.244239631336,78.7357910906298,15.9784946236559,4.06912442396313,0.56221198156682,1.14746543778802,16.7004608294931,12.6559139784946,1.7357910906298,1.25499231950845,27.5960061443932,7.10445468509985,13.5852534562212,28.3026113671275,2.62519201228879,4.60061443932412,2.5284178187404,0.00614439324116743,0.00460829493087558,550333.589861751,1.51920122887865,1.41935483870968