"","YEAR","STATE","ARR_HOUR","ARR_MIN","CF1","CF2","CF3","CITY","COUNTY","DAY","DAY_WEEK","DRUNK_DR","FATALS","HARM_EV","HOUR","LGT_COND","MAN_COLL","MINUTE","MONTH","NOT_HOUR","NOT_MIN","PERSONS","RAIL","REL_ROAD","SCH_BUS","SP_JUR","ST_CASE","VE_FORMS","WEATHER"
"616",86,56,19.972602739726,34.2397260273973,0.0273972602739726,0,0,75.3424657534247,24.9109589041096,15.4315068493151,4.28082191780822,0.541095890410959,1.15068493150685,11.2465753424658,16.2808219178082,1.6986301369863,0.623287671232877,30.458904109589,6.91780821917808,17.0821917808219,30.8972602739726,2.47260273972603,1,2.64383561643836,0.00684931506849315,0.136986301369863,560075.136986301,1.26712328767123,1.25342465753425
"617",87,1,12.7520491803279,27.827868852459,0.0747950819672131,0,0,564.753073770492,72.5491803278689,15.6434426229508,4.37909836065574,0.468237704918033,1.13831967213115,19.1209016393443,12.7827868852459,1.73770491803279,1.05532786885246,26.7274590163934,6.68135245901639,45.6352459016393,53.8872950819672,2.53073770491803,4.1280737704918,3.21516393442623,0.00102459016393443,0,10490.9067622951,1.44774590163934,1.17725409836066
"618",87,2,16.0714285714286,32.4142857142857,0,0,0,350.457142857143,159.442857142857,15.0857142857143,4.32857142857143,0.5,1.08571428571429,11.5857142857143,13.8571428571429,1.8,1.31428571428571,28.3142857142857,6.64285714285714,16.0857142857143,28.3,2.78571428571429,1,2.11428571428571,0,0,20037.6,1.48571428571429,1.25714285714286
"619",87,4,36.2564734895191,45.711467324291,0.0382244143033292,0,0,157.2934648582,13.8557336621455,15.8618988902589,4.09617755856967,0.426633785450062,1.15782983970407,11.9913686806412,12.5906288532676,1.87422934648582,1.05795314426634,26.7644882860666,6.74722564734895,32.9975339087546,44.0123304562269,2.96177558569667,2,2.10604192355117,0.00123304562268804,0.384710234278668,40410.9642416769,1.45622688039457,1.06658446362515
"620",87,5,21.2345454545455,34.8090909090909,0.221818181818182,0.18,0.18,686.676363636364,78.4436363636364,15.8309090909091,4.40909090909091,0.763636363636364,1.16181818181818,17.5636363636364,12.3563636363636,1.60909090909091,1.16727272727273,26.1436363636364,6.68,19.9745454545455,33.1018181818182,2.55636363636364,11.7,2.29636363636364,0.00363636363636364,0.00181818181818182,50280.6145454545,1.45818181818182,1.21818181818182
"622",87,8,20.0988372093023,33.7093023255814,0.0775193798449612,0,0,298.232558139535,52.8410852713178,15.3953488372093,4.22674418604651,0.486434108527132,1.1453488372093,15,13.0329457364341,1.81976744186047,0.982558139534884,25.7073643410853,7.08720930232558,19.1511627906977,32.3875968992248,2.67635658914729,1.26550387596899,2.66085271317829,0.00387596899224806,0,80259.1802325581,1.44186046511628,1.29457364341085
"623",87,9,16.7403846153846,32.5625,0.0913461538461538,0,0,417.163461538462,6.34134615384615,14.6153846153846,4.25,0.533653846153846,1.07932692307692,18.6658653846154,12.5841346153846,2.09615384615385,0.939903846153846,28.8389423076923,7.17067307692308,15.65625,31.9615384615385,2.51201923076923,2.72115384615385,2.375,0.0120192307692308,0,90210.8894230769,1.45913461538462,1.26682692307692
"624",87,10,12.793893129771,28.7557251908397,0.0229007633587786,0,0,54.2748091603053,3.22900763358779,15.9847328244275,4.73282442748092,0.534351145038168,1.11450381679389,16.0687022900763,13.3282442748092,2,1.34351145038168,27.2290076335878,7.0763358778626,12.7251908396947,28.1297709923664,2.6793893129771,3.74809160305344,2.18320610687023,0,0,100069.053435115,1.58778625954198,1.46564885496183
"625",87,11,13.2745098039216,32.156862745098,0,0,0,10,1,14.8823529411765,4.33333333333333,0.254901960784314,1.03921568627451,12.8039215686275,13.1764705882353,1.64705882352941,0.980392156862745,24.8823529411765,7.07843137254902,13.1764705882353,29.8235294117647,2.41176470588235,1,1.68627450980392,0,0,110026,1.54901960784314,1.09803921568627
"626",87,12,22.7892690513219,37.0182737169518,0.198289269051322,0.161353032659409,0.153965785381026,686.276438569207,61.9156298600311,15.6430793157076,4.17884914463453,0.573872472783826,1.10381026438569,14.4148522550544,13.7146189735614,1.95139968895801,1.39657853810264,27.6279160186625,6.64269051321928,22.6283048211509,36.5559875583204,2.93818040435459,2.25894245723173,1.95528771384137,0.0031104199066874,0.01049766718507,121333.854587869,1.55715396578538,1.2293934681182
"627",87,13,22.2338653712699,35.6932685634976,0.0673143650242887,0.00416377515614157,0,612.634975711312,140.605135322693,15.5628036086051,4.31505898681471,0.417765440666204,1.10964607911173,17.2893823733518,13.5412907702984,1.6530187369882,1.14920194309507,27.6537126995142,6.9000693962526,22.1145038167939,36.1984732824427,2.47605829285219,3.21235253296322,2.56557945870923,0.00346981263011797,0.00277585010409438,130743.680083275,1.50312283136711,1.1852879944483
"628",87,15,13.2755905511811,31.1811023622047,0,0,0,3367.14960629921,3.59842519685039,16.1889763779528,4.22047244094488,0.574803149606299,1.09448818897638,17.0236220472441,11.9212598425197,2.18897637795276,0.708661417322835,28.7007874015748,6.49606299212598,12.6771653543307,28.6062992125984,2.92125984251969,1,2.21259842519685,0,0.0078740157480315,150065.622047244,1.37795275590551,1.10236220472441
"629",87,16,10.7479338842975,25.404958677686,0.0289256198347107,0,0,115.640495867769,38.7851239669422,16.2479338842975,4.30165289256198,0.454545454545455,1.07438016528926,13.4462809917355,12.896694214876,1.72727272727273,0.909090909090909,26.1487603305785,6.97107438016529,10.7644628099174,26.0578512396694,2.52479338842975,3.07438016528926,2.67355371900826,0,0.148760330578512,160124.789256198,1.33884297520661,1.14876033057851
"630",87,17,19.6365475387728,42.1503708698584,0.0404585300067431,0,0,1758.03101820634,84.4679703304113,15.6999325691167,4.14430209035738,0.409305461901551,1.11530681051922,15.5940660822657,13.7774780849629,1.97437626432906,1.15441672285907,28.1577882670263,6.90087660148348,13.7633175994606,29.7113958192852,2.69723533378287,4.25556304787593,2.17666891436278,0.00472016183412003,0.00202292650033715,170754.070802428,1.51382333108564,1.27781523937964
"631",87,18,19.2573221757322,35.1192468619247,0.00627615062761506,0,0,751.157949790795,90.8912133891213,15.9152719665272,4.26673640167364,0.418410041841004,1.10355648535565,18.2834728033473,12.6485355648536,1.8347280334728,1.37761506276151,28.7824267782427,6.72489539748954,16.6046025104602,32.3096234309623,2.56694560669456,9.34414225941423,2.76673640167364,0,0.00313807531380753,180489.040794979,1.53242677824268,1.22489539748954
"632",87,19,13.765237020316,27.7697516930023,0.0496613995485327,0,0,1138.69525959368,106.92776523702,15.7629796839729,4.30925507900677,0.494356659142212,1.10835214446953,15.3092550790068,14.1625282167043,1.89841986455982,1.42437923250564,30.0744920993228,7.13769751693002,12.1873589164786,27.0045146726862,2.57562076749436,6.93453724604966,2.24830699774266,0.00677200902934537,0.00677200902934537,190222.191873589,1.4920993227991,1.29571106094808
"633",87,20,11.6698795180723,28.8481927710843,0.0072289156626506,0,0,1155.26024096386,114.561445783133,16.344578313253,4.16385542168675,0.467469879518072,1.18313253012048,16.6385542168675,12.3542168674699,1.74698795180723,1.3566265060241,25.778313253012,6.96626506024096,11.7301204819277,27.1542168674699,2.59759036144578,12.6481927710843,2.74216867469879,0.0144578313253012,0.00963855421686747,200212.83373494,1.49638554216867,1.0578313253012
"634",87,21,13.85546875,28.7643229166667,0.111979166666667,0,0,645.104166666667,119.520833333333,15.86328125,4.25260416666667,0.427083333333333,1.09895833333333,18.7669270833333,13.6041666666667,1.75390625,1.17317708333333,26.9140625,6.95182291666667,13.9466145833333,29.2278645833333,2.57552083333333,3.78515625,2.70703125,0.00260416666666667,0.0104166666666667,210395.345052083,1.43489583333333,1.2421875
"635",87,22,16.5780821917808,28.4383561643836,0.0301369863013699,0,0,648.92602739726,63.0315068493151,15.6438356164384,4.28493150684931,0.376712328767123,1.13150684931507,17.4479452054795,12.4794520547945,1.8958904109589,1.09178082191781,25.858904109589,6.55342465753425,15.7931506849315,27.0643835616438,2.8013698630137,6.29041095890411,2.07671232876712,0.00136986301369863,0.0246575342465753,220380.269863014,1.5,1.21369863013699
"636",87,23,19.127358490566,35.1556603773585,0,0,0,5540.79716981132,15.7358490566038,15.3632075471698,4.45754716981132,0.466981132075472,1.09433962264151,17.6037735849057,13.75,1.79245283018868,1.12735849056604,28.5330188679245,7.09905660377358,16.7216981132075,34.1415094339623,2.71698113207547,1.94339622641509,2.14622641509434,0.00943396226415094,0.0283018867924528,230110.08490566,1.4811320754717,1.51415094339623
"637",87,24,13.1577503429355,30.5665294924554,0,0,0,836.17695473251,72.917695473251,15.3388203017833,4.20164609053498,0.38957475994513,1.11659807956104,16.9519890260631,12.6159122085048,1.95610425240055,1.18930041152263,27.8340192043896,6.98765432098765,13.19890260631,30.4197530864198,2.84087791495199,3.34156378600823,2.34567901234568,0,0,240381.641975309,1.53086419753086,1.14677640603567
"638",87,25,64.5794392523364,69.7943925233645,0.0155763239875389,0,0,738.085669781931,17.9252336448598,15.5140186915888,4.16978193146417,0.389408099688474,1.07320872274143,18.291277258567,12.6947040498442,2.13239875389408,0.862928348909657,25.4688473520249,6.94548286604361,68.5031152647975,71.8598130841121,2.26479750778816,1.00155763239875,2.14330218068536,0,0.0186915887850467,250326.710280374,1.36604361370717,1.3582554517134
"639",87,26,37.2098245614035,48.6947368421053,0.0336842105263158,0,0,803.60350877193,98.8617543859649,15.3452631578947,4.27438596491228,0.484912280701754,1.12421052631579,15.7894736842105,12.9775438596491,1.83438596491228,1.35157894736842,28.0421052631579,7.01684210526316,27.1431578947368,40.4154385964912,2.83719298245614,2.89473684210526,2.49684210526316,0.00701754385964912,0,260734.786666667,1.55508771929825,1.33333333333333
"640",87,27,43.4356223175966,54.1459227467811,0.00643776824034335,0,0,1622.6330472103,85.9484978540773,15.5579399141631,4.18884120171674,0.435622317596566,1.13733905579399,14.293991416309,13.5472103004292,1.85836909871245,1.36909871244635,29.2854077253219,7.19527896995708,33.9227467811159,45.9871244635193,2.68884120171674,2.01716738197425,2.01931330472103,0.0128755364806867,0.0321888412017167,270238.896995708,1.5,1.33261802575107
"641",87,28,10.5007610350076,23.6681887366819,0,0,0,242.487062404871,76.8295281582953,15.4109589041096,4.20395738203957,0.0989345509893455,1.15068493150685,18.1552511415525,12.5905631659056,1.62861491628615,1.23439878234399,27.4444444444444,6.82496194824962,10.5281582952816,21.9117199391172,2.59817351598174,3.98782343987823,2.97716894977169,0.0045662100456621,0,280340.082191781,1.48097412480974,1.21156773211568
"642",87,29,11.3556034482759,27.4773706896552,0.154094827586207,0.021551724137931,0,1715.91487068966,132.285560344828,15.5959051724138,4.28448275862069,0.376077586206897,1.1260775862069,17.4331896551724,12.6206896551724,1.65086206896552,1.15840517241379,27.0075431034483,6.71551724137931,11.4924568965517,27.7424568965517,2.47952586206897,3.73491379310345,2.28771551724138,0.00862068965517241,0.00862068965517241,290467.942887931,1.51616379310345,1.24353448275862
"643",87,30,15.2474747474747,28.8131313131313,0.121212121212121,0,0,65.6565656565657,51.5656565656566,14.7828282828283,4.1969696969697,0.626262626262626,1.18181818181818,13.8636363636364,12.5,1.6969696969697,0.848484848484849,25.8787878787879,7,15.0050505050505,29.4545454545455,2.57575757575758,1.43434343434343,2.62121212121212,0.00505050505050505,0.429292929292929,300100.45959596,1.32828282828283,1.16161616161616
"644",87,31,31.4549019607843,40.4039215686275,0.0313725490196078,0,0,794.282352941176,91.2509803921569,15.6235294117647,3.97647058823529,0.392156862745098,1.16470588235294,14.5686274509804,13.521568627451,1.84705882352941,1.25882352941176,26.7294117647059,6.99607843137255,30.8313725490196,38.6705882352941,2.68627450980392,11.8274509803922,2.29803921568627,0.00784313725490196,0.0549019607843137,310130.411764706,1.51372549019608,1.24313725490196
"645",87,32,22.3012552301255,32.5020920502092,0.0209205020920502,0,0,24.9205020920502,34.0083682008368,16.2677824267782,4.21757322175732,0.506276150627615,1.09623430962343,11.6485355648536,13.020920502092,1.69456066945607,1.05439330543933,29.3054393305439,6.90376569037657,21.3430962343096,32.907949790795,2.44351464435146,1,2.9163179916318,0.00418410041841004,0.0125523012552301,320122.481171548,1.40167364016736,1.10041841004184
"646",87,33,13.0925925925926,25.9074074074074,0,0,0,251.969135802469,10.5925925925926,15.1666666666667,4.06172839506173,0.487654320987654,1.10493827160494,19.2901234567901,14.679012345679,1.76543209876543,1.46296296296296,27.9938271604938,7.05555555555556,13.0123456790123,24.4074074074074,2.40123456790123,1.19753086419753,2.04320987654321,0,0.0246913580246914,330086.611111111,1.49382716049383,1.37654320987654
"647",87,34,85.3358449946179,87.8396124865447,0.00645855758880517,0,0,1357.22497308934,18.4058127018299,15.6480086114101,4.17007534983854,0.33799784714747,1.10118406889128,17.6071044133477,12.7793326157158,1.96447793326157,1.14531754574812,28.2335844994618,7.03982777179763,85.5468245425188,87.9817007534984,2.82023681377826,1.08611410118407,2.01829924650161,0.00861141011840689,0,340501.96555436,1.53067814854682,1.22712594187298
"648",87,35,48.9188640973631,56.1460446247465,0,0,0,577.831643002028,27.2799188640974,15.2819472616633,4.20283975659229,0.523326572008114,1.15212981744422,10.8904665314402,14.0608519269777,1.92089249492901,0.762677484787018,27.1298174442191,6.91277890466531,49.0486815415821,55.7403651115619,2.74847870182556,1.14401622718053,2.53549695740365,0.00202839756592292,0.152129817444219,350249.845841785,1.36511156186613,1.25354969574037
"649",87,36,56.3445021236432,62.7465785747994,0.0802265219443134,0,0,1886.12883435583,65.1226993865031,15.4695611137329,4.19537517697027,0.334119867862199,1.10382255781029,16.1821613968853,13.4138744690892,1.97876356772062,0.985370457763096,27.8669183577159,6.96696554978764,55.8494572911751,62.2317130722039,2.70080226521944,1.53798961774422,2.23879188296366,0.00566304860783388,0.0155733836715432,361079.176026428,1.44974044360547,1.26710712600283
"650",87,37,18.1122881355932,33.4731638418079,0.00353107344632768,0,0,606.431497175141,101.946327683616,15.7485875706215,4.21398305084746,0.503531073446328,1.11864406779661,17.8502824858757,13.3693502824859,1.77754237288136,1.10169491525424,27.1963276836158,6.89053672316384,90.0395480225989,91.7598870056497,2.74435028248588,4.41172316384181,2.08262711864407,0.00211864406779661,0,370718.571327684,1.51341807909605,1.2478813559322
"651",87,38,16.2222222222222,31.7555555555556,0.188888888888889,0,0,354.111111111111,50.7555555555556,15.3777777777778,4.05555555555556,0.466666666666667,1.12222222222222,12.9555555555556,11.1333333333333,1.58888888888889,1.05555555555556,21.8111111111111,6.97777777777778,19.2555555555556,32.1777777777778,2.53333333333333,1.62222222222222,2.56666666666667,0.0111111111111111,0.2,380046.488888889,1.36666666666667,1.34444444444444
"652",87,39,66.4836272040302,73.0088161209068,0.000629722921914358,0,0,1209.56297229219,85.9256926952141,16.1630982367758,4.31360201511335,0.426952141057934,1.11586901763224,18.9773299748111,12.4773299748111,1.85768261964736,1.23047858942065,27.3431989924433,6.94017632241814,64.1895465994962,71.1379093198993,2.62090680100756,9.11523929471033,2.92317380352645,0.00314861460957179,0.00818639798488665,390834.185138539,1.50503778337531,1.36083123425693
"653",87,40,38.7240740740741,50.3925925925926,0.0462962962962963,0,0,1196.40925925926,88.937037037037,15.8703703703704,4.21666666666667,0.348148148148148,1.10555555555556,17.9722222222222,13.2962962962963,1.68333333333333,1.50185185185185,26.8314814814815,7.06481481481481,38.8333333333333,49.0185185185185,2.84814814814815,5.57592592592593,2.4537037037037,0.00185185185185185,0,400281.546296296,1.55555555555556,1.17777777777778
"654",87,41,13.6509945750452,28.9547920433996,0.0578661844484629,0,0,417.884267631103,38.0632911392405,15.8896925858951,4.15189873417722,0.448462929475588,1.11934900542495,16.1591320072333,20.1500904159132,1.88065099457505,1.09403254972875,32.3146473779385,7.08499095840868,13.6455696202532,28.0397830018083,2.81012658227848,1.8499095840868,2.48643761301989,0.00180831826401447,0.0632911392405063,410319.846292948,1.50813743218807,1.35262206148282
"655",87,42,39.4309670206819,50.7255449972051,0.00335382895472331,0,0,1417.61654555618,63.230296254891,15.6008943543879,4.14645053102292,0.466741196198994,1.11067635550587,18.4410285075461,12.5410844046954,1.83901621017328,1.11626607043041,28.1693683622135,6.9854667411962,37.6008943543879,48.9664617104528,2.67747344885411,2.460592509782,2.52655114589156,0.00558971492453885,0.0106204583566238,420908.631637786,1.56064840693125,1.28451648965903
"656",87,44,12.8796296296296,29.4444444444444,0,0,0,336.324074074074,15.3333333333333,17.4166666666667,4.34259259259259,0.231481481481481,1.0462962962963,18.6851851851852,12.0462962962963,2.15740740740741,1.07407407407407,27.8518518518519,7.02777777777778,12.8240740740741,29.0925925925926,2.65740740740741,1,2.32407407407407,0.00925925925925926,0,440059.287037037,1.5,1.42592592592593
"657",87,45,13.9039256198347,28.3667355371901,0,0,0,184.012396694215,48.629132231405,15.7376033057851,4.36776859504132,0.377066115702479,1.12190082644628,18.2014462809917,12.8440082644628,1.6797520661157,1.375,26.120867768595,6.71694214876033,13.5072314049587,28.6332644628099,2.59400826446281,3.52892561983471,2.20454545454545,0.00103305785123967,0.0237603305785124,450503.255165289,1.45144628099174,1.17871900826446
"658",87,46,17.1775700934579,30.6728971962617,7.52336448598131,7.41121495327103,7.4018691588785,404.420560747664,77.6915887850467,15.6355140186916,4.22429906542056,0.485981308411215,1.25233644859813,14.1682242990654,13.8971962616822,1.73831775700935,1.07476635514019,28.5514018691589,7.06542056074766,13.018691588785,25.9065420560748,2.91588785046729,1.51401869158878,2.49532710280374,0.00934579439252336,0.448598130841121,460055.76635514,1.42990654205607,1.17757009345794
"659",87,47,32.6575840145322,45.7520435967302,0.18346957311535,0.00544959128065395,0,640.734786557675,97.1998183469573,16.3378746594005,4.27883742052679,0.455949137148047,1.13260672116258,18.3841961852861,13.9128065395095,1.96457765667575,1.14078110808356,28.0499545867393,6.85558583106267,32.2043596730245,44.4187102633969,2.47593097184378,4.49227974568574,2.80835603996367,0.00454132606721163,0.00454132606721163,470567.335149864,1.49046321525886,1.25431425976385
"660",87,48,18.2274305555556,30.3378472222222,0,0,0,1837.87986111111,237.386458333333,15.5746527777778,4.27048611111111,0.431597222222222,1.13194444444444,14.6829861111111,13.7211805555556,1.928125,1.20173611111111,28.0847222222222,6.67361111111111,18.6888888888889,30.8458333333333,2.77430555555556,5.16944444444444,2.27638888888889,0.00138888888888889,0,481453.676736111,1.47777777777778,1.16909722222222
"661",87,49,45.239852398524,57.0479704797048,0,0,0,1120.0442804428,33.7380073800738,14.5092250922509,4.29889298892989,0.306273062730627,1.09594095940959,12.1143911439114,12.9409594095941,1.7859778597786,0.904059040590406,27.0147601476015,6.8929889298893,41.3837638376384,51.7527675276753,2.85608856088561,7.51660516605166,2.27675276752768,0.003690036900369,0,490141.948339483,1.36162361623616,1.19926199261993
"662",87,50,33.7864077669903,44.5145631067961,0.029126213592233,0,0,1015.67961165049,15.1165048543689,15.495145631068,4.4368932038835,0.621359223300971,1.15533980582524,20.8834951456311,16.1747572815534,2,1.01941747572816,29.5533980582524,7.21359223300971,34.4466019417476,42.495145631068,2.63106796116505,5.28155339805825,2.1747572815534,0.00970873786407767,0.0194174757281553,500054.708737864,1.38834951456311,1.40776699029126
"663",87,51,98.8918322295806,98.9238410596027,0.00772626931567329,0,0,419.03642384106,229.683222958057,15.7384105960265,4.36534216335541,0.475717439293598,1.12693156732892,18.9735099337748,13.7991169977925,1.73399558498896,1.0242825607064,26.9668874172185,6.90286975717439,99,99,2.44260485651214,2.53973509933775,3.01103752759382,0.0022075055187638,0.0033112582781457,510462.886313466,1.46467991169978,1.25827814569536
"664",87,53,13.1693198263386,27.1070911722142,0.0101302460202605,0,0,407.966714905933,42.8842257597684,15.9406657018813,4.23589001447178,0.558610709117221,1.1287988422576,14.8205499276411,12.8234442836469,1.79015918958032,1.04341534008683,25.5123010130246,6.75253256150507,13.0260492040521,26.1534008683068,2.66280752532561,3.25036179450072,2.46888567293777,0.00434153400868307,0.159189580318379,530358.340086831,1.48046309696093,1.21707670043415
"665",87,54,12.5526315789474,27.7272727272727,0.0502392344497608,0,0,300.188995215311,50.6363636363636,15.5598086124402,4.16028708133971,0.4688995215311,1.12679425837321,17.4162679425837,14.7918660287081,1.76076555023923,0.985645933014354,28.9641148325359,6.74162679425837,12.4832535885167,28.5693779904306,2.688995215311,1.60047846889952,2.47607655502392,0.00478468899521531,0,540212.483253589,1.45215311004785,1.40909090909091
"666",87,55,15.0928270042194,30.3755274261603,0,0,0,754.576652601969,75.5611814345991,15.9817158931083,4.19831223628692,0.49648382559775,1.12095639943741,16.7313642756681,12.6554149085795,1.73136427566807,1.38959212376934,27.7369901547117,6.91842475386779,13.9324894514768,29.3586497890295,2.62165963431786,3.31082981715893,2.25175808720113,0.00421940928270042,0.0140646976090014,550370.482419128,1.51617440225035,1.43459915611814
"667",87,56,14.972972972973,29.954954954955,0,0,0,52.3423423423423,23.1621621621622,15.8918918918919,4.51351351351351,0.468468468468468,1.16216216216216,12.1261261261261,13.2792792792793,1.52252252252252,0.648648648648649,24.7297297297297,7.66666666666667,14.8558558558559,28.1711711711712,2.51351351351351,1,2.92792792792793,0,0.0900900900900901,560058.810810811,1.24324324324324,1.37837837837838
"668",88,1,13.8882863340564,28.6605206073753,0.224511930585683,0,0,672.568329718004,71.8720173535792,16.0216919739696,4.30043383947939,0.413232104121475,1.11062906724512,17.5520607375271,12.9555314533623,1.75379609544469,1.14967462039046,27.0195227765727,6.6529284164859,52.6908893709328,60.3774403470716,2.63882863340564,8.43275488069414,2.85683297180043,0.00216919739696312,0.00216919739696312,10467.2527114967,1.47396963123644,1.21583514099783
"669",88,2,10.9302325581395,26.5,0.197674418604651,0,0,491.732558139535,125.720930232558,14.9302325581395,4.56976744186047,0.5,1.12790697674419,10.3255813953488,14.6860465116279,2.12790697674419,0.953488372093023,32.1046511627907,7,8.96511627906977,23.6511627906977,3.15116279069767,6.69767441860465,2.3953488372093,0,0.0116279069767442,20044.9534883721,1.32558139534884,1.2093023255814
"670",88,4,43.4597156398104,51.4703791469194,0.0770142180094787,0,0,176.177725118483,14.3945497630332,16.0177725118483,4.3696682464455,0.402843601895735,1.11848341232227,12.5367298578199,13.1563981042654,1.86492890995261,1.04383886255924,27.6149289099526,6.67890995260664,39.4135071090047,49.0995260663507,2.96563981042654,2.54502369668246,2.11018957345972,0,0.393364928909953,40428.0758293839,1.45497630331754,1.05687203791469
"671",88,5,18.8872180451128,32.0958646616541,0.0357142857142857,0,0,683.203007518797,78.3139097744361,15.7142857142857,4.17105263157895,0.780075187969925,1.14661654135338,17.2124060150376,12.6860902255639,1.7593984962406,1.17293233082707,27.2988721804511,7.03383458646617,18.0413533834586,32.1466165413534,2.72556390977444,10.8251879699248,2.21616541353383,0.0018796992481203,0.0037593984962406,50275.4661654135,1.50375939849624,1.29135338345865
"673",88,8,14.1,28.5711111111111,0.146666666666667,0,0,287.931111111111,56.9733333333333,15.5,4.34666666666667,0.446666666666667,1.10444444444444,13.9533333333333,13.0022222222222,1.78222222222222,0.935555555555556,26.4466666666667,6.67333333333333,14,28.46,2.59555555555556,3.78222222222222,2.72888888888889,0,0.00888888888888889,80228.0311111111,1.43555555555556,1.47111111111111
"674",88,9,14.7690582959641,30.3452914798206,0.109865470852018,0,0,451.266816143498,6.57847533632287,16.1502242152466,4.30717488789238,0.457399103139013,1.08520179372197,18.2130044843049,13.3295964125561,1.9372197309417,1.03811659192825,29.7713004484305,6.94843049327354,13.8430493273543,30.3183856502242,2.52242152466368,2.03587443946188,2.30941704035874,0.00672645739910314,0.00896860986547085,90225.2152466368,1.47533632286996,1.21300448430493
"675",88,10,11.5944055944056,28.8671328671329,0,0,0,33.1118881118881,3.13986013986014,15.8811188811189,4.30769230769231,0.461538461538462,1.11888111888112,16.1398601398601,11.986013986014,1.85314685314685,1.42657342657343,25.2867132867133,6.39160839160839,11.5174825174825,26.5874125874126,2.65734265734266,3.14685314685315,2.04895104895105,0.013986013986014,0,100073.552447552,1.62937062937063,1.26573426573427
"676",88,11,10.1607142857143,28.875,0,0,0,10,1,15,4.33928571428571,0.25,1.08928571428571,16.4821428571429,11.1071428571429,1.85714285714286,0.732142857142857,27.8571428571429,6.83928571428571,10.7678571428571,31.7321428571429,2.73214285714286,1,2.01785714285714,0.0357142857142857,0.0357142857142857,110029.589285714,1.375,1.39285714285714
"677",88,12,25.5496736765772,39.0870195794054,0.0126903553299492,0.004713560551124,0,918.832124728064,63.3411892675852,15.545322697607,4.31689630166788,0.501087744742567,1.11602610587382,14.7356780275562,13.8328498912255,1.90391588107324,1.40319071791153,28.0547498187092,6.61928934010152,25.2570703408267,39.5340826686004,2.89448875997099,3.24039158810732,2.13524292965917,0.00145032632342277,0.00435097897026831,121441.102610587,1.54314720812183,1.19978245105149
"678",88,13,20.9280913978495,35.5907258064516,0.0120967741935484,0,0,693.888440860215,141.109543010753,15.8413978494624,4.2883064516129,0.355510752688172,1.11155913978495,16.7768817204301,13.0530913978495,1.74731182795699,1.25806451612903,27.3790322580645,6.62163978494624,20.3212365591398,35.0981182795699,2.47849462365591,5.59072580645161,2.60551075268817,0.00268817204301075,0.00739247311827957,130770.737903226,1.49059139784946,1.22244623655914
"679",88,15,12.4609375,29.8359375,0,0,0,3605.9375,3.546875,14.890625,4.2734375,0.546875,1.15625,17.8125,12.46875,1.984375,0.8671875,29.2578125,6.5859375,11.140625,30.7578125,2.890625,1,2.25,0,0,150065.859375,1.4375,1.1796875
"680",88,16,11.2982456140351,25.2105263157895,0.570175438596491,0,0,148.662280701754,39.0789473684211,15.9429824561404,4.29824561403509,0.302631578947368,1.12719298245614,11.5438596491228,13.3684210526316,1.70175438596491,0.973684210526316,26.0526315789474,6.87280701754386,11.5,22.8464912280702,2.59649122807018,12.7236842105263,2.26315789473684,0,0.179824561403509,160119.899122807,1.37719298245614,1.29824561403509
"681",88,17,19.6182472989196,43.7286914765906,0.024609843937575,0,0,1675.10264105642,84.6290516206483,15.7010804321729,4.19027611044418,0.42797118847539,1.10264105642257,16.0804321728691,13.0636254501801,1.91416566626651,1.16146458583433,28.1200480192077,6.86194477791116,13.141056422569,30.0264105642257,2.66626650660264,5.63025210084034,2.16266506602641,0.00420168067226891,0,170849.925570228,1.54081632653061,1.22929171668667
"682",88,18,15.1421107628004,31.5914315569488,0.547544409613375,0.417972831765935,0.413793103448276,679.878787878788,86.3396029258098,16.1128526645768,4.2748171368861,0.403343782654127,1.14838035527691,17.4555903866249,12.7439916405434,1.760710553814,1.38453500522466,28.5736677115987,6.90700104493208,15.0135841170324,31.2340647857889,2.68652037617555,9.2748171368861,2.54336468129572,0.00104493207941484,0.0125391849529781,180516.719958203,1.54858934169279,1.27272727272727
"683",88,19,14.3967611336032,29.4716599190283,0.248987854251012,0,0,1192.04655870445,104.676113360324,15.8825910931174,4.23886639676113,0.449392712550607,1.12753036437247,15.0991902834008,15.4817813765182,1.917004048583,1.31578947368421,28.7914979757085,7.09109311740891,13.1497975708502,27.6113360323887,2.56477732793522,3.98380566801619,2.23481781376518,0.00202429149797571,0,190251.67611336,1.5,1.32591093117409
"684",88,20,11.5738916256158,26.615763546798,0,0,0,1151.56650246305,112.832512315271,16.0394088669951,4.32266009852217,0.426108374384236,1.18965517241379,16.5566502463054,12.5320197044335,1.80788177339901,1.20689655172414,27.1822660098522,6.96059113300493,11.5985221674877,28.5369458128079,2.60837438423645,8.29556650246305,2.65024630541872,0.00985221674876847,0.00492610837438424,200210.556650246,1.48029556650246,1.0935960591133
"685",88,21,13.8926080892608,28.2412831241283,0.322175732217573,0,0,547.359832635983,118.520223152022,15.2175732217573,4.35983263598326,0.461645746164575,1.16875871687587,18.6164574616457,13.4476987447699,1.68758716875872,1.13249651324965,27.9065550906555,6.76011157601116,13.721059972106,28.7099023709902,2.64295676429568,1.51743375174338,2.75174337517434,0.00418410041841004,0.0209205020920502,210370.90237099,1.4463040446304,1.19246861924686