"","YEAR","STATE","ARR_HOUR","ARR_MIN","CF1","CF2","CF3","CITY","COUNTY","DAY","DAY_WEEK","DRUNK_DR","FATALS","HARM_EV","HOUR","LGT_COND","MAN_COLL","MINUTE","MONTH","NOT_HOUR","NOT_MIN","PERSONS","RAIL","REL_ROAD","SCH_BUS","SP_JUR","ST_CASE","VE_FORMS","WEATHER"
"686",88,22,16.0912408759124,27.1520681265207,0.037712895377129,0,0,518.784671532847,62.7469586374696,15.4367396593674,4.23479318734793,0.317518248175182,1.12530413625304,17.0547445255474,12.1131386861314,1.94160583941606,1.16058394160584,26.5170316301703,6.71654501216545,15.2457420924574,26.6581508515815,2.72262773722628,7.09732360097324,2.23965936739659,0,0.0158150851581509,220427.430656934,1.49026763990268,1.3698296836983
"687",88,23,21.5064935064935,35.6277056277056,0,0,0,5171.67965367965,19.7619047619048,15.3419913419913,4.38095238095238,0.363636363636364,1.10822510822511,16.8658008658009,13.6190476190476,1.74458874458874,1.02164502164502,26.5844155844156,7.16883116883117,19.7445887445887,34.3896103896104,2.50649350649351,1.16017316017316,2.51082251082251,0.00432900432900433,0,230117.220779221,1.42424242424242,1.39393939393939
"688",88,24,13.3183098591549,30.4323943661972,0,0,0,823.291549295775,63.4211267605634,15.9211267605634,4.24084507042254,0.354929577464789,1.1,17.8732394366197,13.3422535211268,1.88028169014085,1.14507042253521,27.1661971830986,6.81549295774648,13.0746478873239,28.6507042253521,2.68591549295775,2.10281690140845,2.30704225352113,0.0028169014084507,0,240365.608450704,1.54507042253521,1.17183098591549
"689",88,25,73.8677563150074,76.0861812778603,0.0757800891530461,0.00445765230312036,0,699.82912332838,16.0668647845468,16.1708766716196,4.39375928677563,0.401188707280832,1.07726597325409,18.4160475482912,12.6032689450223,2.09955423476969,0.851411589895988,27.3506686478455,7.08469539375929,73.7102526002972,75.9019316493313,2.38484398216939,1.05646359583952,2.33283803863299,0.00445765230312036,0,250348.783060921,1.40416047548291,1.2927191679049
"690",88,26,36.5511140235911,47.9200524246396,0.201179554390564,0,0,878.627129750983,102.970511140236,15.5511140235911,4.27326343381389,0.465268676277851,1.11926605504587,15.6363040629096,12.8034076015727,1.81454783748362,1.35976408912189,27.7234600262123,6.90170380078637,27.3859764089122,40.9482306684142,2.72804718217562,3.62254259501966,2.46985583224115,0.00458715596330275,0.00196592398427261,260775.654652687,1.56356487549148,1.34207077326343
"691",88,27,39.1160220994475,50.1896869244936,0,0,0,1701.39594843462,84.4732965009208,15.7955801104972,4.14364640883978,0.462246777163904,1.12707182320442,14.1675874769797,13.9465930018416,1.95027624309392,1.34069981583794,29.0589318600368,6.91160220994475,27.3204419889503,40.7090239410681,2.74953959484346,5.16574585635359,1.97421731123389,0.00736648250460405,0.0165745856353591,270288.246777164,1.51749539594843,1.34438305709024
"692",88,28,12.2167721518987,25.3227848101266,0,0,0,259.305379746835,79.0664556962025,15.2405063291139,4.39715189873418,0.064873417721519,1.14240506329114,17.5806962025316,13.1075949367089,1.73575949367089,1.07594936708861,26.9810126582278,6.74050632911392,12.25,24.5189873417722,2.64715189873418,6.00474683544304,2.93987341772152,0.00158227848101266,0,280324.439873418,1.47310126582278,1.32436708860759
"693",88,29,11.6758691206544,28.3732106339468,0.221881390593047,0.0132924335378323,0,1682.62065439673,130.848670756646,15.7770961145194,4.29959100204499,0.408997955010225,1.1278118609407,18.4192229038855,12.7719836400818,1.640081799591,1.10122699386503,27.0501022494888,6.73721881390593,11.6411042944785,28.0501022494888,2.4601226993865,5.50511247443763,2.41820040899796,0.00408997955010225,0.00408997955010225,290496.567484663,1.46830265848671,1.19427402862986
"694",88,30,12.6612021857923,25.8469945355191,0.218579234972678,0.0327868852459016,0,93.9890710382514,52.0601092896175,15.6775956284153,4.08743169398907,0.562841530054645,1.08196721311475,14.0765027322404,13.6448087431694,1.80327868852459,0.85792349726776,27.0601092896175,7.08196721311475,11.6174863387978,27.568306010929,2.45355191256831,1.23497267759563,2.66666666666667,0,0.502732240437158,300092.978142077,1.31147540983607,1.14754098360656
"695",88,31,14.3589743589744,28.8119658119658,0.495726495726496,0.0128205128205128,0,875.25641025641,86.8974358974359,15.7692307692308,4.27777777777778,0.482905982905983,1.11538461538462,12.7478632478632,13.9401709401709,1.79487179487179,1.28205128205128,29.3034188034188,6.6965811965812,14.5042735042735,28.0854700854701,2.51282051282051,8.41880341880342,2.26495726495726,0.00427350427350427,0.0256410256410256,310122.709401709,1.46153846153846,1.23931623931624
"696",88,32,20,30.99609375,0.1796875,0,0,32.4609375,21.27734375,14.1953125,4.1796875,0.4609375,1.1171875,11.625,13.046875,1.80078125,1.03515625,24.80859375,6.9609375,19.96484375,29.03125,2.59765625,4.8515625,2.875,0,0.01171875,320131.98046875,1.375,1.03515625
"697",88,33,14.4238410596026,30.1655629139073,0.0927152317880795,0,0,325.860927152318,11.5562913907285,14.4569536423841,4.07284768211921,0.390728476821192,1.09933774834437,18.9735099337748,13.1986754966887,1.74172185430464,1.42384105960265,28.0198675496689,6.85430463576159,20.3907284768212,33.887417218543,2.5364238410596,1,1.72185430463576,0,0.00662251655629139,330081.947019868,1.55629139072848,1.2317880794702
"698",88,34,83.6853002070393,86.9958592132505,0.0010351966873706,0,0,1269.25983436853,18.4782608695652,16.2536231884058,4.38405797101449,0.334368530020704,1.0879917184265,17.3757763975155,12.2256728778468,2.01449275362319,1.1055900621118,28.9265010351967,6.74534161490683,83.5393374741201,86.7028985507246,2.67080745341615,1.8592132505176,2.03830227743271,0.0041407867494824,0,340518.620082816,1.49585921325052,1.2463768115942
"699",88,35,29.7575057736721,39.635103926097,0.115473441108545,0,0,400.006928406466,26.8337182448037,14.7875288683603,4.18475750577367,0.554272517321016,1.12471131639723,12.824480369515,13.7113163972286,1.8568129330254,0.775981524249423,27.2309468822171,6.83833718244804,29.3695150115473,39.3926096997691,2.87066974595843,1.07390300230947,2.72517321016166,0,0.193995381062356,350218.004618938,1.36720554272517,1.17321016166282
"700",88,36,52.6051356589147,60.219476744186,0.235949612403101,0,0,1896.32848837209,63.187015503876,15.656976744186,4.12403100775194,0.322674418604651,1.09302325581395,16.7829457364341,12.843023255814,1.93701550387597,0.986918604651163,27.0649224806202,6.95445736434108,52.1458333333333,59.7684108527132,2.71511627906977,1.66812015503876,2.36240310077519,0.00678294573643411,0.0135658914728682,361050.505813953,1.43168604651163,1.29554263565891
"701",88,37,18.1942857142857,34.0292857142857,0.0135714285714286,0,0,529.575,102.122142857143,15.7257142857143,4.27285714285714,0.450714285714286,1.12357142857143,17.5914285714286,13.4785714285714,1.71571428571429,1.16,27.03,6.94357142857143,88.7971428571429,90.3978571428571,2.805,4.64285714285714,2.03714285714286,0.00214285714285714,0,370721.423571429,1.52285714285714,1.28285714285714
"702",88,38,19.5217391304348,32.5108695652174,0.673913043478261,0,0,428.260869565217,57.7173913043478,16.1413043478261,3.83695652173913,0.445652173913043,1.1304347826087,9.91304347826087,12.8695652173913,1.6195652173913,0.989130434782609,21.3695652173913,6.78260869565217,20.4673913043478,32,2.71739130434783,2.26086956521739,2.34782608695652,0.0108695652173913,0.195652173913043,380046.5,1.34782608695652,1.27173913043478
"703",88,39,60.5535939470366,68.9022698612863,0.0189155107187894,0,0,1111.51450189155,85.2017654476671,15.4785624211854,4.22572509457755,0.39281210592686,1.10214375788146,18.8833543505675,12.5460277427491,1.82156368221942,1.28373266078184,28.0044136191677,6.71374527112232,58.8203026481715,67.0750315258512,2.57440100882724,8.00126103404792,2.88020176544767,0.00315258511979823,0.000630517023959647,390847.038461538,1.50819672131148,1.2780580075662
"704",88,40,34.5793226381462,45.0606060606061,0.121212121212121,0,0,1214.08556149733,85.7450980392157,15.7504456327986,4.33868092691622,0.38680926916221,1.13725490196078,18.7557932263815,13.0802139037433,1.64884135472371,1.24598930481283,25.1140819964349,6.90909090909091,34.5864527629234,45.9625668449198,2.73618538324421,7.90196078431373,2.22103386809269,0,0.0213903743315508,400297.162210339,1.49197860962567,1.12121212121212
"705",88,41,12.896309314587,29.9367311072056,0.147627416520211,0,0,394.796133567663,36.1247803163445,15.5413005272408,4.26010544815466,0.456942003514938,1.18980667838313,16.2390158172232,15.4710017574692,1.79613356766257,1.11775043936731,30.0105448154657,7.06326889279438,12.7152899824253,28.6080843585237,2.92091388400703,1.90685413005272,2.36555360281195,0.00175746924428822,0.0685413005272408,410311.843585237,1.52021089630931,1.39543057996485
"706",88,42,34.7107344632768,46.790395480226,0.084180790960452,0,0,1406.48531073446,63.9231638418079,15.8728813559322,4.37005649717514,0.431638418079096,1.0909604519774,18.7757062146893,12.3790960451977,1.86779661016949,1.14802259887006,27.2237288135593,6.92485875706215,33.1677966101695,45.3570621468927,2.5954802259887,2.23728813559322,2.45141242937853,0.00338983050847458,0.00564971751412429,420893.017514124,1.54350282485876,1.30395480225989
"707",88,44,14.2372881355932,29.7542372881356,0.296610169491525,0,0,730.550847457627,6.32203389830508,15.8474576271186,4.35593220338983,0.474576271186441,1.05932203389831,19.4237288135593,12.6525423728814,2.1864406779661,0.949152542372881,28.2457627118644,6.41525423728814,13.4830508474576,30.0932203389831,2.4406779661017,1,2.44915254237288,0,0,440062.245762712,1.45762711864407,1.26271186440678
"708",88,45,13.0330396475771,27.7720264317181,0.455947136563877,0.0198237885462555,0.0198237885462555,303.464757709251,48.2643171806167,15.9129955947137,4.36233480176211,0.253303964757709,1.13546255506608,18.5099118942731,12.8678414096916,1.78193832599119,1.37114537444934,24.5209251101322,6.70484581497797,14.1674008810573,28.7367841409692,2.58480176211454,4.97136563876652,2.90308370044053,0.00550660792951542,0.013215859030837,450476.833700441,1.44823788546256,1.16960352422907
"709",88,46,13.244094488189,27.4803149606299,6.4251968503937,6.23622047244094,6.23622047244094,349.88188976378,80.4015748031496,16.7086614173228,4.35433070866142,0.511811023622047,1.15748031496063,15.7874015748031,14.5275590551181,2.03937007874016,0.732283464566929,26.488188976378,7.24409448818898,11.2047244094488,25.1653543307087,2.69291338582677,2.55905511811024,2.86614173228346,0,0.653543307086614,460064.842519685,1.29133858267717,1.28346456692913
"710",88,47,28.6998207885305,41.5591397849462,0.57078853046595,0.112903225806452,0.0940860215053763,598.692652329749,95.8118279569892,15.7051971326165,4.20071684587814,0.482974910394265,1.13440860215054,17.5089605734767,14.1478494623656,1.8252688172043,1.0510752688172,27.6245519713262,6.77867383512545,28.4569892473118,41.8181003584229,2.56720430107527,6.59587813620072,3.14516129032258,0.003584229390681,0.00716845878136201,470592.958781362,1.46505376344086,1.25627240143369
"711",88,48,14.6947684105298,28.6537820726425,0.187937354215262,0,0,1818.107964012,234.639453515495,15.9553482172609,4.16961012995668,0.431856047984005,1.13028990336554,15.2305898033989,13.6547817394202,1.9403532155948,1.09896701099633,28.057980673109,6.71476174608464,15.0076641119627,29.2799066977674,2.68510496501166,5.27390869710097,2.22992335888037,0.00333222259246918,0,481510.993335555,1.4488503832056,1.15561479506831
"712",88,49,41.8372093023256,51.6007751937984,0,0,0,1154.33720930233,33.968992248062,14.6046511627907,4.27906976744186,0.372093023255814,1.15116279069767,11.2984496124031,14.8294573643411,1.68604651162791,1.19767441860465,26.7596899224806,6.77131782945736,40.6201550387597,48.4612403100775,2.8953488372093,9.0968992248062,2.41860465116279,0,0,490133.220930233,1.47286821705426,1.20542635658915
"713",88,50,38.0512820512821,43.3076923076923,0,0,0,1352.90598290598,15.2735042735043,15.9145299145299,4.23931623931624,0.495726495726496,1.1025641025641,20.7863247863248,17.2307692307692,1.82051282051282,1.06837606837607,29.7692307692308,7.23076923076923,35.9487179487179,44.3589743589744,2.33333333333333,1,2.35897435897436,0,0,500062.170940171,1.39316239316239,1.27350427350427
"714",88,51,99,99,0,0,0,378.994850669413,222.174047373841,15.4994850669413,4.33470648815654,0.441812564366632,1.10401647785788,19.5561277033986,12.9598352214212,1.72811534500515,1.13800205973223,25.9114315139032,7.00205973223481,99,99,2.42533470648816,3.10298661174047,2.97219361483007,0,0.00514933058702369,510496.36869207,1.45829042224511,1.23274974253347
"715",88,53,19.1814285714286,33.02,0.14,0,0,411.712857142857,43.66,15.95,4.22571428571429,0.605714285714286,1.11142857142857,16.0171428571429,12.9385714285714,1.81285714285714,1.02571428571429,27.3828571428571,6.85,19.0542857142857,31.1071428571429,2.66428571428571,2.87142857142857,2.45428571428571,0.00142857142857143,0.222857142857143,530361.65,1.46142857142857,1.23714285714286
"716",88,54,12.2864197530864,27.3802469135802,0.0172839506172839,0,0,276.683950617284,50.4716049382716,16.4913580246914,4.23950617283951,0.466666666666667,1.1358024691358,17.9802469135802,15.2814814814815,1.72592592592593,0.925925925925926,27.1827160493827,6.62962962962963,12.362962962963,27.762962962963,2.7358024691358,1.79012345679012,2.41234567901235,0,0,540206.320987654,1.43703703703704,1.27901234567901
"717",88,55,15.7741477272727,31.2244318181818,0.0383522727272727,0,0,715.582386363636,76.0838068181818,15.6775568181818,4.21022727272727,0.529829545454545,1.14630681818182,18.2159090909091,12.3394886363636,1.69886363636364,1.40909090909091,27.8806818181818,7.09801136363636,13.4204545454545,29.5099431818182,2.54829545454545,2.20880681818182,2.31676136363636,0.00426136363636364,0.00426136363636364,550363.257102273,1.50426136363636,1.34232954545455
"718",88,56,13.7131782945736,26.7131782945736,0.0930232558139535,0,0,53.7984496124031,22.3643410852713,17.2093023255814,4.09302325581395,0.511627906976744,1.2015503875969,10.6511627906977,13.3410852713178,1.78294573643411,0.751937984496124,28.8759689922481,7.17829457364341,11.6201550387597,24.6356589147287,2.63565891472868,5.04651162790698,2.47286821705426,0,0.124031007751938,560066.937984496,1.38759689922481,1.76744186046512
"719",89,1,13.9553376906318,28.1699346405229,0.281045751633987,0,0,589.67211328976,73.8779956427015,15.6623093681917,4.43899782135076,0.44880174291939,1.12091503267974,18.6220043572985,12.9226579520697,1.70152505446623,1.14814814814815,26.8986928104575,6.65141612200436,59.8235294117647,65.5272331154684,2.55882352941176,8.40196078431373,3.06644880174292,0.00326797385620915,0,10464.2625272331,1.4760348583878,1.25381263616558
"720",89,2,10.2278481012658,28.2784810126582,0.177215189873418,0,0,302.151898734177,105.354430379747,13.3924050632911,4.15189873417722,0.468354430379747,1.06329113924051,13.0632911392405,13.379746835443,1.91139240506329,1.49367088607595,33.2278481012658,6.82278481012658,10.4050632911392,26.1772151898734,2.69620253164557,1,2.20253164556962,0,0,20043.3670886076,1.50632911392405,1.56962025316456
"721",89,4,41.8012987012987,51.9246753246753,0.653246753246753,0.514285714285714,0.514285714285714,165.766233766234,14.0571428571429,16.0376623376623,4.13896103896104,0.376623376623377,1.14155844155844,13.3337662337662,12.225974025974,1.83376623376623,1.08701298701299,26.8779220779221,6.52597402597403,38.1896103896104,48.9519480519481,3.05324675324675,2.97272727272727,2.16233766233766,0.0012987012987013,0.358441558441558,40392.1922077922,1.52857142857143,1.19220779220779
"722",89,5,21.2946273830156,34.5667244367418,0.0901213171577123,0.00346620450606586,0,648.116117850953,82.1386481802426,15.4783362218371,4.22010398613518,0.764298093587522,1.12131715771231,17.4263431542461,13.4246100519931,1.71403812824957,1.20623916811092,27.8110918544194,7,19.0849220103986,33.471403812825,2.51473136915078,18.7677642980936,2.26169844020797,0,0.00866551126516464,50294.0589254766,1.45407279029463,1.25996533795494
"724",89,8,24.8253638253638,36.4927234927235,0.291060291060291,0,0,357.914760914761,52.2765072765073,16.0977130977131,4.04989604989605,0.453222453222453,1.0956340956341,14.9334719334719,12.8191268191268,1.8024948024948,1.01039501039501,26.4906444906445,6.93762993762994,24.1933471933472,35.9376299376299,2.87110187110187,1.11018711018711,2.7962577962578,0.00415800415800416,0.0207900207900208,80241.841995842,1.46985446985447,1.31808731808732
"725",89,9,15.1503957783641,31.2110817941953,0.102902374670185,0.0105540897097625,0,454.445910290237,6.04485488126649,15.7387862796834,4.13456464379947,0.451187335092348,1.0712401055409,19.1846965699208,13.1372031662269,2.05540897097625,1.03693931398417,29.5620052770449,6.95514511873351,14.5224274406332,30.7678100263852,2.41160949868074,1.75725593667546,2.47493403693931,0.0079155672823219,0.0105540897097625,90195.6701846966,1.43799472295515,1.31926121372032
"726",89,10,16.3703703703704,31.037037037037,0.287037037037037,0,0,51.7962962962963,3.05555555555556,16.0740740740741,4.25925925925926,0.453703703703704,1.07407407407407,20.2222222222222,12.462962962963,1.93518518518519,1.25925925925926,26.712962962963,6.97222222222222,14.7592592592593,30.5092592592593,2.57407407407407,3.85185185185185,2.49074074074074,0,0.00925925925925926,100058.75,1.49074074074074,1.22222222222222
"727",89,11,11.1,27.8571428571429,0,0,0,10,1,15.5,4.17142857142857,0.171428571428571,1.02857142857143,15.8285714285714,11.6714285714286,1.7,1.12857142857143,25.9857142857143,5.67142857142857,11.3142857142857,26.5285714285714,2.42857142857143,1,2.05714285714286,0,0.171428571428571,110041.3,1.4,1.18571428571429
"728",89,12,24.2655493482309,38.6741154562384,0.0230912476722533,0,0,920.463314711359,62.5530726256983,15.5381750465549,4.25772811918063,0.443575418994413,1.11135940409683,14.1422718808194,13.3020484171322,1.96052141527002,1.38882681564246,28.0003724394786,6.4219739292365,24.1322160148976,38.3832402234637,2.84506517690875,4.30055865921788,2.0610800744879,0.00223463687150838,0.00707635009310987,121386.269646182,1.52998137802607,1.20633147113594
"729",89,13,17.9451476793249,32.5443037974684,0.194092827004219,0,0,527.024613220816,141.085794655415,15.5007032348805,4.24261603375527,0.372714486638537,1.14767932489451,17.5239099859353,13.2960618846695,1.71308016877637,1.18495077355837,27.4085794655415,6.78691983122363,17.9374120956399,32.415611814346,2.56540084388186,6.46132208157525,2.70604781997187,0.00210970464135021,0.00492264416315049,130736.422644163,1.50492264416315,1.26300984528833
"730",89,15,13.3255813953488,28.2558139534884,0.108527131782946,0,0,3716.11627906977,3.48062015503876,14.9457364341085,4.26356589147287,0.527131782945736,1.15503875968992,15.5271317829457,13.1782945736434,1.97674418604651,1.03875968992248,32.1007751937984,6.76744186046512,13.3798449612403,30.7751937984496,2.89147286821705,1,2.10077519379845,0,0.00775193798449612,150066.782945736,1.41860465116279,1.2015503875969
"731",89,16,12.1084905660377,26.6981132075472,0.754716981132076,0.466981132075472,0.466981132075472,123.915094339623,40.3066037735849,14.8066037735849,4.37264150943396,0.330188679245283,1.12264150943396,14.0471698113208,14.7311320754717,1.7311320754717,0.971698113207547,26.4056603773585,7.26415094339623,12.122641509434,28.0660377358491,2.66509433962264,11.3254716981132,2.66037735849057,0,0.0849056603773585,160109.54245283,1.40094339622642,1.27830188679245
"732",89,17,20.5126213592233,43.1631067961165,0.0323624595469256,0,0,1708.44466019417,83.6135922330097,15.7449838187702,4.2168284789644,0.434304207119741,1.13139158576052,16.1961165048544,14.0938511326861,1.97022653721683,1.157928802589,27.863430420712,6.99741100323625,14.0504854368932,29.6071197411003,2.7326860841424,6.38964401294498,2.09708737864078,0.00388349514563107,0.000647249190938511,170779.987702265,1.51391585760518,1.31391585760518
"733",89,18,13.0430839002268,30.0907029478458,0.400226757369614,0.018140589569161,0,753.715419501134,88.5170068027211,15.5827664399093,4.30952380952381,0.392290249433107,1.10090702947846,17.3684807256236,12.6904761904762,1.77097505668934,1.47278911564626,28.3537414965986,6.79138321995465,12.875283446712,30.0294784580499,2.70294784580499,12.6757369614512,2.43877551020408,0.00113378684807256,0.0090702947845805,180452.056689342,1.60090702947846,1.35147392290249
"734",89,19,14.9179600886918,28.9822616407982,0.363636363636364,0,0,1271.30376940133,112.139689578714,16.1263858093126,4.25720620842572,0.405764966740576,1.13968957871397,15.5144124168514,13.9068736141907,1.8980044345898,1.33259423503326,28.3348115299335,6.94013303769401,13.2727272727273,27.9556541019956,2.51219512195122,3.17516629711752,2.17516629711752,0,0.00221729490022173,190231.332594235,1.50554323725055,1.48558758314856
"735",89,20,11.010781671159,25.2075471698113,0.0188679245283019,0,0,981.059299191375,118.401617250674,15.2479784366577,4.22102425876011,0.398921832884097,1.15363881401617,15.9164420485175,14.0350404312668,1.70080862533693,1.2722371967655,27.9865229110512,6.83018867924528,11.1078167115903,26.3072776280323,2.58760107816712,16.3854447439353,2.54986522911051,0.00539083557951483,0.032345013477089,200192.059299191,1.47169811320755,1.09973045822102
"736",89,21,15.5437317784257,31.8498542274052,0.322157434402332,0,0,676.913994169096,120.373177842566,15.698250728863,4.17930029154519,0.418367346938776,1.12536443148688,19.8381924198251,12.6516034985423,1.68221574344023,1.08454810495627,25.365889212828,6.46938775510204,15.5422740524781,29.6997084548105,2.63119533527697,1.74198250728863,2.77696793002915,0.0043731778425656,0,210356.747813411,1.47813411078717,1.32361516034985
"737",89,22,16.346547314578,28.6125319693095,0.312020460358056,0,0,549.314578005115,63.5115089514066,15.7135549872123,4.26470588235294,0.367007672634271,1.1227621483376,18.0575447570332,12.9028132992327,1.83248081841432,1.06649616368286,27.0703324808184,6.846547314578,15.4667519181586,27.6943734015345,2.67263427109974,7.73017902813299,2.3618925831202,0.0051150895140665,0.00383631713554987,220401.086956522,1.46291560102302,1.28132992327366
"738",89,23,19.731843575419,34.3240223463687,0,0,0,5168.73184357542,14.0837988826816,15.5921787709497,3.56983240223464,0.363128491620112,1.08379888268156,17.3463687150838,13.2625698324022,1.77094972067039,1.01675977653631,27.9497206703911,6.24581005586592,18.9832402234637,31.2346368715084,2.73743016759777,2.73743016759777,2.12290502793296,0,0,230091.424581006,1.48603351955307,1.37988826815642
"739",89,24,13.2033639143731,29.4067278287462,0,0,0,905.822629969419,67.9418960244648,15.7125382262997,4.36085626911315,0.330275229357798,1.11009174311927,17.1452599388379,12.5932721712538,1.88837920489297,1.18807339449541,28.4617737003058,6.87614678899083,13.0183486238532,29.5382262996942,2.86544342507645,1.8256880733945,2.18807339449541,0.00152905198776758,0,240336.750764526,1.60091743119266,1.16666666666667
"740",89,25,74.7697160883281,78.096214511041,0.0331230283911672,0,0,709.334384858044,15.391167192429,15.6798107255521,4.42902208201893,0.429022082018927,1.09779179810726,19.307570977918,12.5378548895899,2.05520504731861,0.919558359621451,26.6876971608833,6.49369085173502,73.7066246056782,76.8359621451104,2.3801261829653,2.41798107255521,2.63564668769716,0.00157728706624606,0.00157728706624606,250329.701892744,1.40536277602524,1.28706624605678
"741",89,26,34.7178789938817,47.5207341944256,0.239972807613868,0,0,828.261046906866,102.256288239293,15.6172671651937,4.29435757987763,0.445275322909585,1.11420802175391,16.6573759347383,12.800815771584,1.80149558123725,1.45955132562882,27.8334466349422,6.86607749830048,25.6118286879674,39.5547246770904,2.78178110129164,4.34058463630184,2.54316791298436,0.00271923861318831,0,260747.463630184,1.57443915703603,1.35418082936778
"742",89,27,43.3475836431227,52.0315985130112,0.0260223048327138,0,0,1732.97397769517,84.4312267657993,15.7769516728625,4.23234200743494,0.464684014869888,1.12267657992565,13.9721189591078,14.4312267657993,1.8364312267658,1.4089219330855,29.2936802973978,7.13197026022305,31.4925650557621,44.0669144981413,2.69144981412639,4.22118959107807,2.10594795539033,0.00743494423791822,0.0390334572490706,270275.252788104,1.51115241635688,1.49814126394052
"743",89,28,11.4782608695652,26.3816425120773,0,0,0,226.571658615137,76.9033816425121,15.3446054750403,4.47020933977456,0.173913043478261,1.170692431562,18.9855072463768,13.7665056360709,1.77938808373591,1.01127214170692,29.3977455716586,6.58615136876006,11.450885668277,24.3123993558776,2.40740740740741,8.70692431561997,3.11755233494364,0.00161030595813205,0.00644122383252818,280316.333333333,1.42351046698873,1.40740740740741
"744",89,29,11.6346153846154,28.0811965811966,0.439102564102564,0,0,1693.60790598291,134.962606837607,15.900641025641,4.2724358974359,0.420940170940171,1.12393162393162,17.4102564102564,12.8226495726496,1.65598290598291,1.13675213675214,28.1314102564103,6.86858974358974,11.6709401709402,28.5512820512821,2.4732905982906,5.82264957264957,2.37606837606838,0.00534188034188034,0.00854700854700855,290470.516025641,1.48397435897436,1.23397435897436
"745",89,30,12.9447852760736,28.0613496932515,0.104294478527607,0,0,80.3006134969325,56.1411042944785,15.6257668711656,4.30061349693251,0.478527607361963,1.11042944785276,13.5644171779141,12.9141104294479,1.65644171779141,0.895705521472393,26.0981595092025,7.04907975460123,13.0920245398773,27.5276073619632,2.5398773006135,1.54601226993865,2.61349693251534,0.00613496932515337,0.515337423312883,300082.18404908,1.31901840490798,1.38036809815951
"746",89,31,18.4980544747082,33.8793774319066,1.13229571984436,0.770428015564202,0.770428015564202,804.929961089494,91.8171206225681,16.2490272373541,4.15175097276265,0.416342412451362,1.15175097276265,13.6498054474708,14.3929961089494,1.65758754863813,1.34630350194553,27.7859922178988,6.94552529182879,18.7237354085603,32.1673151750973,2.70038910505837,13.8249027237354,2.14396887159533,0.00778210116731518,0.0428015564202335,310137.805447471,1.53307392996109,1.11284046692607
"747",89,32,22.8913043478261,32.554347826087,0.402173913043478,0,0,30.304347826087,21.9710144927536,15.8152173913043,3.98550724637681,0.481884057971014,1.11594202898551,12.9202898550725,12.8985507246377,1.75724637681159,0.949275362318841,27.304347826087,7.32608695652174,22.5724637681159,33.0471014492754,2.59420289855072,1,3.16666666666667,0.0036231884057971,0.0072463768115942,320141.811594203,1.36231884057971,1.01086956521739
"748",89,33,18.0424242424242,32.7030303030303,0,0,0,563.866666666667,11.0121212121212,15.769696969697,4,0.393939393939394,1.13333333333333,20.0727272727273,13.1090909090909,1.73939393939394,1.01212121212121,27.6666666666667,6.36969696969697,17.5575757575758,32.4484848484848,2.36363636363636,1,1.96969696969697,0.0121212121212121,0,330090.8,1.41818181818182,1.50909090909091
"749",89,34,90.1265356265356,91.9078624078624,0.00245700245700246,0,0,1302.44103194103,18.6363636363636,15.6093366093366,4.14004914004914,0.331695331695332,1.09459459459459,17.0761670761671,12.453316953317,1.94348894348894,1.10687960687961,28.4336609336609,6.58108108108108,90.017199017199,91.6597051597052,2.81081081081081,2.26781326781327,1.96805896805897,0.00122850122850123,0.00491400491400491,340440.593366093,1.52334152334152,1.22604422604423
"750",89,35,22.7057569296375,33.1215351812367,0.0852878464818763,0,0,644.095948827292,28.3283582089552,15.8507462686567,4.36034115138593,0.479744136460554,1.14712153518124,11.8358208955224,13.134328358209,1.81236673773987,0.929637526652452,26.1855010660981,6.69509594882729,22.4584221748401,34.0362473347548,2.81876332622601,2.23667377398721,2.51172707889126,0.00213219616204691,0.226012793176972,350239.452025586,1.36886993603412,1.25799573560768
"751",89,36,46.9220404234841,56.3686236766121,0.294995187680462,0,0,1972.96679499519,63.3455245428296,15.9056785370549,4.1939364773821,0.306063522617902,1.08758421559192,16.9210779595765,12.9234841193455,1.95572666025024,0.966313763233879,27.6227141482194,6.78922040423484,46.4201154956689,56.1097208854668,2.68719923002887,1.68912415784408,2.3623676612127,0.00721847930702599,0.0202117420596728,361056.905197305,1.44273339749759,1.31376323387873
"752",89,37,17.8962906888721,32.3103709311128,0,0,0,605.959121877366,101.919000757002,16.0083270249811,4.13474640423921,0.403482210446631,1.11355034065102,17.439061317184,13.5919757759273,1.72066616199849,1.21574564723694,26.9909159727479,6.70704012112036,97.2937168811506,97.6245268735806,2.81680545041635,6.03179409538229,1.98031794095382,0,0.00832702498107494,370669.300529902,1.53595760787282,1.32551097653293