"","YEAR","STATE","ARR_HOUR","ARR_MIN","CF1","CF2","CF3","CITY","COUNTY","DAY","DAY_WEEK","DRUNK_DR","FATALS","HARM_EV","HOUR","LGT_COND","MAN_COLL","MINUTE","MONTH","NOT_HOUR","NOT_MIN","PERSONS","RAIL","REL_ROAD","SCH_BUS","SP_JUR","ST_CASE","VE_FORMS","WEATHER"
"753",89,38,17.6710526315789,29.9342105263158,0.460526315789474,0,0,392.105263157895,56.7631578947368,13.9605263157895,4.11842105263158,0.381578947368421,1.06578947368421,11.0921052631579,13.1973684210526,1.67105263157895,1.27631578947368,27.5657894736842,7.40789473684211,21.25,33.5526315789474,2.81578947368421,6.10526315789474,2.5,0,0.157894736842105,380040.513157895,1.47368421052632,1.26315789473684
"754",89,39,78.989834815756,82.5749682337992,0.0768742058449809,0.0628970775095299,0.0628970775095299,1337.18233799238,86.0972045743329,15.8646759847522,4.2858958068615,0.354510800508259,1.12579415501906,18.646124523507,12.8780177890724,1.83290978398983,1.29606099110546,27.494917407878,6.80241423125794,78.1442185514613,82.061626429479,2.61689961880559,10.0654383735705,3.06416772554003,0.00317662007623888,0.00317662007623888,390831.915501906,1.5279542566709,1.43265565438374
"755",89,40,23.0773286467487,37.3989455184534,0.355008787346221,0,0,1220.79613356766,89.103690685413,16.0263620386643,4.18629173989455,0.404217926186292,1.13884007029877,19.0351493848858,12.9490333919156,1.70298769771529,1.20738137082601,27.3409490333919,6.7908611599297,23.3075571177504,37.5694200351494,2.57293497363796,7.89806678383128,2.2231985940246,0.00175746924428822,0,400289.796133568,1.45518453427065,1.12302284710018
"756",89,41,13.5421245421245,28.6831501831502,0.21978021978022,0,0,356.873626373626,36.970695970696,16.1703296703297,4.25641025641026,0.412087912087912,1.14652014652015,15.7142857142857,15.8021978021978,1.73076923076923,1.14102564102564,28.8974358974359,6.95421245421245,13.521978021978,28.2326007326007,2.77289377289377,2.97435897435897,2.26190476190476,0.00183150183150183,0.032967032967033,410284.446886447,1.53296703296703,1.35714285714286
"757",89,42,36.0105017502917,47.7094515752625,0.250291715285881,0,0,1479.29463243874,65.3908984830805,15.4719953325554,4.25670945157526,0.450408401400233,1.0950991831972,18.7508751458576,12.5828471411902,1.85705950991832,1.17152858809802,27.5093348891482,6.76137689614936,34.9749124854142,46.6703617269545,2.64935822637106,1.78879813302217,2.64119019836639,0.00175029171528588,0.00758459743290548,420867.348891482,1.54550758459743,1.40198366394399
"758",89,44,12.5051546391753,27.4536082474227,0.185567010309278,0.195876288659794,0,343.958762886598,6.31958762886598,13.5876288659794,4.11340206185567,0.412371134020619,1.03092783505155,20.1546391752577,12.4226804123711,2.05154639175258,1.27835051546392,25.9896907216495,6.43298969072165,12.4639175257732,26.0721649484536,2.43298969072165,1,2.49484536082474,0,0,440049.845360825,1.48453608247423,1.28865979381443
"759",89,45,20.9117318435754,35.0268156424581,0.442458100558659,0,0,315.797765363129,47.6983240223464,15.2614525139665,4.42346368715084,0.305027932960894,1.11284916201117,18.136312849162,13.0446927374302,1.70949720670391,1.34301675977654,25.3351955307263,6.64804469273743,16.7597765363128,31.9385474860335,2.52737430167598,7.29162011173184,2.99664804469274,0,0.0156424581005587,450472.682681564,1.44245810055866,1.19776536312849
"760",89,46,15.365671641791,29.2686567164179,4.73134328358209,4.43283582089552,4.43283582089552,407.082089552239,71.7761194029851,16.1044776119403,4.35820895522388,0.544776119402985,1.13432835820896,16.2686567164179,13.4477611940299,1.67164179104478,1.00746268656716,26.1492537313433,6.72388059701493,15.4328358208955,28.6044776119403,2.67164179104478,3.24626865671642,2.6044776119403,0,0.858208955223881,460069.425373134,1.3955223880597,1.19402985074627
"761",89,47,32.5261003070624,45.7031729785056,0.309109518935517,0.00818833162743091,0.00614124872057318,566.868986693961,96.7645854657114,14.7758444216991,4.16069600818833,0.466734902763562,1.1136131013306,18.6141248720573,14.6888433981576,1.81780962128966,1.1064483111566,28.9017400204708,6.63357215967247,32.5066530194473,46.1351074718526,2.52712384851586,5.41453428863869,2.58648925281474,0.00614124872057318,0.0102354145342886,470519.115660184,1.47697031729785,1.3654042988741
"762",89,48,14.525204359673,28.6611035422343,0.50783378746594,0.0289509536784741,0,1872.46151226158,236.41689373297,15.7268392370572,4.2108310626703,0.426430517711172,1.14782016348774,15.0071525885559,12.8429836512262,1.92574931880109,1.12023160762943,27.1175068119891,6.67813351498638,14.3426430517711,28.7094686648501,2.7966621253406,8.18153950953679,2.18528610354223,0.00272479564032698,0.000681198910081744,481480.501362398,1.47683923705722,1.15905994550409
"763",89,49,47.9516728624535,58.0817843866171,0,0,0,852.457249070632,34.0111524163569,16.5167286245353,4.10780669144981,0.267657992565056,1.12639405204461,11.7397769516729,13.3568773234201,1.7360594795539,1.05576208178439,27.7137546468401,7.18587360594796,42.5018587360595,53.7992565055762,2.89219330855019,1,2.48327137546468,0,0,490138.628252788,1.40520446096654,1.4275092936803
"764",89,50,30.3761467889908,38.8440366972477,0,0,0,842.018348623853,15.1284403669725,14.6330275229358,3.93577981651376,0.486238532110092,1.06422018348624,18.7614678899083,15.7339449541284,1.62385321100917,1.19266055045872,27.5321100917431,6.61467889908257,29.348623853211,39.4495412844037,2.3394495412844,1,2.29357798165138,0,0.0275229357798165,500056.201834862,1.37614678899083,1.60550458715596
"765",89,51,99,99,0.145969498910675,0.107843137254902,0.107843137254902,405.935729847495,223.785403050109,15.3485838779956,4.35511982570806,0.417211328976035,1.09368191721133,18.5599128540305,12.6263616557734,1.77886710239651,1.14488017429194,27.2145969498911,6.85185185185185,99,99,2.46949891067538,3.09803921568627,2.94226579520697,0.00217864923747277,0.0119825708061002,510472.011982571,1.43790849673203,1.2276688453159
"766",89,53,12.4884726224784,26.0187319884726,0.361671469740634,0.0273775216138329,0,324.21469740634,42.2737752161383,15.6671469740634,4.31844380403458,0.544668587896254,1.12536023054755,15.5518731988473,12.6772334293948,1.78530259365994,1.14121037463977,26.2896253602305,7.15706051873199,12.5749279538905,26.4250720461095,2.64409221902017,2.29682997118156,2.44668587896254,0.00144092219020173,0.10806916426513,530358.044668588,1.51008645533141,1.28818443804035
"767",89,54,11.9039408866995,28.6330049261084,0.167487684729064,0.0467980295566502,0,301.746305418719,52.3300492610837,15.6945812807882,4.36699507389163,0.472906403940887,1.15270935960591,17.6231527093596,14.0689655172414,1.67241379310345,1.064039408867,28.1133004926108,6.52463054187192,11.807881773399,27.2783251231527,2.75862068965517,1,2.44581280788177,0,0,540208.155172414,1.48275862068966,1.39162561576355
"768",89,55,15.3417366946779,31.1218487394958,0.2296918767507,0.0294117647058824,0,758.327731092437,74.2801120448179,16.3291316526611,4.25210084033613,0.469187675070028,1.14425770308123,16.2058823529412,13.4719887955182,1.75350140056022,1.38515406162465,27.9761904761905,7.0266106442577,13.6806722689076,28.8655462184874,2.64705882352941,3.1890756302521,2.26470588235294,0.00560224089635854,0.0126050420168067,550366.079831933,1.56162464985994,1.40056022408964
"769",89,56,11.2743362831858,28.2212389380531,0.353982300884956,0,0,71.0619469026549,23.4424778761062,14.2920353982301,4.38938053097345,0.424778761061947,1.12389380530973,10.6283185840708,15.929203539823,1.66371681415929,0.982300884955752,30.7699115044248,7.26548672566372,10.6991150442478,23.9734513274336,2.90265486725664,1.71681415929204,2.4070796460177,0.00884955752212389,0.106194690265487,560057.85840708,1.36283185840708,1.67256637168142
"770",90,1,12.9532044760936,28.3662258392675,0.408952187182096,0.125127161749746,0.100712105798576,611.423194303154,73.8260427263479,15.5015259409969,4.16988809766022,0.393692777212614,1.14038657171923,18.3011190233978,12.6826042726348,1.70701932858596,1.17599186164802,26.3702950152594,6.66836215666328,55.0233977619532,62.5788402848423,2.56968463886063,6.93489318413021,3.029501525941,0.00203458799593082,0.0081383519837233,10496.477110885,1.49847405900305,1.18107833163784
"771",90,2,14.3369565217391,30.5217391304348,0,0,0,373.347826086957,124.521739130435,15.5326086956522,4.53260869565217,0.478260869565217,1.06521739130435,13.2826086956522,13.0760869565217,1.98913043478261,1.56521739130435,25.25,6.57608695652174,14.4782608695652,28.7934782608696,3.01086956521739,1.01086956521739,1.94565217391304,0,0.0869565217391304,20046.5,1.6195652173913,1.6195652173913
"772",90,4,42.0612244897959,51.7436224489796,2.49489795918367,2.27295918367347,2.27295918367347,166.255102040816,14.0982142857143,15.4107142857143,4.23979591836735,0.385204081632653,1.10841836734694,13.155612244898,12.5854591836735,1.87755102040816,1.19897959183673,26.8456632653061,6.50765306122449,37.0841836734694,49.2244897959184,2.95408163265306,4.13647959183673,2.10459183673469,0.00510204081632653,0.396683673469388,40399.4846938776,1.46173469387755,1.27423469387755
"773",90,5,21.552783109405,36.0076775431862,0.433781190019194,0.190019193857965,0.190019193857965,668.635316698656,77.6180422264875,16.0345489443378,4.29174664107486,0.834932821497121,1.15930902111324,18.3723608445298,13.4779270633397,1.71017274472169,1.33397312859885,28.2495201535509,7.00959692898273,20.0729366602687,33.6468330134357,2.69481765834933,6.81765834932822,2.18234165067178,0.00191938579654511,0,50261.8598848368,1.48560460652591,1.23800383877159
"775",90,8,30.979674796748,42.5020325203252,0.319105691056911,0,0,329.928861788618,54.2642276422764,15.6382113821138,4.16056910569106,0.441056910569106,1.10569105691057,14.7093495934959,12.4471544715447,1.76829268292683,0.991869918699187,25.0914634146341,6.99390243902439,29.6158536585366,40.780487804878,2.6869918699187,3.70528455284553,2.69512195121951,0.00203252032520325,0.00609756097560976,80247.9735772358,1.44918699186992,1.22764227642276
"776",90,9,14.804469273743,33.3743016759777,0.276536312849162,0,0,435.536312849162,6.23463687150838,15.572625698324,4.22346368715084,0.452513966480447,1.07541899441341,19.1927374301676,11.7067039106145,2.3072625698324,0.994413407821229,30.2067039106145,6.64245810055866,16.6340782122905,34.5977653631285,2.50558659217877,2.34916201117318,2.37430167597765,0.00279329608938547,0.0251396648044693,90231.6759776536,1.43296089385475,1.30167597765363
"777",90,10,20.801652892562,37.3388429752066,0.15702479338843,0,0,73.0165289256198,2.9504132231405,16.2479338842975,4.00826446280992,0.479338842975207,1.1404958677686,17.5371900826446,13.404958677686,1.88429752066116,1.29752066115702,27.3884297520661,6.68595041322314,20.2809917355372,35.8512396694215,2.75206611570248,3.33057851239669,2.11570247933884,0,0.0413223140495868,100064.165289256,1.58677685950413,1.1900826446281
"778",90,11,9.67391304347826,28.4565217391304,0.391304347826087,0,0,10,1,18.3695652173913,4.04347826086957,0.434782608695652,1.04347826086957,15.5217391304348,10.4565217391304,1.82608695652174,0.760869565217391,25.0217391304348,7.21739130434783,9.6304347826087,24.6739130434783,2.84782608695652,1,1.56521739130435,0,0.0652173913043478,110030.456521739,1.3695652173913,1.1304347826087
"779",90,12,25.6419180201083,40.130317092034,0.271461716937355,0.19876256767208,0.191415313225058,900.952436194896,63.5371229698376,15.5491105955143,4.2815158546017,0.448569218870843,1.11794276875483,14.3375870069606,13.6117556071152,1.93774168600155,1.3677494199536,28.1658932714617,6.3507347254447,25.4713843774169,39.4787316318639,2.84338747099768,3.276875483372,2.01546790409899,0.00232018561484919,0.0100541376643465,121358.515081206,1.53286929621036,1.20030935808198
"780",90,13,17.8276595744681,32.7978723404255,0.275886524822695,0,0,566.739716312057,138.489361702128,15.7886524822695,4.43829787234043,0.4,1.10780141843972,17.8163120567376,13.0539007092199,1.68085106382979,1.24893617021277,27.3070921985816,6.52269503546099,17.5659574468085,31.7333333333333,2.52340425531915,4.94609929078014,2.76170212765957,0.00141843971631206,0.00212765957446809,130716.944680851,1.50780141843972,1.23120567375887
"781",90,15,13.6967741935484,29.4967741935484,0.348387096774194,0,0,3317.50322580645,3.59354838709677,16.5677419354839,4.30967741935484,0.47741935483871,1.14193548387097,18.541935483871,12.6774193548387,2.16129032258065,0.92258064516129,28.7935483870968,6.70967741935484,11.9354838709677,27.5870967741935,2.84516129032258,1,2.34193548387097,0.0129032258064516,0,150078.980645161,1.40645161290323,1.25161290322581
"782",90,16,14.8380952380952,30.5190476190476,0.695238095238095,0,0,295.785714285714,40.4952380952381,14.5619047619048,4.29047619047619,0.366666666666667,1.16190476190476,13.2142857142857,14.0095238095238,1.6952380952381,1.1047619047619,27.4190476190476,7.06666666666667,13.7428571428571,27.4952380952381,2.65238095238095,12.1095238095238,2.18095238095238,0,0.0619047619047619,160117.942857143,1.4047619047619,1.36190476190476
"783",90,17,18.9370629370629,44.5251748251748,0.0405594405594406,0,0,1875.15874125874,85.3370629370629,15.8104895104895,4.16783216783217,0.423076923076923,1.11118881118881,15.7769230769231,13.0972027972028,1.91398601398601,1.22867132867133,28.3321678321678,6.77972027972028,13.1307692307692,30.1188811188811,2.7965034965035,4.00769230769231,2.07412587412587,0.0027972027972028,0,170728.675524476,1.56433566433566,1.28461538461538
"784",90,18,19.0043103448276,34.5150862068966,2.8739224137931,2.45689655172414,2.45366379310345,748.956896551724,88.8512931034483,15.7543103448276,4.10344827586207,0.424568965517241,1.13038793103448,17.5915948275862,13.0387931034483,1.83405172413793,1.41271551724138,28.7877155172414,6.84806034482759,18.4719827586207,33.9321120689655,2.73599137931034,6.61853448275862,2.55387931034483,0.00646551724137931,0.0172413793103448,180473.67887931,1.55064655172414,1.27586206896552
"785",90,19,12.6336633663366,29.5346534653465,0.675742574257426,0.0371287128712871,0,1156.4702970297,110.094059405941,15.700495049505,4.21039603960396,0.448019801980198,1.1509900990099,15.0470297029703,14.3910891089109,1.87128712871287,1.33663366336634,28.6955445544554,6.85643564356436,12.9084158415842,29.2475247524752,2.59405940594059,2.61138613861386,2.27227722772277,0.00742574257425743,0.00495049504950495,190203.081683168,1.50247524752475,1.51237623762376
"786",90,20,12.2199488491049,27.8414322250639,0.115089514066496,0,0,1067.06905370844,122.846547314578,16.2608695652174,4.47570332480818,0.419437340153453,1.13554987212276,15.230179028133,14.1406649616368,1.84143222506394,1.25063938618926,28.997442455243,6.38363171355499,12.1150895140665,28.9820971867008,2.56265984654731,9.61892583120205,2.18414322250639,0.00255754475703325,0.0460358056265985,200205.066496164,1.48593350383632,1.29667519181586
"787",90,21,15.7941567065073,30.4223107569721,0.313413014608234,0,0,682.120849933599,118.877822045153,15.5883134130146,4.41567065073041,0.413014608233732,1.12749003984064,19.5405046480744,13.5737051792829,1.67861885790173,1.08764940239044,26.3293492695883,6.55112881806109,15.3373173970784,29.3559096945551,2.73705179282869,3.1460823373174,2.69455511288181,0.00265604249667995,0.00398406374501992,210387.799468791,1.46746347941567,1.28818061088977
"788",90,22,18.8561151079137,32.1007194244604,0.700239808153477,0.270983213429257,0.237410071942446,574.255395683453,61.7541966426858,15.5971223021583,4.15467625899281,0.466426858513189,1.14988009592326,17.7937649880096,13.341726618705,1.88369304556355,1.03956834532374,27.2254196642686,6.85611510791367,18.2122302158273,31.5707434052758,2.57553956834532,6.80935251798561,2.55395683453237,0.00239808153477218,0.00239808153477218,220423.997601918,1.43884892086331,1.29496402877698
"789",90,23,23.6530612244898,37.7040816326531,0.357142857142857,0,0,5182.00510204082,14.9489795918367,17.0510204081633,4.19387755102041,0.448979591836735,1.08673469387755,19.1275510204082,13.5612244897959,1.72448979591837,0.913265306122449,25.6020408163265,7.03571428571429,24.1377551020408,36.0510204081633,2.69897959183673,1.98979591836735,2.3469387755102,0.00510204081632653,0.0204081632653061,230102.540816327,1.42857142857143,1.37755102040816
"790",90,24,17.4523449319213,34.4009077155824,0,0,0,1032.46747352496,57.8108925869894,14.8698940998487,4.28139183055976,0.325264750378215,1.0695915279879,18.4568835098336,13.5068078668684,1.92586989409985,1.0695915279879,29.8804841149773,6.58245083207262,13.1195158850227,30.9031770045386,2.60665658093797,2.42057488653555,2.31770045385779,0.00453857791225416,0,240346.432677761,1.48714069591528,1.14523449319213
"791",90,25,74.4249084249084,76.3516483516484,0.238095238095238,0,0,811.53663003663,16.4175824175824,15.7179487179487,4.41391941391941,0.36996336996337,1.10805860805861,18.9652014652015,12.6575091575092,2.1007326007326,0.912087912087912,28.503663003663,6.62454212454212,74.2930402930403,77.1062271062271,2.41758241758242,1,2.94871794871795,0.00549450549450549,0.00732600732600733,250284.633699634,1.35897435897436,1.21428571428571
"792",90,26,26.1752136752137,39.8440170940171,0.238603988603989,0,0,862.902421652422,101.492165242165,15.3354700854701,4.21367521367521,0.462962962962963,1.11894586894587,15.9294871794872,12.457264957265,1.84472934472934,1.44301994301994,27.2962962962963,6.87464387464387,24.3497150997151,38.2236467236467,2.72293447293447,2.51851851851852,2.48575498575499,0.00213675213675214,0,260716.448005698,1.57122507122507,1.39458689458689
"793",90,27,48.0399201596806,57.9261477045908,0,0,0,1828.32335329341,79.5708582834331,15.1836327345309,4.43912175648703,0.425149700598802,1.12974051896208,15.1317365269461,13.1417165668663,1.84431137724551,1.44111776447106,27.1057884231537,7.11177644710579,38.1956087824351,49.0259481037924,2.77045908183633,4.10978043912176,1.98003992015968,0.00798403193612774,0.0898203592814371,270259.44510978,1.5249500998004,1.4251497005988
"794",90,28,10.4626391096979,25.2178060413355,0,0,0,225.356120826709,77.3116057233704,15.8235294117647,4.30524642289348,0.238473767885533,1.19236883942766,17.879173290938,12.4022257551669,1.74403815580286,1.05564387917329,27.4976152623211,6.60731319554849,10.3910969793323,23.5198728139905,2.60413354531002,5.1510333863275,3.04769475357711,0.00317965023847377,0.014308426073132,280323.27027027,1.41653418124006,1.22734499205087
"795",90,29,11.8419936373277,28.8324496288441,0.362672322375398,0.0254506892895016,0.0180275715800636,1584.73594909862,137.265111346766,15.8547189819724,4.31919406150583,0.4050901378579,1.16330858960764,17.7306468716861,12.8992576882291,1.66808059384942,1.03711558854719,27.3351007423118,6.67762460233298,12.0975609756098,28.7348886532344,2.52916224814422,6.21314952279958,2.33510074231177,0.0031813361611877,0,290476.447507953,1.48992576882291,1.24178154825027
"796",90,30,11.5789473684211,27.2315789473684,0.184210526315789,0,0,25,52.1526315789474,16.2263157894737,4.46315789473684,0.605263157894737,1.11578947368421,12.9473684210526,12.7894736842105,1.62631578947368,0.763157894736842,25.9210526315789,6.9,11.7684210526316,28.2894736842105,2.68947368421053,2.26315789473684,3.06842105263158,0,0.436842105263158,300101.052631579,1.33684210526316,1.07894736842105
"797",90,31,24.4,37.5818181818182,0.640909090909091,0,0,825.272727272727,85.7181818181818,16.0545454545455,4.24545454545455,0.4,1.19090909090909,15.1454545454545,14.5772727272727,1.74545454545455,1.48181818181818,29.3181818181818,7.11363636363636,23.5136363636364,36.8318181818182,2.84545454545455,7.74090909090909,2.25909090909091,0,0,310113.863636364,1.55454545454545,1.2
"798",90,32,25.8233333333333,36.41,0.38,0,0,33.23,28.8433333333333,15.6066666666667,4.02333333333333,0.483333333333333,1.14333333333333,13.09,11.9733333333333,1.80333333333333,0.87,26.17,6.73,25.7766666666667,35.9566666666667,2.67666666666667,5.34333333333333,2.78666666666667,0.00333333333333333,0.0133333333333333,320154.543333333,1.36333333333333,1.15333333333333
"799",90,33,15.3142857142857,30,0.0357142857142857,0,0,594.285714285714,11.4428571428571,15.5928571428571,4.15714285714286,0.371428571428571,1.12857142857143,19.9285714285714,14.5857142857143,1.75,1.02857142857143,26.6857142857143,6.95,15.0428571428571,27.3071428571429,2.57857142857143,1,2.71428571428571,0,0,330073.535714286,1.53571428571429,1.58571428571429
"800",90,34,86.4088127294982,88.8518971848225,0.0722154222766218,0,0,1307.52264381885,18.0795593635251,15.1615667074663,4.14932680538556,0.323133414932681,1.08445532435741,17.0844553243574,12.7429620563035,1.96817625458996,1.19094247246022,29.093023255814,6.59241126070991,86.1897184822521,88.6303549571603,2.75642594859241,1.62668298653611,1.97307221542228,0.00367197062423501,0.00489596083231334,340441.271725826,1.5140758873929,1.29865361077111
"801",90,35,22.1772727272727,33.7090909090909,0.25,0,0,130.368181818182,28.0636363636364,14.9545454545455,4.22045454545455,0.506818181818182,1.13409090909091,12.2159090909091,13.8590909090909,1.79318181818182,0.904545454545455,27.3954545454545,6.8,21.9704545454545,33.4272727272727,2.89545454545455,1.88409090909091,2.65909090909091,0.00681818181818182,0.152272727272727,350223.884090909,1.34545454545455,1.23181818181818
"802",90,36,41.8870333988212,53.3511787819253,0.245579567779961,0.018664047151277,0,1948.82072691552,62.8251473477407,16.2873280943026,4.1286836935167,0.298624754420432,1.08889980353635,16.7136542239686,12.8000982318271,2.0049115913556,1.00098231827112,28.1281925343811,6.74066797642436,41.2053045186641,52.803536345776,2.81434184675835,1.55992141453831,2.32662082514735,0.00392927308447937,0.0162082514734774,361038.529960707,1.45284872298625,1.34724950884086
"803",90,37,17.4336,30.908,0.0248,0,0,549.9784,100.8784,15.3032,4.2304,0.4504,1.108,17.9696,13.3504,1.7792,1.1992,27.5472,6.7432,97.5336,97.8128,2.7224,3.6016,1.968,8e-04,0,370634.1832,1.5176,1.2584
"804",90,38,18.0192307692308,32.4615384615385,0.730769230769231,0.0288461538461538,0,369.230769230769,57.9230769230769,15.6538461538462,4.01923076923077,0.471153846153846,1.07692307692308,13.7115384615385,12.2788461538462,1.74038461538462,0.673076923076923,26.1826923076923,7.29807692307692,18.9134615384615,32.9326923076923,2.39423076923077,2.90384615384615,3.28846153846154,0,0.375,380053.471153846,1.25,1.48076923076923
"805",90,39,89.7538877620014,91.2393509127789,0.137254901960784,0.0669371196754564,0.0669371196754564,1382.50980392157,85.0554428668019,15.6010818120352,4.29344151453685,0.30764029749831,1.10750507099391,18.7011494252874,12.1095334685598,1.84178498985801,1.32386747802569,28.1075050709939,6.94793779580798,87.8870858688303,90.2332657200811,2.6105476673428,8.04259634888438,3.01419878296146,0.00135226504394861,0.00540906017579446,390763.99188641,1.55104800540906,1.37931034482759
"806",90,40,14.7204301075269,31.2903225806452,0.261648745519713,0,0,1133.88888888889,88.005376344086,15.578853046595,4.29569892473118,0.379928315412186,1.14874551971326,18.4139784946237,12.3351254480287,1.60394265232975,1.45340501792115,26.9784946236559,6.67383512544803,15.3333333333333,32.1254480286738,2.70071684587814,6.20967741935484,2.09677419354839,0.0017921146953405,0,400293.186379928,1.54838709677419,1.15591397849462
"807",90,41,13.084,27.778,0.224,0,0,361.886,36.268,16.204,4.15,0.422,1.158,15.742,16.5,1.886,0.91,30.644,6.624,13.146,29.292,2.792,2.744,2.546,0.002,0.086,410271.59,1.418,1.474
"808",90,42,42.4015852047556,52.6591809775429,0.200132100396301,0,0,1778.77476882431,64.4101717305152,15.5640686922061,4.19352708058124,0.435270805812417,1.08718626155878,19.2199471598415,12.835535006605,1.82694848084544,1.0885072655218,28.6585204755614,6.70409511228534,41.9266842800528,52.6908850726552,2.60171730515192,1.96036988110964,2.5997357992074,0.00264200792602378,0.00660501981505945,420766.8665786,1.49339498018494,1.39894319682959
"809",90,44,11.6708860759494,28.1772151898734,0.240506329113924,0,0,1008.01265822785,6.51898734177215,15.7341772151899,4.53164556962025,0.544303797468354,1.06329113924051,20.5949367088608,11.9620253164557,2.11392405063291,0.79746835443038,30.8607594936709,6.32911392405063,11.873417721519,30.0886075949367,2.31645569620253,1,2.69620253164557,0,0,440040,1.34177215189873,1.30379746835443
"810",90,45,21.5576923076923,35.5576923076923,0.524886877828054,0.0214932126696833,0,277.072398190045,48.1934389140271,15.5701357466063,4.39705882352941,0.365384615384615,1.10746606334842,18.9106334841629,12.5893665158371,1.79298642533937,1.47737556561086,25.5045248868778,6.60972850678733,14.2160633484163,29.9898190045249,2.51923076923077,4.59049773755656,2.95022624434389,0.00226244343891403,0.0158371040723982,450471.820135747,1.47285067873303,1.11425339366516
"811",90,46,12.0719424460432,27.8129496402878,3.73381294964029,3.56115107913669,3.56115107913669,353.870503597122,72.8705035971223,15.7194244604317,4.12230215827338,0.510791366906475,1.10071942446043,14.294964028777,13.5971223021583,1.69064748201439,0.870503597122302,26.9136690647482,6.96402877697842,12.0575539568345,26.431654676259,2.66906474820144,1.35251798561151,2.35971223021583,0,0.388489208633094,460070.064748201,1.38129496402878,1.42446043165468
"812",90,47,46.8698564593301,57.2277511961722,0.148325358851675,0.00669856459330144,0,596.088038277512,97.5435406698565,15.5234449760766,4.16746411483254,0.461244019138756,1.12631578947368,18.622966507177,15.3043062200957,1.88995215311005,1.22488038277512,28.5014354066986,6.68612440191388,46.6516746411483,56.8622009569378,2.65741626794258,2.19808612440191,2.32822966507177,0.000956937799043062,0.0162679425837321,470554.620095694,1.55980861244019,1.34641148325359
"813",90,48,13.9280027691243,28.5600553824853,0.537210107303565,0.0141917618553133,0,1838.49775008654,226.793007961232,15.6967808930426,4.21945309795777,0.46036690896504,1.12495673243337,15.2997577016269,12.6607822776047,1.94980962270682,1.06057459328487,27.0879196953963,6.63793700242298,13.8078920041537,27.8573901003808,2.73035652474905,7.40602284527518,2.22429906542056,0.00276912426445137,0,481465.42852198,1.45655936310142,1.1914157147802
"814",90,49,34.1016949152542,45.9872881355932,0,0,0,658.860169491525,31.6610169491525,15.5084745762712,4.28389830508475,0.258474576271186,1.15254237288136,11.9322033898305,12.3474576271186,1.76271186440678,1.14830508474576,27.8983050847458,6.77542372881356,29.5254237288136,42.9957627118644,2.8771186440678,5.01694915254237,2.61016949152542,0,0,490123.991525424,1.43220338983051,1.26694915254237
"815",90,50,12.952380952381,27.6428571428571,0.0238095238095238,0,0,1158.40476190476,14.1666666666667,14.0952380952381,4.41666666666667,0.571428571428571,1.07142857142857,18.047619047619,16.9285714285714,1.8452380952381,0.642857142857143,28.3690476190476,6.70238095238095,12.8452380952381,26.8690476190476,2.44047619047619,1,2.23809523809524,0,0,500047.297619048,1.32142857142857,1.32142857142857
"816",90,51,99,99,0.175236096537251,0.103882476390346,0.103882476390346,394.174186778594,225.891920251836,15.7985309548793,4.30745015739769,0.461699895068206,1.13221406086044,19.3441762854145,12.7712486883526,1.73032528856243,1.10598111227702,27.8992654774397,6.51941238195173,99,99,2.47324239244491,2.86988457502623,3.11542497376705,0,0.0146904512067156,510489.922350472,1.47743966421826,1.21825813221406
"817",90,53,13.8760330578512,27.4297520661157,0.132231404958678,0,0,349.579889807163,41.4931129476584,15.263085399449,4.3732782369146,0.582644628099174,1.13636363636364,15.7079889807163,13.4628099173554,1.80027548209366,1.00275482093664,25.3994490358127,6.53581267217631,13.8801652892562,26.6446280991736,2.68732782369146,1.78650137741047,2.49449035812672,0.00550964187327824,0.170798898071625,530372.49862259,1.47382920110193,1.27134986225895
"818",90,54,12.2014742014742,28.2727272727273,0.127764127764128,0,0,242.356265356265,49.3808353808354,15.2137592137592,4.08108108108108,0.457002457002457,1.18181818181818,18.8280098280098,15.2653562653563,1.8034398034398,0.899262899262899,31.2285012285012,7.06879606879607,11.8157248157248,28.7936117936118,2.64619164619165,1.77149877149877,2.48894348894349,0.00245700245700246,0,540205.049140049,1.45208845208845,1.41031941031941
"819",90,55,13.877581120944,30.3466076696165,0.448377581120944,0.0294985250737463,0,827.606194690266,73.6769911504425,15.5073746312684,4.27433628318584,0.460176991150442,1.13421828908555,15.5516224188791,13.0575221238938,1.71976401179941,1.44542772861357,29.7094395280236,6.79203539823009,12.5324483775811,30.5427728613569,2.70206489675516,2.16666666666667,2.17109144542773,0.0103244837758112,0.0265486725663717,550347.100294985,1.57669616519174,1.42920353982301
"820",90,56,13.7142857142857,28.952380952381,0.123809523809524,0.171428571428571,0,57.7142857142857,23.0190476190476,14.9238095238095,4.04761904761905,0.571428571428571,1.19047619047619,12.0666666666667,12.5714285714286,1.7047619047619,0.666666666666667,30.247619047619,7,11.8095238095238,26.3904761904762,2.60952380952381,1,2.38095238095238,0,0.361904761904762,560053.866666667,1.33333333333333,1.47619047619048