"","YEAR","STATE","ARR_HOUR","ARR_MIN","CF1","CF2","CF3","CITY","COUNTY","DAY","DAY_WEEK","DRUNK_DR","FATALS","HARM_EV","HOUR","LGT_COND","MAN_COLL","MINUTE","MONTH","NOT_HOUR","NOT_MIN","PERSONS","RAIL","REL_ROAD","SCH_BUS","SP_JUR","ST_CASE","VE_FORMS","WEATHER"
"891",92,23,14.5661375661376,30.5132275132275,0.328042328042328,0,0,5649.01587301587,16.015873015873,16.6349206349206,4.19047619047619,0.402116402116402,1.13227513227513,20.4973544973545,13.8783068783069,1.79365079365079,0.904761904761905,27.010582010582,6.65608465608466,14.6402116402116,30.1375661375661,2.62962962962963,1.16402116402116,2.55555555555556,0.00529100529100529,0,230099.756613757,1.38624338624339,1.42328042328042
"892",92,24,13.2380136986301,29.2722602739726,0,0,0,849.549657534247,65.0684931506849,15.986301369863,4.16952054794521,0.273972602739726,1.12842465753425,18.6352739726027,13.3013698630137,1.91952054794521,1.19349315068493,28.8715753424658,6.99486301369863,12.8801369863014,29.722602739726,2.55821917808219,2.38184931506849,2.27568493150685,0.00684931506849315,0.0308219178082192,240305.907534247,1.52739726027397,1.26027397260274
"893",92,25,24.745652173913,35.9826086956522,0.041304347826087,0,0,760.341304347826,16.0913043478261,15.3065217391304,4.25217391304348,0.376086956521739,1.05434782608696,19.9413043478261,12.6108695652174,2.09130434782609,0.839130434782609,27.55,6.38478260869565,27.6,37.7695652173913,2.48695652173913,1,2.95217391304348,0,0,250234.536956522,1.45869565217391,1.46521739130435
"894",92,26,25.9338422391858,39.2586938083121,0.190839694656489,0,0,837.660729431722,102.56064461408,15.5767599660729,4.26039016115352,0.391009329940628,1.10262934690416,16.8575063613232,13.6522476675148,1.85581000848176,1.3782866836302,28.1942324003393,6.96607294317218,24.871925360475,38.8625954198473,2.82612383375742,3.95843935538592,2.48939779474131,0.00339270568278202,0,260605.016115352,1.55555555555556,1.40542832909245
"895",92,27,28.5506072874494,41.2287449392713,0,0,0,1497.04858299595,84.9433198380567,15.4696356275304,4.25708502024291,0.402834008097166,1.17611336032389,14.6275303643725,13.6153846153846,1.77125506072874,1.44736842105263,28.8987854251012,7.31983805668016,25.4838056680162,38.4635627530364,2.6497975708502,2.54858299595142,2.10323886639676,0.00202429149797571,0.12753036437247,270253.546558704,1.52429149797571,1.52024291497976
"896",92,28,10.7180277349769,24.9137134052388,0.0292758089368259,0,0,261.093990755008,80.7842835130971,15.7041602465331,4.21109399075501,0.351309707241911,1.18027734976888,18.728813559322,12.7149460708783,1.74730354391371,1.01694915254237,27.8135593220339,6.36825885978428,10.6949152542373,24.6718027734977,2.442218798151,4.15870570107858,3.3482280431433,0.00154083204930663,0,280333.246533128,1.40986132511556,1.23728813559322
"897",92,29,11.7906178489703,28.7402745995423,0.480549199084668,0,0,1773.59267734554,135.262013729977,15.2826086956522,4.2883295194508,0.387871853546911,1.12700228832952,17.8821510297483,12.6933638443936,1.62471395881007,1.16132723112128,27.3363844393593,6.83409610983982,11.7437070938215,28.233409610984,2.47597254004577,3.04233409610984,2.36270022883295,0.0011441647597254,0,290442.795194508,1.53890160183066,1.25171624713959
"898",92,30,11.8023255813953,26.9127906976744,0.61046511627907,0,0,39.7790697674419,53.9651162790698,15.5406976744186,4.1046511627907,0.558139534883721,1.11627906976744,12.8662790697674,12.1976744186047,1.67441860465116,0.686046511627907,24.5406976744186,7.03488372093023,12.0755813953488,26.546511627907,2.41279069767442,1.20348837209302,3.47093023255814,0,0.424418604651163,300089.627906977,1.29651162790698,1.15116279069767
"899",92,31,13.6576576576577,26.8963963963964,0.207207207207207,0,0,880.675675675676,85.1981981981982,15.9864864864865,4.01351351351351,0.346846846846847,1.21171171171171,14.545045045045,14.1081081081081,1.7972972972973,1.32432432432432,26.9189189189189,6.59459459459459,12.9009009009009,26.6936936936937,2.74324324324324,7.94594594594595,2.54054054054054,0.0045045045045045,0.0675675675675676,310112.707207207,1.4954954954955,1.36036036036036
"900",92,32,19.7180616740088,31.8502202643172,0.176211453744493,0,0,45.1233480176211,18.4625550660793,15.647577092511,4.27753303964758,0.400881057268722,1.11894273127753,11.215859030837,12.9823788546256,1.79735682819383,0.916299559471366,26.4801762114537,6.65638766519824,21.4273127753304,34.2202643171806,2.7488986784141,1.00440528634361,2.2863436123348,0.00440528634361234,0.0308370044052863,320115.72246696,1.40969162995595,1.05286343612335
"901",92,33,11.1363636363636,23.3454545454545,0.0636363636363636,0,0,372.072727272727,10.9636363636364,16.3909090909091,4.23636363636364,0.263636363636364,1.10909090909091,17.5363636363636,13.1727272727273,1.62727272727273,1.16363636363636,27.6909090909091,6.88181818181818,11.0272727272727,23.5090909090909,2.51818181818182,1,2.75454545454545,0,0,330056.5,1.46363636363636,1.47272727272727
"902",92,34,94.3775216138329,95.193083573487,0.157060518731988,0,0,1228.59077809798,18.9207492795389,15.1815561959654,4.1628242074928,0.265129682997118,1.09942363112392,17.6080691642651,13.0648414985591,1.97262247838617,1.10951008645533,28.2968299711816,6.81988472622478,94.7968299711816,95.4495677233429,2.77233429394813,1,2.0821325648415,0.00576368876080692,0,340413.157060519,1.49135446685879,1.33861671469741
"903",92,35,54.4422110552764,59.9371859296482,0.0527638190954774,0,0,115.520100502513,28.2035175879397,15.5653266331658,4.12814070351759,0.484924623115578,1.15577889447236,12.5251256281407,14.4748743718593,1.84422110552764,0.871859296482412,28.0527638190955,6.82412060301507,54.5879396984925,58.9673366834171,3.01758793969849,1.18592964824121,2.62311557788945,0.00251256281407035,0.148241206030151,350200.344221106,1.37939698492462,1.15577889447236
"904",92,36,39.127942063971,50.0838865419433,0.304767652383826,0.00844900422450211,0,2046.86421243211,63.3669281834641,15.7326493663247,4.1961375980688,0.266747133373567,1.09535304767652,16.5196137598069,12.7380808690404,2,1.03258901629451,28.7628243814122,6.68074834037417,38.9891369945685,50.1647555823778,2.7821363910682,1.78394689197345,2.28062764031382,0.00301750150875075,0.0102595051297526,360843.597465299,1.45322872661436,1.31804465902233
"905",92,37,17.767793594306,33.0391459074733,0.0160142348754448,0,0,619.817615658363,99.8078291814947,15.3300711743772,4.28914590747331,0.366548042704626,1.12544483985765,19.017793594306,13.2046263345196,1.8220640569395,1.16637010676157,27.5133451957295,6.72330960854093,97.7660142348754,98.067615658363,2.73843416370107,4.43149466192171,2.03202846975089,0.00355871886120996,0.00177935943060498,370576.274021352,1.49644128113879,1.2508896797153
"906",92,38,13.7848101265823,31.746835443038,0.683544303797468,0,0,312.658227848101,52.8481012658228,14.9367088607595,4.05063291139241,0.392405063291139,1.11392405063291,11,12.1898734177215,1.77215189873418,0.974683544303797,23.3417721518987,6.45569620253165,12.4177215189873,26.9746835443038,2.35443037974684,11.2911392405063,2.29113924050633,0,0.189873417721519,380040.620253165,1.37974683544304,1.32911392405063
"907",92,39,88.4224270353303,90.400153609831,0.331797235023041,0.304147465437788,0.304147465437788,1296.55299539171,84.989247311828,15.1766513056836,4.20430107526882,0.240399385560676,1.10522273425499,19.4831029185868,12.5161290322581,1.74039938556068,1.321044546851,27.8294930875576,6.77649769585253,88.0844854070661,89.7857142857143,2.60522273425499,7.50537634408602,3.16205837173579,0.00460829493087558,0.00768049155145929,390680.443932412,1.50460829493088,1.31259600614439
"908",92,40,23.9084112149533,38.6766355140187,0.437383177570093,0.0299065420560748,0.0317757009345794,1149.88224299065,85.4747663551402,15.3457943925234,4.12897196261682,0.405607476635514,1.14579439252336,19.011214953271,12.8130841121495,1.68411214953271,1.1981308411215,26.9009345794393,6.90467289719626,25.7308411214953,39.0859813084112,2.69158878504673,7.74766355140187,2.28598130841121,0.00186915887850467,0,400282.671028037,1.46728971962617,1.20560747663551
"909",92,41,13.3461538461538,29.2956730769231,0.819711538461538,0,0,336.694711538462,36.75,15.7115384615385,4.21153846153846,0.399038461538462,1.13221153846154,16.8942307692308,16.2211538461538,1.81971153846154,0.896634615384615,29.5625,7.05288461538461,13.1923076923077,28.3629807692308,2.76923076923077,2.81971153846154,2.62740384615385,0,0.0649038461538462,410216.567307692,1.42307692307692,1.32211538461538
"910",92,42,38.9379061371841,51.0729241877256,0.226714801444043,0,0,1489.24115523466,61.641155234657,16.1833935018051,4.2086642599278,0.404332129963899,1.11552346570397,19.8281588447653,12.3537906137184,1.80794223826715,1.00794223826715,28.7292418772563,6.71407942238267,37.8425992779783,50.1205776173285,2.63898916967509,2.24548736462094,2.81660649819495,0.00433212996389892,0.000722021660649819,420709.129963899,1.48592057761733,1.4129963898917
"911",92,44,12.4794520547945,27.2465753424658,0.904109589041096,0,0,831.109589041096,5.98630136986301,16.027397260274,4.41095890410959,0.506849315068493,1.08219178082192,20.1643835616438,12.9041095890411,2.23287671232877,1.24657534246575,27.3561643835616,6.38356164383562,12.7123287671233,29.041095890411,2.42465753424658,1,2.57534246575342,0,0,440037.123287671,1.43835616438356,1.32876712328767
"912",92,45,15.7409470752089,31.1239554317549,0.483286908077994,0,0,456.824512534819,47.550139275766,15.483286908078,4.27158774373259,0.348189415041783,1.12395543175487,18.6350974930362,12.6295264623955,1.69359331476323,1.508356545961,26.7256267409471,6.90947075208914,13.2228412256267,29.0779944289694,2.5974930362117,2.77715877437326,2.83565459610028,0.00278551532033426,0.00278551532033426,450370.639275766,1.47493036211699,1.11699164345404
"913",92,46,12.063829787234,26.8085106382979,1.45390070921986,1.40425531914894,1.40425531914894,249.304964539007,77.2127659574468,14.9716312056738,4.32624113475177,0.446808510638298,1.14184397163121,14.7163120567376,13.709219858156,1.69503546099291,1.0354609929078,26.1205673758865,6.72340425531915,12.177304964539,27.0283687943262,2.70212765957447,2.12765957446809,2.42553191489362,0,0.390070921985816,460071.80141844,1.39716312056738,1.32624113475177
"914",92,47,93.7818889970789,94.6669912366115,0.43524829600779,0.0233690360272639,0.00584225900681597,601.400194741967,97.3739045764362,15.6601752677702,4.2190847127556,0.452775073028238,1.12268743914314,19.2638753651412,15.0301850048685,1.77799415774099,1.10223953261928,29.9483933787731,6.67867575462512,93.7935735150925,94.7409931840312,2.55111976630964,2.1587147030185,2.86854917234664,0.00194741966893866,0.0146056475170399,470542.633885102,1.48977604673807,1.28237585199611
"915",92,48,12.7205499814195,26.9487179487179,0.545522110739502,0.0486807878112226,0.0367892976588629,1860.90858416945,237.738758825715,15.7231512448904,4.30063173541434,0.438127090301003,1.13675213675214,14.6473429951691,13.0345596432553,1.93756967670011,1.13452248234857,27.4433296172427,6.78966926793014,12.8528428093645,26.2701597918989,2.83612040133779,3.59866220735786,2.15681902638424,0.00445930880713489,0.00371609067261241,481352.810850985,1.48011891490152,1.19955406911929
"916",92,49,29.7574468085106,42.6893617021277,0,0,0,680.787234042553,32.8042553191489,15.0042553191489,3.9531914893617,0.272340425531915,1.14468085106383,11.0127659574468,12.6212765957447,1.92340425531915,1.1063829787234,26.863829787234,7.07234042553192,26.4085106382979,40.2978723404255,3.10212765957447,1,2.36170212765957,0.00425531914893617,0,490121.493617021,1.40425531914894,1.62978723404255
"917",92,50,11.2413793103448,29.5287356321839,0.183908045977011,0,0,1031.11494252874,17.4827586206897,17.2528735632184,4,0.413793103448276,1.10344827586207,19.8850574712644,14.9540229885057,1.58620689655172,0.781609195402299,27.4367816091954,6.63218390804598,12.367816091954,29.9540229885057,2.3448275862069,5.63218390804598,2.48275862068966,0,0,500049.747126437,1.33333333333333,1.36781609195402
"918",92,51,99,99,0.0460526315789474,0,0,402.121052631579,229.344736842105,15.5684210526316,4.11184210526316,0.393421052631579,1.10394736842105,19.775,13.2592105263158,1.69473684210526,1.06315789473684,27.4539473684211,6.84210526315789,99,99,2.59078947368421,1.72894736842105,3.20131578947368,0.00131578947368421,0.00526315789473684,510391.752631579,1.50131578947368,1.22105263157895
"919",92,53,13.5658783783784,29.3952702702703,0.39527027027027,0,0,433.180743243243,42.0236486486486,15.3260135135135,4.19256756756757,0.505067567567568,1.09966216216216,15.8783783783784,13.3125,1.83614864864865,1.13513513513514,27.5692567567568,6.74831081081081,13.0878378378378,28.6216216216216,2.70945945945946,1.54054054054054,2.41891891891892,0,0.130067567567568,530311.162162162,1.47972972972973,1.28716216216216
"920",92,54,12.2595628415301,28.9699453551913,0.183060109289617,0,0,365.956284153005,53.0437158469945,15.1256830601093,4.3551912568306,0.423497267759563,1.14754098360656,17.9371584699454,14.3606557377049,1.7103825136612,1.04371584699454,29.9016393442623,6.81420765027322,12.0874316939891,28.9863387978142,2.53825136612022,1.69672131147541,2.43715846994536,0,0,540187.573770492,1.43169398907104,1.48907103825137
"921",92,55,14.5819112627986,30.4505119453925,0.331058020477816,0.0665529010238908,0,658.9795221843,74.1484641638225,16.117747440273,3.96757679180887,0.457337883959044,1.11262798634812,17.0546075085324,13.1962457337884,1.71501706484642,1.41126279863481,29.1587030716724,6.97098976109215,13.6825938566553,30.8532423208191,2.64334470989761,2.35153583617747,2.36518771331058,0.00853242320819113,0.037542662116041,550296.88225256,1.53242320819113,1.44539249146758
"922",92,56,12.9191919191919,27.2424242424242,0.595959595959596,0,0,55.959595959596,24.3535353535354,15.959595959596,4.63636363636364,0.505050505050505,1.19191919191919,13.7676767676768,14.6868686868687,1.61616161616162,0.545454545454545,26.969696969697,6.66666666666667,13.2424242424242,28.6969696969697,2.52525252525253,1.02020202020202,2.64646464646465,0,0.242424242424242,560050,1.29292929292929,1.31313131313131
"923",93,1,13.4080962800875,27.9857768052516,0.138949671772429,0,0,554.189277899344,73.1400437636761,16.0339168490153,4.25711159737418,0.326039387308534,1.14223194748359,19.0032822757112,12.4135667396061,1.72975929978118,1.17505470459519,26.5853391684902,6.72757111597374,54.425601750547,62.1105032822757,2.62035010940919,7.17396061269147,3.05251641137856,0.00218818380743982,0,10467.5951859956,1.49234135667396,1.15973741794311
"924",93,2,11.6363636363636,29.9431818181818,0,0,0,317.340909090909,134.215909090909,16.4431818181818,4.125,0.363636363636364,1.34090909090909,13.1363636363636,14.1477272727273,2.04545454545455,1.03409090909091,25.3522727272727,7.09090909090909,11.7613636363636,26.3295454545455,3.125,1,2.375,0,0.0909090909090909,20045.1931818182,1.38636363636364,1.35227272727273
"925",93,4,41.71875,52.5298295454545,0.241477272727273,0.0241477272727273,0,188.683238636364,14.1917613636364,15.2840909090909,4.21732954545455,0.373579545454545,1.13778409090909,13.0440340909091,12.5056818181818,1.88778409090909,1.11221590909091,26.765625,6.70170454545455,38.1931818181818,50.4488636363636,3.11789772727273,2.57244318181818,2.02698863636364,0.0113636363636364,0.475852272727273,40362.1747159091,1.47017045454545,1.13210227272727
"926",93,5,16.4442307692308,31.7538461538462,0.319230769230769,0.190384615384615,0.190384615384615,601.165384615385,79.5634615384615,15.3365384615385,4.3,0.544230769230769,1.12115384615385,17.5307692307692,12.9846153846154,1.57692307692308,1.31346153846154,27.6865384615385,6.92692307692308,15.625,30.2076923076923,2.69615384615385,8.43461538461538,2.11923076923077,0.00769230769230769,0.00384615384615385,50265.3615384615,1.50384615384615,1.29807692307692
"928",93,8,30.0097847358121,41.4011741682975,0.50880626223092,0,0,386.260273972603,56.119373776908,15.9099804305284,4.1252446183953,0.403131115459883,1.09393346379648,14.7808219178082,12.8825831702544,1.75342465753425,0.980430528375734,26.720156555773,6.89628180039139,30.2113502935421,41.2328767123288,2.68297455968689,2.8160469667319,2.71232876712329,0.00195694716242661,0.0273972602739726,80256.133072407,1.4559686888454,1.20939334637965
"929",93,9,13.0493827160494,30.6512345679012,0.175925925925926,0,0,450.197530864198,6.46913580246914,15.1604938271605,4.25617283950617,0.391975308641975,1.05555555555556,19.7098765432099,12.3271604938272,2.01543209876543,1.08024691358025,28.7283950617284,7.07407407407407,12.8425925925926,29.4104938271605,2.48148148148148,1,2.46913580246914,0.00617283950617284,0,90164.6574074074,1.44135802469136,1.30246913580247
"930",93,10,14.4466019417476,33.4368932038835,0,0,0,55.5825242718447,3.19417475728155,14.9611650485437,4.40776699029126,0.427184466019417,1.06796116504854,14.3592233009709,14.504854368932,1.77669902912621,1.61165048543689,31.3592233009709,7,13.631067961165,30.2330097087379,3,1,2.1747572815534,0,0,100057.776699029,1.74757281553398,1.15533980582524
"931",93,11,14.5636363636364,27.0545454545455,3.90909090909091,2.14545454545455,1.8,10,1,14.2,3.92727272727273,0.0909090909090909,1.03636363636364,16,15.3090909090909,1.83636363636364,1.92727272727273,25.1636363636364,6.63636363636364,15.3454545454545,26.0181818181818,2.98181818181818,1,1.85454545454545,0,0.109090909090909,110029.581818182,1.61818181818182,1.41818181818182
"932",93,12,24.9827441077441,39.3909932659933,0.146885521885522,0.00126262626262626,0,778.801767676768,63.5538720538721,15.5180976430976,4.13804713804714,0.413299663299663,1.10942760942761,14.5955387205387,13.7159090909091,1.94739057239057,1.47390572390572,28.3164983164983,6.57239057239057,25.0993265993266,39.1506734006734,2.90909090909091,2.45538720538721,2.0273569023569,0.00336700336700337,0.00631313131313131,121221.363636364,1.58417508417508,1.16835016835017
"933",93,13,15.7530072173216,30.6688051323176,0.445870088211708,0.02485966319166,0,618.93825180433,144.846030473136,15.3897353648757,4.2766639935846,0.311948676824378,1.11788291900561,18.0296712109062,14.3135525260625,1.68564554931836,1.214915797915,27.9414595028067,6.72814755412991,15.6118684843625,29.42983159583,2.73376102646351,6.03528468323978,2.70489174017642,0.00240577385725742,0.00962309542902967,130651.412991179,1.52846832397755,1.22534081796311
"934",93,15,15.1475409836066,29.9016393442623,0.139344262295082,0,0,4235.01639344262,3.44262295081967,16.6803278688525,4.20491803278689,0.565573770491803,1.09836065573771,17.1393442622951,13.7213114754098,1.9344262295082,1.19672131147541,29.6229508196721,6.15573770491803,14.3688524590164,30.9344262295082,2.68032786885246,1,2.15573770491803,0.00819672131147541,0.0163934426229508,150065.926229508,1.49180327868852,1.16393442622951
"935",93,16,18.9899497487437,33.4773869346734,0.49748743718593,0.49748743718593,0.49748743718593,3.06532663316583,35.4371859296482,15.5226130653266,4.41708542713568,0.296482412060302,1.15577889447236,12.321608040201,14.9597989949749,1.63316582914573,1.11557788944724,27.7236180904523,7.41206030150754,14.9849246231156,31.3015075376884,2.52763819095477,9.17085427135678,2.92964824120603,0,0,160121.296482412,1.4070351758794,1.25125628140704
"936",93,17,22.0792,73.596,0.0792,0,0,1877.8472,88.0128,15.5584,4.2272,0.384,1.1136,16.376,12.5664,1.9,1.1656,27.9528,6.912,13.444,30.4208,2.6984,5.012,2.0664,0.0048,0,170639.4432,1.5232,1.3696
"937",93,18,25.3792667509482,40.6333754740834,0.193426042983565,0.02275600505689,0,665.543615676359,88.3451327433628,15.7673830594185,4.26548672566372,0.347661188369153,1.13906447534766,17.1428571428571,13.0126422250316,1.72060682680152,1.5385587863464,29.1820480404551,6.76864728192162,25.2073324905183,40.0884955752212,2.71428571428571,8.16940581542351,2.42857142857143,0.00505689001264223,0,180411.003792667,1.61441213653603,1.36030341340076
"938",93,19,13.0124688279302,30.4688279301746,0.443890274314214,0.0374064837905237,0,1063.52369077307,104.329177057357,15.4214463840399,4.35660847880299,0.381546134663342,1.14463840399003,14.0124688279302,13.8254364089776,1.7431421446384,1.56109725685786,28.1645885286783,6.99750623441397,12.3391521197007,28.2418952618454,2.78304239401496,4.08478802992519,1.92518703241895,0.00249376558603491,0.0249376558603491,190213.059850374,1.60099750623441,1.62593516209476
"939",93,20,13.3546666666667,29.8026666666667,0.0853333333333333,0,0,1144.336,115.133333333333,15.1653333333333,4.33066666666667,0.338666666666667,1.14133333333333,16.0506666666667,16.12,1.69866666666667,1.41066666666667,28.9546666666667,6.904,13.0346666666667,28.744,2.624,2.65866666666667,2.17866666666667,0.00533333333333333,0,200196.578666667,1.552,1.21333333333333
"940",93,21,17.3850197109067,31.5427069645204,1.01314060446781,0.780551905387648,0.780551905387648,693.488830486202,119.249671484888,15.5703022339028,4.11563731931669,0.369250985545335,1.14454664914586,19.1090670170828,13.3902759526938,1.70565045992116,1.27858081471748,27.3692509855453,6.97371879106439,17.2904073587385,31.9198423127464,2.71747700394218,3.42969776609724,2.64388961892247,0.00394218134034166,0.0170827858081472,210392.872536137,1.55190538764783,1.2904073587385
"941",93,22,16.5488917861799,32.3116036505867,0.427640156453716,0.152542372881356,0.129074315514993,400.371577574967,62.9191655801825,15.6336375488918,4.35202086049544,0.402868318122555,1.14471968709257,17.6284224250326,13.1121251629726,1.9387222946545,0.938722294654498,26.3650586701434,6.61277705345502,17.5697522816167,32.1512385919166,2.60756192959583,5.99478487614081,2.46023468057366,0.00391134289439374,0.00260756192959583,220401.254237288,1.42112125162973,1.19556714471969
"942",93,23,13.1547619047619,27.7619047619048,0.392857142857143,0,0,5384.7619047619,14.8095238095238,16.2380952380952,4.23809523809524,0.398809523809524,1.10119047619048,19.4821428571429,13.1428571428571,1.77380952380952,0.69047619047619,26.9583333333333,7.125,13.1369047619048,28.6904761904762,2.38095238095238,1,2.45833333333333,0.00595238095238095,0,230086.964285714,1.33928571428571,1.44047619047619
"943",93,24,12.7362270450751,30.5392320534224,0.0233722871452421,0,0,33.983305509182,73.6711185308848,16.1919866444073,4.28380634390651,0.247078464106845,1.1118530884808,18.6310517529215,12.2737896494157,1.93656093489149,1.22704507512521,29.8013355592654,6.83806343906511,12.5809682804674,30.2838063439065,2.48580968280467,1,2.27045075125209,0.00166944908180301,0,240320.609348915,1.43238731218698,1.13188647746244
"944",93,25,22.5077951002227,34.162583518931,0.0400890868596882,0,0,830.799554565702,16.4075723830735,16.7861915367483,4.22048997772828,0.34075723830735,1.05790645879733,18.7349665924276,12.815144766147,1.98663697104677,0.977728285077951,26.9153674832962,6.9109131403118,30.3986636971047,40.9688195991091,2.35634743875278,1,2.49665924276169,0.0044543429844098,0.0022271714922049,250234.118040089,1.42316258351893,1.30734966592428
"945",93,26,27.7375886524823,41.9267139479905,0.167848699763593,0,0,866.470449172577,101.706855791962,15.6910953506698,4.19936958234831,0.38849487785658,1.11426319936958,17.1623325453113,13.602048857368,1.80772261623325,1.36800630417652,29.263987391647,6.82111899133176,27.3490937746257,41.1016548463357,2.71710007880221,2.73758865248227,2.5043341213554,0.00315208825847124,0,260646.325453113,1.55870764381403,1.424743892829
"946",93,27,27.8238993710692,42.3396226415094,0,0,0,1488.5786163522,80.6352201257862,15.440251572327,4.22431865828092,0.40251572327044,1.12788259958071,13.4213836477987,13.7085953878407,1.71488469601677,1.59329140461216,28.4360587002096,7.27044025157233,24.8176100628931,38.2578616352201,2.68134171907757,4.44444444444444,1.89098532494759,0.00628930817610063,0.127882599580713,270247.70230608,1.57861635220126,1.62893081761006
"947",93,28,10.5939741750359,24.5035868005739,0.172166427546628,0.142037302725968,0.142037302725968,247.965566714491,80.0530846484935,16.1822094691535,4.12482065997131,0.33428981348637,1.16642754662841,17.819225251076,12.9296987087518,1.70875179340029,1.11908177905308,28.2051649928264,6.74318507890961,10.7216642754663,23.9268292682927,2.50502152080344,4.31707317073171,3.15351506456241,0.00143472022955524,0.00286944045911047,280364.226685796,1.46341463414634,1.19512195121951
"948",93,29,12.1688466111772,28.5778834720571,0.235434007134364,0,0,1615.86920332937,133.626634958383,15.6706302021403,4.15219976218787,0.392390011890606,1.12604042806183,17.487514863258,12.9785969084423,1.64328180737218,1.15576694411415,27.2734839476813,6.89655172413793,12.1212841854935,28.692033293698,2.75743162901308,3.37336504161712,2.27110582639715,0.00713436385255648,0,290435.460166469,1.51843043995244,1.31391200951249
"949",93,30,14.7844311377246,30.3532934131737,0.425149700598802,0,0,53.3532934131737,52.9880239520958,15.4071856287425,4.48502994011976,0.562874251497006,1.16766467065868,16.1197604790419,12.0359281437126,1.77844311377246,0.634730538922156,24.2095808383234,7.08383233532934,14.6347305389222,30.3473053892216,2.40718562874252,5.39520958083832,3.11377245508982,0,0.712574850299401,300085.473053892,1.29940119760479,1.19760479041916
"950",93,31,18.3946188340807,33.7443946188341,1.0627802690583,0,0,753.928251121076,86.3273542600897,15.1121076233184,4.25560538116592,0.412556053811659,1.1390134529148,12.6502242152466,14.7174887892377,1.72645739910314,1.22869955156951,28.52466367713,7.24215246636771,17.2152466367713,35.4439461883408,2.65919282511211,12.219730941704,2.60089686098655,0.00896860986547085,0.0493273542600897,310115.094170404,1.52914798206278,1.3677130044843
"951",93,32,15.0897435897436,28.5683760683761,0.448717948717949,0,0,36.4316239316239,22.7606837606838,15.6111111111111,3.95299145299145,0.307692307692308,1.12393162393162,12.2991452991453,13.6538461538462,1.73931623931624,1.07264957264957,24.7948717948718,6.77350427350427,15.017094017094,27.7905982905983,3.03418803418803,1,2.02564102564103,0,0.00427350427350427,320119.034188034,1.5042735042735,1.11965811965812
"952",93,33,10.5,22.4351851851852,0,0,0,517.203703703704,11.462962962963,17.462962962963,4.15740740740741,0.333333333333333,1.12037037037037,18.4722222222222,12.2314814814815,1.73148148148148,0.87037037037037,27.5462962962963,7.14814814814815,10.5925925925926,24.287037037037,2.53703703703704,1,2.98148148148148,0,0,330055.472222222,1.37962962962963,1.16666666666667
"953",93,34,85.3504155124654,87.5,0.0595567867036011,0,0,1292.39058171745,18.8919667590028,15.7603878116343,3.97091412742382,0.242382271468144,1.09279778393352,18.1135734072022,12.8407202216066,1.79916897506925,0.987534626038781,28.7479224376731,6.90720221606648,85.4598337950139,88.0277008310249,2.75623268698061,1.39196675900277,2.10526315789474,0.00138504155124654,0,340446.131578947,1.45983379501385,1.23545706371191
"954",93,35,34.4041450777202,44.199481865285,0.139896373056995,0,0,152.365284974093,28.2305699481865,15.2279792746114,4.29274611398964,0.468911917098446,1.11658031088083,11.1917098445596,13.4507772020725,1.86010362694301,0.787564766839378,27.0129533678756,6.80310880829016,34.4015544041451,43.6891191709845,2.65025906735751,1.15025906735751,2.63989637305699,0.00259067357512953,0.186528497409326,350195.743523316,1.33937823834197,1.09326424870466
"955",93,36,43.8601099572389,54.4312767257178,0.30421502748931,0.00733048259010385,0,1862.12339645693,64.1227855833842,15.519242516799,4.16371411117899,0.246182040317654,1.09346365302382,17.1631032376298,13.1356139279169,1.96579108124618,1.05986560781918,28.4605986560782,6.93402565668907,43.1069028711057,53.6420281001833,2.74037874160049,1.73060476481368,2.35430665852169,0.00671960904092853,0.0201588271227856,360840.612095296,1.45387904703726,1.29627367135003
"956",93,37,15.1205211726384,30.8175895765472,0.0301302931596091,0,0,676.333061889251,104.288273615635,15.4511400651466,4.18403908794788,0.314332247557003,1.13110749185668,18.6530944625407,13.0732899022801,1.8200325732899,1.16530944625407,27.6872964169381,6.70439739413681,98.7304560260586,98.7263843648208,2.69381107491857,4.14983713355049,2.03013029315961,0.00162866449511401,0.012214983713355,370621.129478827,1.51465798045603,1.20846905537459
"957",93,38,16.0123456790123,31.0246913580247,0.592592592592593,0.0864197530864197,0,252.098765432099,53.7160493827161,16.5308641975309,4.23456790123457,0.444444444444444,1.09876543209877,14.358024691358,11.5679012345679,1.62962962962963,1.39506172839506,26.1975308641975,7.18518518518519,14.8148148148148,30.0493827160494,3.14814814814815,8.4320987654321,2.1358024691358,0,0.296296296296296,380041.765432099,1.53086419753086,1.40740740740741
"958",93,39,87.9826676714393,90.1145440844009,0.0715900527505652,0,0,1279.34438583271,85.7927656367747,15.5877920120573,4.26752072343632,0.312735493594574,1.11379050489827,19.2516955538809,12.6171816126601,1.66691785983421,1.35719668425019,28.0633006782216,6.76262245666918,88.0941974378297,90.0376789751319,2.63602110022607,8.09344385832705,2.78673700075358,0.00376789751318764,0.00828937452901281,390710.869630746,1.51544837980407,1.2810851544838