"","YEAR","STATE","ARR_HOUR","ARR_MIN","CF1","CF2","CF3","CITY","COUNTY","DAY","DAY_WEEK","DRUNK_DR","FATALS","HARM_EV","HOUR","LGT_COND","MAN_COLL","MINUTE","MONTH","NOT_HOUR","NOT_MIN","PERSONS","RAIL","REL_ROAD","SCH_BUS","SP_JUR","ST_CASE","VE_FORMS","WEATHER"
"959",93,40,29.7512864493997,43.3344768439108,0.380789022298456,0.0257289879931389,0,1073.48885077187,83.4356775300172,15.8662092624357,4.25385934819897,0.385934819897084,1.15094339622642,19.1080617495712,12.9656946826758,1.68267581475129,1.29159519725557,26.3293310463122,6.82161234991424,29.4939965694683,42.7289879931389,2.71355060034305,4.22469982847341,2.19382504288165,0.00343053173241852,0,400301.598627787,1.55060034305317,1.18867924528302
"960",93,41,13.2390350877193,28.5372807017544,0.75,0.0328947368421053,0.0416666666666667,435.335526315789,37.8333333333333,15.280701754386,4.18421052631579,0.370614035087719,1.1469298245614,16.0438596491228,15.1052631578947,1.71929824561404,1.08771929824561,29.4627192982456,6.82456140350877,13.2894736842105,28.6140350877193,2.875,3.70833333333333,2.42543859649123,0.00219298245614035,0.0986842105263158,410243.243421053,1.50438596491228,1.34210526315789
"961",93,42,34.6726105563481,47.4593437945792,0.176176890156919,0.00998573466476462,0,1480.97432239658,65.5962910128388,15.8131241084165,4.14194008559201,0.380884450784593,1.09058487874465,18.972182596291,12.2667617689016,1.79885877318117,1.15691868758916,27.6319543509272,6.8188302425107,34.0756062767475,46.8259629101284,2.67689015691869,1.72895863052782,2.67689015691869,0.00713266761768902,0.00713266761768902,420715.867332382,1.54992867332382,1.35805991440799
"962",93,44,11.9,33.7714285714286,0.114285714285714,0,0,1426.52857142857,6.34285714285714,13.7714285714286,4.17142857142857,0.5,1.05714285714286,19.3571428571429,11.8142857142857,1.94285714285714,0.9,30.8142857142857,6.87142857142857,11.8571428571429,31.3142857142857,2.24285714285714,1,2.65714285714286,0.0142857142857143,0.0285714285714286,440035.5,1.32857142857143,1.25714285714286
"963",93,45,16.0953608247423,31.5244845360825,0.472938144329897,0,0,426.275773195876,47.8092783505155,15.8685567010309,4.30412371134021,0.208762886597938,1.09020618556701,18.7615979381443,12.7177835051546,1.72938144329897,1.2770618556701,26.6958762886598,6.66623711340206,13.0734536082474,29.4085051546392,2.50257731958763,4.98969072164948,3.00515463917526,0.00257731958762887,0.00902061855670103,450407.965206186,1.40077319587629,1.07860824742268
"964",93,46,14.271186440678,27.7627118644068,0.694915254237288,0,0,219.237288135593,72.3728813559322,15.1271186440678,4.27966101694915,0.355932203389831,1.1864406779661,14,15.0677966101695,1.76271186440678,1.04237288135593,31.5,7.22033898305085,14.0762711864407,28.7881355932203,2.91525423728814,1.8135593220339,2.17796610169492,0.00847457627118644,0.483050847457627,460059.5,1.43220338983051,1.66101694915254
"965",93,47,85.0970220941402,87.6906820365034,0.342939481268012,0.0249759846301633,0,614.006724303554,97.9971181556196,15.7348703170029,4.15273775216138,0.42747358309318,1.12391930835735,19.1729106628242,14.3083573487032,1.73390970220941,1.20365033621518,28.0009606147935,6.80403458213256,85.0336215177714,87.9654178674352,2.57348703170029,3.76753121998079,2.74447646493756,0.0048030739673391,0.00192122958693564,470543.270893372,1.53506243996158,1.27185398655139
"966",93,48,11.8902891030393,24.6349147516679,0.346923647146034,0,0,1885.31875463306,228.831356560415,15.5355819125278,4.23202372127502,0.423276501111935,1.12787249814678,14.7876204595997,12.6300963676798,1.87175685693106,1.18087472201631,27.918828762046,6.72053372868792,12.2349888806523,24.7516679021497,2.85137138621201,6.14492216456635,2.09488510007413,0.00259451445515196,0.000741289844329133,481368.561897702,1.5063009636768,1.19051148999259
"967",93,49,31.7027027027027,44.8648648648649,0.0231660231660232,0,0,1050.81467181467,33.2779922779923,16.2509652509653,3.7992277992278,0.254826254826255,1.16988416988417,11.4015444015444,14.7142857142857,1.68725868725869,1.21621621621622,27.9150579150579,6.96138996138996,30.6525096525097,42.9498069498069,2.93050193050193,7.54826254826255,2.31274131274131,0,0,490132.926640927,1.46718146718147,1.52509652509653
"968",93,50,13.6732673267327,27.4950495049505,0.326732673267327,0,0,1474,15.5346534653465,15.1782178217822,4.02970297029703,0.435643564356436,1.08910891089109,19.2574257425743,12.7029702970297,1.71287128712871,1.08910891089109,31.7821782178218,7.44554455445545,13.5148514851485,27.6435643564356,2.31683168316832,1,2.54455445544554,0,0.0099009900990099,500052.069306931,1.41584158415842,1.53465346534653
"969",93,51,98.0012610340479,98.0012610340479,0.172761664564943,0.12484237074401,0.12484237074401,390.949558638083,233.920554854981,15.8814627994956,4.23329129886507,0.398486759142497,1.10844892812106,19.6052963430013,13.5586380832282,1.7124842370744,1.09709962168979,28.2686002522068,6.73266078184111,98.0012610340479,98.0012610340479,2.51071878940731,2.32786885245902,2.85750315258512,0.00378310214375788,0.0189155107187894,510421.168978562,1.48549810844893,1.21437578814628
"970",93,53,14.5371329879102,28.3385146804836,0.3713298791019,0,0,426.730569948187,44.412780656304,15.2348877374784,4.03281519861831,0.512953367875648,1.14162348877375,15.9827288428325,13.1036269430052,1.81692573402418,1.02245250431779,25.3108808290155,6.85837651122625,14.5129533678756,27.8877374784111,2.71848013816926,1.20725388601036,2.57167530224525,0.00172711571675302,0.260794473229706,530303.293609672,1.44732297063903,1.24352331606218
"971",93,54,11.8189189189189,30.1054054054054,0.0756756756756757,0,0,310.518918918919,48.6594594594595,16.1621621621622,4.30810810810811,0.413513513513514,1.15945945945946,17.6783783783784,13.0594594594595,1.68378378378378,1.04054054054054,27.8486486486486,6.62162162162162,11.6027027027027,27.7297297297297,2.54594594594595,1.26486486486486,2.41351351351351,0.0027027027027027,0,540188.124324324,1.45135135135135,1.34594594594595
"972",93,55,14.2140575079872,30.2907348242811,0.322683706070288,0.0718849840255591,0,732.576677316294,74.8354632587859,15.720447284345,4.21725239616613,0.452076677316294,1.1405750798722,15.5239616613419,12.9872204472843,1.78115015974441,1.37060702875399,27.9313099041534,6.87220447284345,13.4376996805112,29.685303514377,2.7332268370607,3.16613418530351,2.26996805111821,0.00798722044728434,0.0463258785942492,550316.271565495,1.54472843450479,1.45846645367412
"973",93,56,13.18,26.86,0.36,0,0,71.9,21.32,17.27,3.77,0.32,1.2,12.62,16.51,1.69,1.01,28.38,7.22,12.53,27.27,2.89,1,2.44,0,0.25,560050.68,1.41,1.67
"974",94,1,13.5897166841553,29.2528856243442,0.63903462749213,0.103882476390346,0.103882476390346,525.282266526758,72.2329485834208,15.2791185729276,4.28961175236097,0.311647429171039,1.13641133263379,19.105981112277,12.8950682056663,1.68730325288562,1.20881427072403,27.5571878279119,6.64218258132214,73.806925498426,78.3210912906611,2.69150052465897,3.41657922350472,3.10807974816369,0.00209863588667366,0,10487.9412381952,1.52885624344176,1.18677859391396
"975",94,2,26.3142857142857,43.0571428571429,0.528571428571429,0,0,261.671428571429,149.785714285714,18.3285714285714,4.85714285714286,0.528571428571429,1.21428571428571,12.6,13.6285714285714,1.82857142857143,0.928571428571429,29.0285714285714,6.28571428571429,26.7571428571429,41.1428571428571,2.95714285714286,12.6714285714286,2.52857142857143,0,0.0857142857142857,20035.5,1.34285714285714,1.31428571428571
"976",94,4,44.3006289308176,54.7358490566038,0.635220125786163,0.040251572327044,0,300.939622641509,14.3295597484277,15.7245283018868,4.17358490566038,0.318238993710692,1.13710691823899,13.5610062893082,15.0817610062893,2.10943396226415,1.4062893081761,29.840251572327,6.66163522012579,40.4528301886792,51.8490566037736,3.08805031446541,1.93333333333333,2.59119496855346,0.0050314465408805,0.483018867924528,40417.493081761,1.51069182389937,1.55723270440252
"977",94,5,15.3820224719101,30.7883895131086,0.159176029962547,0.0280898876404494,0,694.286516853933,79.063670411985,15.4644194756554,4.52059925093633,0.348314606741573,1.14044943820225,17.1610486891386,13.2621722846442,1.59550561797753,1.48689138576779,26.5786516853933,6.85580524344569,14.9812734082397,28.8014981273408,2.73595505617978,7.80149812734082,2.0374531835206,0.00374531835205993,0,50278.3651685393,1.52996254681648,1.3501872659176
"979",94,8,20.8546845124283,35.1950286806883,0.189292543021033,0,0,327.726577437859,55.6347992351816,16.3900573613767,4.18738049713193,0.45697896749522,1.12045889101338,14.5774378585086,13.6195028680688,1.73804971319312,1.04971319311663,26.5889101338432,6.96940726577438,20.3173996175908,34.4952198852772,2.76673040152964,2.2906309751434,2.7189292543021,0.00191204588910134,0.00573613766730402,80265.9369024857,1.51816443594646,1.34034416826004
"980",94,9,15.8098591549296,32.9577464788732,0.528169014084507,0,0,442.764084507042,6.83098591549296,15.5739436619718,4.2112676056338,0.355633802816901,1.09154929577465,18.862676056338,12.6232394366197,2.03521126760563,0.887323943661972,28.8838028169014,6.86619718309859,14.9295774647887,31.0528169014085,2.49295774647887,1,2.1443661971831,0.00352112676056338,0,90145.0422535211,1.43661971830986,1.33098591549296
"981",94,10,14.8666666666667,31.1238095238095,0.171428571428571,0,0,33.9904761904762,3.62857142857143,15.1047619047619,4.00952380952381,0.466666666666667,1.06666666666667,16.7047619047619,13.3714285714286,1.78095238095238,1.2952380952381,28.5809523809524,6.64761904761905,13.9904761904762,30.6095238095238,2.83809523809524,3.15238095238095,2.36190476190476,0,0.0285714285714286,100053,1.57142857142857,1.23809523809524
"982",94,11,12.6,30.4615384615385,1.2,0,0,10,1,15.9846153846154,4.46153846153846,0.153846153846154,1.06153846153846,16.1384615384615,12.4307692307692,1.69230769230769,0.876923076923077,31.5384615384615,7.32307692307692,12.4769230769231,31.4307692307692,2.81538461538462,1,2.13846153846154,0,0.0153846153846154,110033.938461538,1.29230769230769,1.18461538461538
"983",94,12,26.9966928482844,41.5663497312939,0.15171558495246,0.00248036378668871,0,870.225713104589,64.5609756097561,15.692848284415,4.24844977263332,0.364613476643241,1.1107895824721,14.9727159983464,13.3398098387764,1.89623811492352,1.48532451426209,27.9284828441505,6.55022736668045,26.8383629599008,41.0818520049607,2.87184787102108,2.38197602315006,1.94005787515502,0.0020669698222406,0.00909466721785862,121228.560148822,1.56510954940058,1.18396031417941
"984",94,13,15.5573770491803,29.5909445745511,0.360655737704918,0,0,665.634660421546,136.752537080406,15.8173302107728,4.15846994535519,0.292740046838407,1.11241217798595,17.5722092115535,13.3544106167057,1.69555035128806,1.34426229508197,27.6440281030445,6.74395003903201,15.544106167057,30.0741608118657,2.71428571428571,3.71350507416081,2.49180327868852,0.00312256049960968,0.00702576112412178,130647.651053864,1.5792349726776,1.30523028883685
"985",94,15,12.8272727272727,30.5090909090909,0.172727272727273,0,0,3455.72727272727,3.47272727272727,15.9090909090909,4.36363636363636,0.418181818181818,1.10909090909091,15.7636363636364,13.5181818181818,2.20909090909091,0.672727272727273,27.5818181818182,6.59090909090909,12.7181818181818,29.4727272727273,2.65454545454545,1,2.19090909090909,0.00909090909090909,0,150056.081818182,1.33636363636364,1.35454545454545
"986",94,16,20.2739726027397,32.7260273972603,0.123287671232877,0,0,105.324200913242,37.1369863013699,15.1415525114155,3.94520547945205,0.333333333333333,1.14155251141553,12.1506849315068,15.7123287671233,1.71232876712329,1.10045662100457,26.4931506849315,6.93150684931507,18.6392694063927,30.1643835616438,2.68493150684932,5.46118721461187,2.17808219178082,0.0045662100456621,0,160113.378995434,1.4337899543379,2.94063926940639
"987",94,17,24.194982078853,86.7082437275986,0.406451612903226,0.0014336917562724,0,1769.31971326165,87.3204301075269,15.7268817204301,4.10465949820789,0.368458781362007,1.11397849462366,16.7942652329749,12.1634408602151,1.83082437275986,1.18924731182796,28.4043010752688,6.87741935483871,13.7247311827957,31.4279569892473,2.67813620071685,3.70967741935484,2.11182795698925,0.00860215053763441,0.003584229390681,170707.519713262,1.52903225806452,1.29175627240143
"988",94,18,37.4165707710011,48.6996547756041,0.289988492520138,0.00345224395857307,0,596.19332566168,87.6352128883774,15.5811277330265,4.19332566168009,0.322209436133487,1.11737629459148,18.0448791714614,12.8642117376295,1.70886075949367,1.40391254315305,27.668584579977,6.6662830840046,37.0575373993096,48.0437284234753,2.62945914844649,6.17721518987342,2.68354430379747,0.00230149597238205,0.00115074798619102,180451.915995397,1.54545454545455,1.23245109321059
"989",94,19,12.7638554216867,28.1204819277108,0.12289156626506,0,0,1098.04819277108,109.260240963855,16.1975903614458,4.03855421686747,0.327710843373494,1.15180722891566,13.7204819277108,14.9132530120482,1.74457831325301,1.40963855421687,28.1927710843373,6.91084337349398,12.4457831325301,28.3518072289157,2.66987951807229,6.93734939759036,1.98072289156627,0,0.00963855421686747,190211.763855422,1.63614457831325,1.44096385542169
"990",94,20,11.7847769028871,27.5721784776903,0.251968503937008,0,0,894.742782152231,106.653543307087,15.6351706036745,4.24146981627297,0.341207349081365,1.16010498687664,15.9343832020997,13.7007874015748,1.70603674540682,1.19422572178478,27.4094488188976,6.79790026246719,11.8215223097113,27.6929133858268,2.6010498687664,8.24409448818898,2.61154855643045,0,0,200198.070866142,1.47769028871391,1.18372703412073
"991",94,21,15.9090909090909,30.9033189033189,0.225108225108225,0,0,743.922077922078,119.227994227994,15.6277056277056,4.21500721500721,0.382395382395382,1.12265512265512,19.968253968254,13.5036075036075,1.62770562770563,1.31168831168831,27.2857142857143,6.97113997113997,15.6969696969697,30.1500721500722,2.60894660894661,3.02020202020202,2.93217893217893,0.00288600288600289,0,210352.963924964,1.53535353535354,1.30880230880231
"992",94,22,14.7009345794393,29.9759679572764,0.423230974632844,0,0,375.064085447263,63.0253671562083,15.7156208277704,4.08277703604806,0.420560747663551,1.12550066755674,18.6355140186916,12.6608811748999,1.8958611481976,0.967957276368491,26.0720961281709,6.67556742323097,14.4819759679573,29.5220293724967,2.67423230974633,4.8611481975968,2.52069425901202,0.00400534045393859,0.0106809078771696,220381.899866489,1.45794392523364,1.28571428571429
"993",94,23,12.4397590361446,29.0963855421687,0.457831325301205,0,0,5190.07831325301,14.7349397590361,16.0421686746988,4.24698795180723,0.325301204819277,1.13253012048193,18.8132530120482,13.6024096385542,1.76506024096386,1.06024096385542,27.6265060240964,7.08433734939759,12.9518072289157,29.6385542168675,2.68072289156627,3.48192771084337,2.22289156626506,0.00602409638554217,0.00602409638554217,230084.638554217,1.48192771084337,1.35542168674699
"994",94,24,16.4159733777038,33.2712146422629,0.0116472545757072,0,0,5.32445923460898,75.2695507487521,16.7088186356073,4.12312811980033,0.231281198003328,1.08319467554077,17.1730449251248,12.5640599001664,1.89184692179701,1.15141430948419,28.2246256239601,6.96006655574043,17.324459234609,33.3893510815308,2.63560732113145,1,2.16638935108153,0.00665557404326123,0,240307.702163062,1.54575707154742,1.2279534109817
"995",94,25,25.2691358024691,36.1876543209877,0.437037037037037,0,0,766.303703703704,16.0814814814815,15.2691358024691,4.27160493827161,0.348148148148148,1.08641975308642,17.8765432098765,12.920987654321,1.98518518518519,0.962962962962963,27.5135802469136,7.15061728395062,25.4765432098765,36.162962962963,2.37777777777778,1,2.15555555555556,0.00493827160493827,0.00493827160493827,250206.750617284,1.46172839506173,1.25925925925926
"996",94,26,28.5759493670886,41.3670886075949,0.289556962025316,0,0,898.625791139241,100.379746835443,15.6724683544304,4.11946202531646,0.379746835443038,1.12420886075949,16.368670886076,12.9960443037975,1.81803797468354,1.49446202531646,27.8322784810127,6.97389240506329,27.1977848101266,40.5134493670886,2.77136075949367,2.56882911392405,2.36155063291139,0.00237341772151899,0,260642.888449367,1.61392405063291,1.28401898734177
"997",94,27,44.838768115942,54.3278985507246,0.0471014492753623,0,0,1538.7518115942,83.7536231884058,15.7989130434783,4.22826086956522,0.378623188405797,1.17028985507246,14.1666666666667,13.8605072463768,1.67753623188406,1.54891304347826,28.9420289855072,7.06702898550725,35.2644927536232,46.9547101449275,2.81159420289855,3.57427536231884,1.94021739130435,0.00543478260869565,0.130434782608696,270283.719202899,1.55797101449275,1.44565217391304
"998",94,28,10.8693759071118,23.8940493468795,0.0566037735849057,0,0,278.198838896952,81.4789550072569,15.5500725689405,4.2322206095791,0.323657474600871,1.14804063860668,18.8185776487663,13.577648766328,1.68650217706821,1.19738751814224,29.1088534107402,6.59506531204644,12.5616835994194,23.2177068214804,2.6255442670537,5.5355587808418,2.99129172714078,0.00290275761973875,0.0058055152394775,280349.42670537,1.5021770682148,1.29317851959361
"999",94,29,12.9049630411827,29.7022175290391,0.316789862724393,0.10454065469905,0.10454065469905,1650.59556494192,139.647307286167,15.8743400211193,4.24392819429778,0.386483632523759,1.14994720168955,17.9049630411827,13.2808870116156,1.63991552270327,1.18796198521647,28.1520591341077,6.84794086589229,12.8363252375924,29.6779303062302,2.69271383315734,4.43928194297782,2.39493136219641,0.00105596620908131,0.00105596620908131,290480.394931362,1.52903907074974,1.23020063357973
"1000",94,30,14.1428571428571,29.467032967033,0.208791208791209,0,0,29.0659340659341,52.1758241758242,15.0934065934066,3.99450549450549,0.516483516483517,1.10989010989011,10.9395604395604,12.6593406593407,1.57692307692308,0.906593406593407,26.456043956044,6.96703296703297,13.6978021978022,30.1758241758242,2.60989010989011,1,3.13736263736264,0,0.56043956043956,300093.357142857,1.35714285714286,1.18681318681319
"1001",94,31,15.3799126637555,30.296943231441,0.650655021834061,0,0,852.532751091703,90.1441048034934,16.0786026200873,4.01310043668122,0.419213973799127,1.18340611353712,14.6768558951965,14.1659388646288,1.65065502183406,1.42794759825328,28.4628820960699,6.50218340611354,16.2096069868996,32.4192139737991,2.69868995633188,13.1353711790393,2.2707423580786,0,0.0131004366812227,310117.048034935,1.54148471615721,1.31877729257642
"1002",94,32,19.0330882352941,33.0073529411765,0.419117647058824,0,0,31.5772058823529,14.7941176470588,15.4264705882353,4.125,0.360294117647059,1.08088235294118,11.0404411764706,12.9632352941176,1.66911764705882,0.819852941176471,28.2169117647059,6.70588235294118,18.9191176470588,32.7279411764706,2.65808823529412,1,2.10294117647059,0,0.00735294117647059,320136.691176471,1.36397058823529,1.09191176470588
"1003",94,33,13.8857142857143,28.1809523809524,0.552380952380952,0,0,475.619047619048,11.7619047619048,14.8952380952381,4.02857142857143,0.342857142857143,1.13333333333333,18.2285714285714,13.0190476190476,1.67619047619048,1.03809523809524,29.0761904761905,6.82857142857143,15.4095238095238,29.9904761904762,2.45714285714286,1,2.04761904761905,0,0,330055.095238095,1.40952380952381,1.37142857142857
"1004",94,34,96.0477568740955,96.4876989869754,0.111432706222865,0,0,1144.21997105644,18.2098408104197,16.0115774240232,4.01736613603473,0.256150506512301,1.1013024602026,17.7785817655572,12.5701881331404,1.9218523878437,1.02170767004342,29.2170767004342,6.84225759768452,95.7409551374819,96.2532561505065,2.62518089725036,2.17076700434153,2.0520984081042,0.00144717800289436,0.00434153400868307,340369.005788712,1.46309696092619,1.21418234442836
"1005",94,35,81.6469072164948,82.0747422680412,0.13659793814433,0,0,210.247422680412,26.3092783505155,15.7474226804124,4.2319587628866,0.425257731958763,1.1520618556701,11.5077319587629,14.1288659793814,1.80412371134021,0.881443298969072,26.9484536082474,6.9020618556701,81.6365979381443,82.2525773195876,2.85824742268041,1.9020618556701,2.48969072164948,0,0.213917525773196,350196.152061856,1.37628865979381,1.20103092783505
"1006",94,36,47.8659726740403,57.736499674691,0.49772283669486,0.0123617436564736,0,1711.50487963565,62.5523747560182,15.818477553676,4.09954456733897,0.232270657124268,1.09173715029278,16.4515289525049,12.9876382563435,1.85751463890696,1.10800260247235,27.6753415744958,7.14508783344177,47.2797657774886,57.1125569290826,2.82108002602472,1.87703318152245,2.28887443070917,0.00455432661027977,0.0182173064411191,360775.914769031,1.50032530904359,1.33116460637606
"1007",94,37,14.3189792663477,30.1148325358852,0.172248803827751,0,0,633.88995215311,103.496012759171,15.4282296650718,4.05422647527911,0.299043062200957,1.14114832535885,18.6483253588517,12.3748006379585,1.76236044657097,1.17703349282297,26.3349282296651,6.792663476874,98.7097288676236,98.774322169059,2.72408293460925,3.14992025518341,2.0414673046252,0,0.00956937799043062,370633.027113238,1.51594896331738,1.23444976076555
"1008",94,38,25.2763157894737,37.3947368421053,0.828947368421053,0,0,346.776315789474,61.6578947368421,15.4342105263158,4.14473684210526,0.434210526315789,1.15789473684211,13.0526315789474,13.1315789473684,1.63157894736842,1.46052631578947,28.4342105263158,7.55263157894737,25.0657894736842,37.9342105263158,2.71052631578947,2.15789473684211,2.40789473684211,0,0.605263157894737,380038.5,1.43421052631579,1.40789473684211
"1009",94,39,40.6338028169014,51.1648715824358,0.425020712510356,0.246064623032312,0.246064623032312,1138.52444076222,90.4639602319801,15.5277547638774,4.17895608947804,0.272576636288318,1.13504556752278,18.0024855012428,12.9212924606462,1.69842584921292,1.49627174813587,27.1913835956918,6.92709196354598,41.0389395194698,51.1872410936205,2.69925434962718,5.5940347970174,2.65782932891466,0.00248550124275062,0,390615.415078708,1.58492129246065,1.28997514498757
"1010",94,40,33.5676567656766,45.5792079207921,0.280528052805281,0,0,1151.4900990099,85.9207920792079,15.7706270627063,4.18151815181518,0.354785478547855,1.13366336633663,18.9372937293729,12.8580858085809,1.70957095709571,1.20792079207921,26.2227722772277,6.63531353135314,34.013201320132,45.8580858085809,2.47524752475248,6.16666666666667,2.25412541254125,0.00165016501650165,0.00165016501650165,400308.107260726,1.47029702970297,1.1980198019802
"1011",94,41,13.2279909706546,28.2979683972912,1.07223476297968,0.223476297968397,0.223476297968397,391.496613995485,37.0767494356659,16.372460496614,4.25282167042889,0.390519187358916,1.11512415349887,16.7426636568849,15.1489841986456,1.80135440180587,0.963882618510158,30.0067720090293,6.70428893905192,13.1286681715576,27.5981941309255,2.61399548532731,2.73589164785553,2.73363431151242,0,0.126410835214447,410233.036117381,1.40632054176072,1.44469525959368
"1012",94,42,28.8272727272727,42.3651515151515,0.388636363636364,0.075,0.075,1548.39696969697,64.4242424242424,15.7007575757576,4.30227272727273,0.351515151515152,1.09166666666667,18.65,12.5219696969697,1.7530303030303,1.18409090909091,27.9492424242424,7.0219696969697,28.5439393939394,42.0848484848485,2.59393939393939,1.575,2.59848484848485,0.0053030303030303,0.00227272727272727,420665.281060606,1.55378787878788,1.26515151515152
"1013",94,44,13.2258064516129,27.8064516129032,2.62903225806452,0,0,945.548387096774,6.16129032258065,15.1935483870968,4.16129032258065,0.354838709677419,1.01612903225806,16.9516129032258,13.1290322580645,2.12903225806452,0.983870967741935,28.4838709677419,7.03225806451613,13.1290322580645,28.5806451612903,2.70967741935484,1,2.37096774193548,0,0,440032.887096774,1.43548387096774,1.32258064516129
"1014",94,45,14.4860557768924,30.4183266932271,0.701195219123506,0.290836653386454,0.262948207171315,452.962815405046,49.5006640106242,15.7529880478088,4.25099601593625,0.199203187250996,1.12483399734396,18.5458167330677,12.4050464807437,1.72509960159363,1.48472775564409,26.8579017264276,6.74900398406375,12.5922974767596,29.0756972111554,2.75697211155379,5.14475431606906,2.8339973439575,0.00398406374501992,0.0464807436918991,450385.74501992,1.48472775564409,1.12483399734396
"1015",94,46,12.6170212765957,27.7163120567376,1.02836879432624,0.851063829787234,0.702127659574468,343.390070921986,73.9645390070922,15.758865248227,4.36170212765957,0.411347517730496,1.09219858156028,13.4326241134752,15.3191489361702,1.74468085106383,0.900709219858156,28.2695035460993,7.3758865248227,12.8936170212766,28.8014184397163,2.54609929078014,1.36879432624113,2.38297872340426,0.00709219858156028,0.276595744680851,460071.021276596,1.35460992907801,1.60992907801418
"1016",94,47,43.3489630297565,55.1361587015329,0.449053201082056,0.0270513976555455,0,620.892696122633,99.3354373309288,15.5094679891794,4.1965734896303,0.376014427412083,1.09467989179441,19.2786293958521,14.0883678990081,1.76104598737601,1.18304779080252,28.7871956717764,6.95401262398557,43.3056807935077,54.5671776375113,2.50495942290352,2.91343552750225,2.82416591523895,0.000901713255184851,0.00270513976555455,470573.093778179,1.48692515779982,1.25157799819657
"1017",94,48,11.766351744186,23.5792151162791,0.47093023255814,0.00508720930232558,0,1773.85537790698,230.876453488372,15.5614098837209,4.18059593023256,0.395348837209302,1.15806686046512,15.296511627907,12.7845203488372,1.84956395348837,1.16933139534884,27.0185319767442,6.5672238372093,11.7678052325581,23.4276889534884,2.83539244186047,5.78997093023256,2.12754360465116,0.00254360465116279,0.000363372093023256,481377.623546512,1.50036337209302,1.20494186046512
"1018",94,49,31.2748344370861,44.5066225165563,0,0,0,914.37417218543,31.4834437086093,15.4271523178808,4.16556291390728,0.248344370860927,1.13576158940397,11.8344370860927,13.4503311258278,1.75496688741722,1.01986754966887,26.7119205298013,6.98013245033113,26.7715231788079,39.8609271523179,2.93046357615894,13.1622516556291,2.5364238410596,0,0.0033112582781457,490151.5,1.42715231788079,1.19205298013245
"1019",94,50,14.9420289855072,35.3623188405797,0.797101449275362,0,0,922.260869565217,16.1014492753623,17,4.02898550724638,0.434782608695652,1.11594202898551,17.5797101449275,13.9565217391304,1.55072463768116,1.14492753623188,22.9275362318841,7.40579710144928,14.8695652173913,30.3768115942029,2.56521739130435,1,2.30434782608696,0,0,500035.971014493,1.52173913043478,1.47826086956522
"1020",94,51,99,99,0.143719806763285,0.119565217391304,0.119565217391304,313.613526570048,213.533816425121,15.7512077294686,4.13526570048309,0.338164251207729,1.1231884057971,19.4384057971014,13.1763285024155,1.65579710144928,1.05555555555556,27.5664251207729,7.05072463768116,99,99,2.45772946859903,2.32729468599034,2.99275362318841,0,0.00483091787439614,510429.207729469,1.43961352657005,1.17753623188406
"1021",94,53,12.9982608695652,29.4069565217391,0.490434782608696,0,0,403.60347826087,44.9304347826087,15.0191304347826,4.29217391304348,0.464347826086957,1.11304347826087,15.5860869565217,13.4869565217391,1.80173913043478,1.12347826086957,28.5095652173913,6.92173913043478,12.6713043478261,28.6226086956522,2.71478260869565,1.54434782608696,2.41913043478261,0,0.196521739130435,530297.092173913,1.50086956521739,1.29391304347826
"1022",94,54,12.5181818181818,28.9636363636364,0.2,0.0545454545454545,0,292.59696969697,50.7878787878788,15.8393939393939,3.98181818181818,0.4,1.07878787878788,17.3030303030303,14.3757575757576,1.63333333333333,1.08181818181818,28.8545454545455,7.05454545454545,12.4151515151515,29.7818181818182,2.57575757575758,1.59393939393939,2.3030303030303,0.00303030303030303,0,540166.815151515,1.4969696969697,1.36363636363636
"1023",94,55,15.3279742765273,30.508038585209,0.405144694533762,0.067524115755627,0,775.683279742765,76.2073954983923,16.2700964630225,4.21864951768489,0.411575562700965,1.14469453376206,16.8263665594855,14.5932475884244,1.76848874598071,1.40996784565916,30.2025723472669,6.70096463022508,13.9067524115756,30.2138263665595,2.62861736334405,4.33118971061093,2.26688102893891,0.00482315112540193,0.0144694533762058,550315.839228296,1.58520900321543,1.45980707395498
"1024",94,56,13.4153846153846,28.1307692307692,0.746153846153846,0,0,68.3461538461538,22.9692307692308,14.5846153846154,4.36153846153846,0.461538461538462,1.10769230769231,12.3923076923077,18.6384615384615,1.78461538461538,0.553846153846154,30.3615384615385,6.9,12.6,29.8,2.4,1,2.63846153846154,0,0.261538461538462,560068.092307692,1.26923076923077,1.38461538461538
"1025",95,1,13.4429868819374,28.3612512613522,0.269424823410696,0.0191725529767911,0,548.60141271443,73.3753784056509,15.3612512613522,4.24722502522704,0.339051463168517,1.12411705348133,18.7860746720484,12.8718466195762,1.71543895055499,1.2694248234107,27.0443995963673,6.70332996972755,91.6579212916246,92.4934409687185,2.61654894046418,5.23814328960646,3.07971745711403,0,0.0181634712411705,10501.2209889001,1.54288597376387,1.20282542885974