"","YEAR","STATE","ARR_HOUR","ARR_MIN","CF1","CF2","CF3","CITY","COUNTY","DAY","DAY_WEEK","DRUNK_DR","FATALS","HARM_EV","HOUR","LGT_COND","MAN_COLL","MINUTE","MONTH","NOT_HOUR","NOT_MIN","PERSONS","RAIL","REL_ROAD","SCH_BUS","SP_JUR","ST_CASE","VE_FORMS","WEATHER"
"1026",95,2,24.3466666666667,35.92,0.346666666666667,0,0,961.52,114.72,17.1333333333333,3.89333333333333,0.52,1.16,12.96,13.4933333333333,1.94666666666667,0.92,25.9333333333333,7.09333333333333,23.04,36.0133333333333,2.92,2,2.30666666666667,0.0133333333333333,0,20039.12,1.45333333333333,1.50666666666667
"1027",95,4,49.009814612868,58.9051254089422,1.113413304253,0.369683751363141,0.323882224645583,284.593238822246,13.9727371864776,15.7535441657579,4.20065430752454,0.319520174482007,1.12868047982552,14.5899672846238,15.5190839694656,2.12213740458015,1.32933478735005,29.4721919302072,6.91166848418757,46.742639040349,55.6128680479826,3.16357688113413,2.35114503816794,2.64776444929117,0.00109051254089422,0.514721919302072,40470.5136314068,1.54089422028353,1.58887677208288
"1028",95,5,14.1747211895911,29.4163568773234,0.379182156133829,0,0,652.165427509294,78.4423791821561,16.0111524163569,4.19516728624535,0.317843866171004,1.1728624535316,17.7602230483271,13.4423791821561,1.65241635687732,1.21933085501859,27.0650557620818,7.07063197026022,13.4702602230483,27.5,2.60594795539033,9.58921933085502,2.15613382899628,0,0.00371747211895911,50274.2137546468,1.4907063197026,1.33457249070632
"1030",95,8,20.8951048951049,35.7534965034965,0.316433566433566,0,0,298.375874125874,53.7062937062937,15.9020979020979,4.16783216783217,0.41958041958042,1.12762237762238,15.8671328671329,12.9300699300699,1.77272727272727,1.02097902097902,28.1888111888112,7.11013986013986,20.1118881118881,36.1608391608392,2.7972027972028,2.5506993006993,2.75174825174825,0.00174825174825175,0.0541958041958042,80286.5,1.48426573426573,1.28846153846154
"1031",95,9,15.8606271777003,33.4878048780488,0.916376306620209,0.0766550522648084,0,435.432055749129,6.17770034843206,16.6724738675958,4.43205574912892,0.393728222996516,1.10452961672474,20.383275261324,12.7073170731707,2.06271777003484,0.850174216027875,29.5923344947735,6.42160278745645,15.6968641114983,32.4390243902439,2.44599303135888,2.75609756097561,2.42160278745645,0,0,90144.7909407666,1.41463414634146,1.34146341463415
"1032",95,10,12.5446428571429,31.6517857142857,0.375,0,0,31.1071428571429,3.30357142857143,15.2857142857143,4.15178571428571,0.303571428571429,1.08035714285714,15.6875,12.2857142857143,1.6875,1.27678571428571,28.2857142857143,7.28571428571429,12.4553571428571,30.0267857142857,2.91071428571429,2,2.53571428571429,0.00892857142857143,0,100059.839285714,1.53571428571429,1.07142857142857
"1033",95,11,13.5,23.9074074074074,1.01851851851852,0,0,9.81481481481481,1,14.7222222222222,4.38888888888889,0.240740740740741,1.07407407407407,18.5,13.3703703703704,2.12962962962963,1.33333333333333,23.962962962963,6.62962962962963,13.4259259259259,22.2407407407407,2.68518518518519,9.01851851851852,1.75925925925926,0,0.0740740740740741,110030.074074074,1.51851851851852,1.14814814814815
"1034",95,12,28.0259230164965,41.4866457187745,0.289473684210526,0,0,790.379811468971,64.3896307934014,15.605655930872,4.16692851531815,0.306362922230951,1.10172820109976,14.897879025923,13.6209740769835,1.92380204241948,1.49882168106834,27.9666142969364,6.47918303220738,28.1241162608013,41.5545954438335,2.88609583660644,3.47682639434407,1.94815396700707,0.00314218381775334,0.00628436763550668,121295.227022781,1.57227022780833,1.1598586017282
"1035",95,13,13.7164291072768,28.8657164291073,0.562640660165041,0.0307576894223556,0,557.485371342836,143.201050262566,15.5701425356339,4.18379594898725,0.294823705926482,1.11627906976744,17.9017254313578,13.2340585146287,1.65341335333833,1.29032258064516,29.2723180795199,6.70217554388597,13.5513878469617,28.9887471867967,2.75918979744936,4.41560390097524,2.62865716429107,0.00300075018754689,0.0112528132033008,130686.31807952,1.58139534883721,1.27456864216054
"1036",95,15,11.9338842975207,30.1074380165289,0,0,0,4297.42148760331,3.51239669421488,15.2231404958678,3.98347107438017,0.43801652892562,1.07438016528926,17.5371900826446,11.9752066115702,2.07438016528926,0.818181818181818,24.297520661157,6.53719008264463,11.8181818181818,27.0330578512397,2.48760330578512,2,2.29752066115702,0,0.0495867768595041,150062.231404959,1.31404958677686,1.1404958677686
"1037",95,16,16.5278969957082,29.9828326180257,0.420600858369099,0,0,160.171673819742,39.7725321888412,15.3476394849785,4.26609442060086,0.317596566523605,1.1244635193133,12.8412017167382,15.4420600858369,1.60515021459227,1.06008583690987,26.5064377682403,6.78540772532189,16.1244635193133,28.7381974248927,2.69098712446352,8.18025751072961,2.33047210300429,0,0.0772532188841202,160120.798283262,1.41630901287554,2.83261802575107
"1038",95,17,28.5042796005706,96.9764621968616,0.350213980028531,0.0706134094151213,0.0706134094151213,1694.29957203994,89.8330955777461,15.1162624821683,4.11483594864479,0.373751783166904,1.13124108416548,16.8730385164051,13.5049928673324,1.8830242510699,1.27032810271041,27.9179743223966,6.88231098430813,13.9008559201141,31.0021398002853,2.76248216833096,4.87803138373752,2.09843081312411,0.00641940085592011,0,170719.57275321,1.54778887303852,1.34878744650499
"1039",95,18,32.8523255813953,45.6,0.554651162790698,0.0174418604651163,0,669.336046511628,89.5744186046512,15.5802325581395,4.24186046511628,0.318604651162791,1.11627906976744,17.506976744186,13.5453488372093,1.71511627906977,1.46279069767442,28.9906976744186,6.71279069767442,32.3883720930233,44.7232558139535,2.78139534883721,5.92441860465116,2.57906976744186,0.00232558139534884,0.00465116279069767,180437.437209302,1.60813953488372,1.3546511627907
"1040",95,19,13.5112107623318,28.6659192825112,0.0426008968609865,0,0,1024.7197309417,106.304932735426,16.1300448430493,4.14798206278027,0.318385650224215,1.18161434977578,13.7847533632287,14.6905829596413,1.63004484304933,1.40807174887892,29.9730941704036,6.652466367713,13.52466367713,28.9708520179372,2.65919282511211,5.19506726457399,2.04708520179372,0,0.0560538116591928,190232.437219731,1.59865470852018,1.31390134529148
"1041",95,20,11.510152284264,27.0710659898477,0.195431472081218,0,0,1037.71065989848,114.46192893401,15.751269035533,4.15228426395939,0.411167512690355,1.12182741116751,15.6015228426396,12.4111675126904,1.81472081218274,1.25380710659898,27.8654822335025,6.88324873096447,11.6573604060914,27.8121827411168,2.4238578680203,5.76903553299492,2.38324873096447,0.00253807106598985,0.00761421319796954,200201.873096447,1.46446700507614,1.19543147208122
"1042",95,21,16.3879781420765,30.6953551912568,0.206284153005464,0.135245901639344,0.135245901639344,639.408469945355,118.174863387978,15.2581967213115,4.36748633879781,0.331967213114754,1.15983606557377,19.7254098360656,13.3811475409836,1.65573770491803,1.3292349726776,27.8756830601093,6.89071038251366,15.8428961748634,30.8838797814208,2.69262295081967,3.49180327868852,2.85109289617486,0.00409836065573771,0,210372.06010929,1.5327868852459,1.28415300546448
"1043",95,22,15.4415917843389,31.5673940949936,0.532734274711168,0.127086007702182,0.127086007702182,362.543003851091,61.3183568677792,15.9370988446727,4.2400513478819,0.435173299101412,1.14762516046213,18.4480102695764,12.7432605905006,1.86521181001284,0.985879332477535,26.596919127086,6.64955070603338,15.397946084724,31.1116816431322,2.71245186136072,8.04364569961489,2.41720154043646,0.00641848523748395,0,220398.946084724,1.41720154043646,1.17971758664955
"1044",95,23,21.2235294117647,39.5882352941176,5.47058823529412,5.24117647058824,5.24117647058824,5536.37647058823,13.9882352941176,14.5470588235294,4.15882352941177,0.311764705882353,1.1,21.1,12.8352941176471,2.18823529411765,1.73529411764706,28.3705882352941,7.01176470588235,21.2941176470588,35.8941176470588,2.51764705882353,24.2941176470588,2.82941176470588,0,0.529411764705882,230085.5,1.52352941176471,2.01764705882353
"1045",95,24,70.9068219633943,76.6522462562396,0.232945091514143,0,0,3.91014975041597,60.9118136439268,15.432612312812,4.25457570715474,0.299500831946755,1.11647254575707,18.2279534109817,13.2312811980033,1.89850249584027,1.30615640599002,28.1148086522463,6.45424292845258,71.2595673876872,76.8369384359401,2.76206322795341,2,2.2063227953411,0.00166389351081531,0.0183028286189684,240302.896838602,1.56738768718802,1.22462562396007
"1046",95,25,26.2177033492823,37.3062200956938,0.559808612440191,0,0,715.882775119617,15.8947368421053,15.4258373205742,4.03827751196172,0.332535885167464,1.0622009569378,18.555023923445,12.244019138756,1.95933014354067,0.990430622009569,26.200956937799,6.83014354066986,26.5478468899522,37.5956937799043,2.44258373205742,2.08373205741627,2.12918660287081,0,0.00478468899521531,250211.672248804,1.44736842105263,1.29186602870813
"1047",95,26,29.7759245830312,42.5308194343727,0.227701232777375,0,0,802.403915881073,102.177664974619,15.0870195794054,4.19651921682379,0.353154459753445,1.10949963741842,16.9405366207397,13.6062364031907,1.77592458303118,1.53081943437273,28.2755620014503,6.85569253081943,27.8600435097897,40.9434372733865,2.76867295141407,2.75054387237128,2.42131979695431,0.00725163161711385,0.00217548948513416,260698.981145758,1.63741841914431,1.43654822335025
"1048",95,27,27.1359223300971,41.8990291262136,0.332038834951456,0,0,1512.11844660194,80.1029126213592,16.3417475728155,4.26796116504854,0.43495145631068,1.15922330097087,14.5320388349515,13.5339805825243,1.89320388349515,1.5378640776699,30.5378640776699,6.90679611650485,22.8621359223301,39.0291262135922,2.63883495145631,4.58252427184466,2.03495145631068,0.00388349514563107,0.0854368932038835,270260.996116505,1.59805825242718,1.59029126213592
"1049",95,28,12.2168021680217,23.2073170731707,0.0487804878048781,0,0,281.753387533875,81.6233062330623,15.2059620596206,4.23983739837398,0.323848238482385,1.17615176151762,18.3766937669377,13.8658536585366,1.64905149051491,1.24932249322493,29.6490514905149,6.46205962059621,13.3306233062331,25.0433604336043,2.74254742547425,8.16531165311653,3.02710027100271,0,0.0013550135501355,280377.524390244,1.5650406504065,1.19647696476965
"1050",95,29,12.1857868020305,29.0862944162437,0.381725888324873,0.0253807106598985,0,1619.72791878173,136.618274111675,15.5817258883249,4.23248730964467,0.382741116751269,1.1258883248731,19.0203045685279,13.6954314720812,1.62842639593909,1.00507614213198,28.3248730964467,6.99695431472081,12.2710659898477,28.6954314720812,2.57969543147208,5.19695431472081,2.86700507614213,0.00101522842639594,0,290496.365482234,1.45380710659898,1.2507614213198
"1051",95,30,12.9838709677419,29.8118279569892,0.505376344086022,0,0,76.7741935483871,55.7204301075269,14.7849462365591,3.90860215053763,0.467741935483871,1.15591397849462,11.8709677419355,12.5483870967742,1.81720430107527,0.833333333333333,23.7688172043011,7.02688172043011,12.7311827956989,29.6397849462366,2.70430107526882,2.83870967741935,3.03763440860215,0,0.483870967741935,300094.720430108,1.36021505376344,1.2258064516129
"1052",95,31,14.783185840708,32.9115044247788,0.646017699115044,0,0,661.061946902655,86.0973451327434,15.6061946902655,4.38938053097345,0.345132743362832,1.12389380530973,13.2035398230088,16.5973451327434,1.64159292035398,1.32743362831858,28.4734513274336,6.9646017699115,13.9601769911504,30.1637168141593,2.68141592920354,5.07964601769912,2.28761061946903,0,0.0486725663716814,310114.318584071,1.53097345132743,1.38053097345133
"1053",95,32,14.9205776173285,29.4657039711191,0.584837545126354,0,0,35.7075812274368,20.9927797833935,14.9205776173285,4.10108303249097,0.346570397111913,1.12996389891697,11.6353790613718,12.4187725631769,1.73646209386282,0.888086642599278,27.9530685920578,6.5956678700361,15.971119133574,31.0361010830325,2.83032490974729,3.36462093862816,2.18772563176895,0.0072202166064982,0,320139,1.43321299638989,1.07942238267148
"1054",95,33,18.3177570093458,31.7476635514019,0.308411214953271,0,0,526.560747663551,11,14.8785046728972,4.24299065420561,0.308411214953271,1.10280373831776,19.5794392523364,12.8130841121495,1.68224299065421,1.23364485981308,27.3271028037383,6.49532710280374,15.7009345794393,30.7757009345794,2.78504672897196,2,2.23364485981308,0,0,330056.644859813,1.58878504672897,1.51401869158878
"1055",95,34,98.1627260083449,98.3490959666203,0.133518776077886,0.019471488178025,0,1290.58831710709,18.5994436717663,15.3616133518776,4.16272600834492,0.242002781641168,1.07649513212796,17.7760778859527,13.0069541029207,1.91515994436718,1.11961057023644,28.4450625869263,6.67732962447844,97.9248956884562,98.1237830319889,2.57440890125174,2.51738525730181,2.03198887343533,0.00139082058414465,0.00139082058414465,340464.087621697,1.51738525730181,1.21557719054242
"1056",95,35,81.1458823529412,81.1647058823529,0.136470588235294,0,0,116.211764705882,28.1247058823529,15.1364705882353,4.09647058823529,0.381176470588235,1.14117647058824,11.8894117647059,14.1223529411765,1.77882352941176,0.870588235294118,29.7835294117647,6.86588235294118,81.1458823529412,81.1388235294118,2.87529411764706,3.04235294117647,2.64705882352941,0.00470588235294118,0.169411764705882,350214.277647059,1.35764705882353,1.09176470588235
"1057",95,36,47.0842373962987,56.7511167836631,0.324186343331206,0.0108487555839183,0,1658.08168474793,64.5175494575622,15.553924696873,4.06573069559668,0.243139757498405,1.07147415443523,16.810465858328,13.2552648372687,1.94128908742821,1.05871091257179,27.8544990427569,6.85194639438417,47.3509891512444,56.6043395022336,2.77217613273772,2.64773452456924,2.39948947032546,0.01148691767709,0.00638162093171666,360787.962986599,1.45692405871091,1.31844288449266
"1058",95,37,14.927969348659,30.4743295019157,0.21455938697318,0.0137931034482759,0,601.405363984674,100.115708812261,15.5647509578544,4.17624521072797,0.262835249042146,1.1095785440613,18.544061302682,13.0183908045977,1.72413793103448,1.20689655172414,27.3348659003831,6.74865900383142,98.9310344827586,99,2.75938697318008,3.94942528735632,1.97854406130268,0,0.0145593869731801,370658.888888889,1.51877394636015,1.22068965517241
"1059",95,38,21.2769230769231,34.0461538461538,1.52307692307692,1.52307692307692,1.52307692307692,356.753846153846,52.6615384615385,16.8615384615385,4.06153846153846,0.569230769230769,1.13846153846154,10.7384615384615,13.9230769230769,1.56923076923077,1.38461538461538,25.3538461538462,6.26153846153846,21.4461538461538,33.1538461538462,2.64615384615385,9.66153846153846,2.01538461538462,0,0.230769230769231,380033,1.50769230769231,1.4
"1060",95,39,38.3117309269893,49.2018047579984,0.242821985233798,0,0,1252.14930270714,85.8236259228876,14.9458572600492,4.21246923707957,0.289581624282199,1.11566858080394,19.3035274815422,12.4922067268253,1.7383100902379,1.38720262510254,27.1862182116489,6.7571780147662,38.2805578342904,48.8810500410172,2.64232977850697,5.8695652173913,2.5701394585726,0.00410172272354389,0.000820344544708778,390615.077112387,1.55455291222313,1.29368334700574
"1061",95,40,31.8860971524288,44.1306532663317,0.340033500837521,0,0,1084.61641541039,85.7537688442211,15.7353433835846,4.29815745393635,0.340033500837521,1.12060301507538,18.0536013400335,13.3551088777219,1.6750418760469,1.2680067001675,25.7989949748744,6.78391959798995,31.8844221105528,44.6767169179229,2.66499162479062,5.1356783919598,2.19765494137353,0.0050251256281407,0.016750418760469,400301.989949749,1.5142378559464,1.27470686767169
"1062",95,41,13.652,28.224,1.902,0.896,0.82,447.422,38.032,16.392,4.06,0.36,1.148,15.672,15.682,1.882,1.102,30.836,6.744,13.398,30.016,2.772,3.458,2.542,0.002,0.12,410259.252,1.488,1.388
"1063",95,42,29.4442782348542,43.7135377711294,0.341062079281975,0,0,1499.64173522812,63.9080029917726,15.6619296933433,4.26178010471204,0.332086761406133,1.10695587135378,19.357516828721,12.3261032161556,1.75991024682124,1.1413612565445,27.397157816006,6.64098728496634,29.1795063575168,42.2744951383695,2.63350785340314,3.2528047868362,2.70680628272251,0.00523560209424084,0.00074794315632012,420669,1.52729992520568,1.33657442034405
"1064",95,44,11.546875,23.59375,0.8125,0,0,767.453125,6.21875,17.25,4.296875,0.265625,1.078125,18.671875,12,1.890625,0.78125,25.96875,6.375,11.796875,26.21875,2.921875,3.015625,2.5,0,0,440032.5,1.390625,1.25
"1065",95,45,13.7442455242967,30.3401534526854,0.90920716112532,0.010230179028133,0,266.916879795396,47.6547314578005,15.6470588235294,4.23913043478261,0.254475703324808,1.12659846547315,19.1214833759591,13.0639386189258,1.71994884910486,1.4693094629156,26.693094629156,6.62915601023018,13.0255754475703,28.7046035805627,2.57928388746803,4.43734015345269,2.97186700767263,0.00383631713554987,0.0421994884910486,450399.992327366,1.49744245524297,1.11892583120205
"1066",95,46,14.5714285714286,26.7928571428571,0.235714285714286,0,0,498.628571428571,75.9714285714286,15.1714285714286,4.41428571428571,0.421428571428571,1.12857142857143,14.3285714285714,13.1642857142857,1.69285714285714,0.885714285714286,29.9714285714286,7.22857142857143,14.5428571428571,28.3071428571429,2.6,5.94285714285714,2.22857142857143,0.00714285714285714,0.321428571428571,460070.5,1.38571428571429,1.55714285714286
"1067",95,47,79.4194690265487,83.5061946902655,0.578761061946903,0.0592920353982301,0,553.358407079646,99.0442477876106,15.2946902654867,4.21946902654867,0.376991150442478,1.1141592920354,19.1646017699115,14.6601769911504,1.79026548672566,1.12212389380531,28.946017699115,6.89026548672566,79.3964601769912,83.0424778761062,2.51150442477876,3.78849557522124,2.82477876106195,0.000884955752212389,0.000884955752212389,470580.982300885,1.50530973451327,1.2212389380531
"1068",95,48,10.8263665594855,22.7588424437299,0.664165773490532,0.0221507681314755,0,1771.16970346552,236.28903179707,15.5794926759557,4.19221150410861,0.372275812790282,1.13719185423365,15.0982493747767,12.9121114683816,1.84280100035727,1.16505894962487,27.5287602715255,6.78456591639871,10.6931046802429,22.4251518399428,2.90032154340836,5.0928903179707,2.13504823151125,0.00214362272240086,0,481402.942479457,1.52590210789568,1.18399428367274
"1069",95,49,34.8912280701754,46.7017543859649,0,0,0,1159.81754385965,34.6421052631579,15.5228070175439,4.28421052631579,0.228070175438596,1.14035087719298,11.6526315789474,14.5789473684211,1.76140350877193,1.21754385964912,27.2315789473684,6.9859649122807,32.8842105263158,44.6245614035088,3.03157894736842,8.64912280701754,2.30175438596491,0,0,490147.814035088,1.52982456140351,1.24210526315789
"1070",95,50,14.8210526315789,29.6210526315789,0.821052631578947,0,0,368.936842105263,15.5684210526316,17.0210526315789,4.47368421052632,0.442105263157895,1.11578947368421,20.3578947368421,20.2315789473684,1.57894736842105,0.926315789473684,31.9157894736842,6.83157894736842,15.6210526315789,28.7157894736842,2.32631578947368,2,2.57894736842105,0,0.0421052631578947,500048.726315789,1.41052631578947,1.56842105263158
"1071",95,51,99,99,0.205811138014528,0,0,253.34382566586,194.070217917676,16.3825665859564,4.20823244552058,0.336561743341404,1.08958837772397,20.0290556900726,13.5690072639225,1.68765133171913,1.16101694915254,27.8135593220339,6.77845036319613,99,99,2.39467312348668,2.96246973365617,2.93946731234867,0,0.0036319612590799,510434.358353511,1.45399515738499,1.18401937046005
"1072",95,53,15.5642361111111,30.6545138888889,0.322916666666667,0,0,505.557291666667,44.2083333333333,15.4947916666667,3.97048611111111,0.482638888888889,1.13368055555556,16.6736111111111,13.3315972222222,1.81423611111111,1.06423611111111,27.9809027777778,6.91666666666667,15.3020833333333,31.1128472222222,2.67708333333333,2.11111111111111,2.57118055555556,0,0.329861111111111,530296.324652778,1.47048611111111,1.23263888888889
"1073",95,54,12.6647398843931,29.4508670520231,0.289017341040462,0.0549132947976879,0,334.06936416185,50.849710982659,15.364161849711,4.42774566473988,0.401734104046243,1.08670520231214,17.9682080924856,16.0317919075144,1.8121387283237,0.875722543352601,29.6763005780347,6.8728323699422,12.7890173410405,28.2976878612717,2.47976878612717,2.58092485549133,2.45086705202312,0.00578034682080925,0,540173.560693642,1.42485549132948,1.34682080924855
"1074",95,55,15.3288084464555,32.4283559577677,0.561085972850679,0.149321266968326,0.149321266968326,698.749622926093,74.7435897435897,15.1131221719457,4.23076923076923,0.393665158371041,1.1236802413273,15.8205128205128,14.3438914027149,1.78582202111614,1.45550527903469,29.9064856711916,6.8763197586727,13.5279034690799,30.7978883861237,2.65158371040724,4.69079939668175,2.06787330316742,0.00452488687782805,0.0377073906485671,550339.134238311,1.53846153846154,1.42533936651584
"1075",95,56,12.9420289855072,26.9057971014493,0.289855072463768,0,0,55.5797101449275,22.304347826087,15.0217391304348,4.11594202898551,0.41304347826087,1.23188405797101,11.7898550724638,15.6521739130435,1.64492753623188,0.58695652173913,28.8260869565217,7.06521739130435,12.9927536231884,28.3695652173913,2.76811594202899,2,2.57971014492754,0,0.0652173913043478,560069.5,1.2463768115942,1.55797101449275
"1076",96,1,13.142578125,28.29296875,0.228515625,0,0,601.4814453125,73.51953125,15.890625,4.1640625,0.322265625,1.119140625,19.443359375,12.9052734375,1.6943359375,1.16015625,27.2392578125,6.8916015625,74.111328125,78.3408203125,2.5751953125,6.5126953125,3.216796875,0.0009765625,0.0009765625,10517.0009765625,1.5185546875,1.1796875
"1077",96,2,12.4166666666667,29.4722222222222,0.277777777777778,0,0,1207.47222222222,136.347222222222,15.5972222222222,4.15277777777778,0.486111111111111,1.125,13.4444444444444,12.7222222222222,1.77777777777778,1.11111111111111,29.3472222222222,6.98611111111111,12.5833333333333,27.8888888888889,2.80555555555556,4,2.51388888888889,0.0138888888888889,0.125,20036.75,1.45833333333333,1.34722222222222
"1078",96,4,49.9498249708285,58.3418903150525,1.01516919486581,0.366394399066511,0.346557759626604,259.516919486581,18.7106184364061,16.0723453908985,4.30455075845974,0.302217036172695,1.15985997666278,15.6044340723454,15.2322053675613,2.16919486581097,1.54725787631272,29.5052508751459,6.72345390898483,48.1890315052509,57.5729288214702,3.1026837806301,4.30105017502917,2.86931155192532,0.00233372228704784,0.486581096849475,40432.5215869312,1.53208868144691,1.68494749124854
"1079",96,5,14.5194805194805,29.4415584415584,0.38961038961039,0,0,626.447124304267,81.9146567717996,16.1985157699443,4.21706864564007,0.374768089053803,1.14100185528757,17.0037105751391,13.9128014842301,1.58812615955473,1.10946196660482,28.3766233766234,6.83116883116883,14.0779220779221,29.8682745825603,2.68831168831169,11.3729128014842,2.32838589981447,0,0.00371057513914657,50271.5584415584,1.47124304267161,1.33766233766234
"1081",96,8,23.6648648648649,36.5567567567568,0.472072072072072,0,0,323.855855855856,57.2018018018018,15.845045045045,4.11711711711712,0.378378378378378,1.11171171171171,15.0720720720721,13.5009009009009,1.7027027027027,0.920720720720721,27.1675675675676,6.83963963963964,22.6558558558559,36.2720720720721,2.71891891891892,4.81981981981982,2.7981981981982,0,0.0288288288288288,80279.009009009,1.45045045045045,1.32432432432432
"1082",96,9,19.6182432432432,34.7871621621622,0.790540540540541,0.0135135135135135,0,459.574324324324,6.34459459459459,15.4560810810811,4.11824324324324,0.398648648648649,1.0472972972973,19.3175675675676,12.7567567567568,2.02364864864865,0.935810810810811,29.4966216216216,6.96283783783784,18.5236486486486,33.5337837837838,2.48310810810811,4,2.28378378378378,0.00675675675675676,0,90151.2567567568,1.43918918918919,1.35472972972973
"1083",96,10,12.4761904761905,30.8857142857143,0.0571428571428571,0,0,41.1619047619048,3.34285714285714,15.4285714285714,3.84761904761905,0.342857142857143,1.1047619047619,15.5333333333333,12.2380952380952,1.71428571428571,1.8,27.9333333333333,6.61904761904762,11.4666666666667,28.9714285714286,3.02857142857143,4,2.08571428571429,0,0.019047619047619,100054.428571429,1.8,1.34285714285714
"1084",96,11,9.55172413793103,26.6379310344828,0.96551724137931,0,0,10,1,14.9655172413793,4.17241379310345,0.103448275862069,1.06896551724138,16.6724137931034,9.5,2.08620689655172,1.20689655172414,21.4137931034483,6.86206896551724,9.51724137931035,21.948275862069,4.18965517241379,3.96551724137931,1.68965517241379,0,0.0344827586206897,110029.931034483,1.60344827586207,1.25862068965517
"1085",96,12,29.2387820512821,42.9783653846154,0.3125,0.000801282051282051,0,797.111778846154,64.5464743589744,15.7071314102564,4.15264423076923,0.274439102564103,1.10296474358974,14.9226762820513,13.5016025641026,1.87740384615385,1.52083333333333,28.0208333333333,6.51682692307692,29.1358173076923,42.4955929487179,2.85697115384615,4.57772435897436,1.92147435897436,0.00320512820512821,0.0124198717948718,121271.811298077,1.58533653846154,1.14783653846154
"1086",96,13,12.5620542082739,26.9714693295292,0.562767475035663,0,0,573.625534950071,144.39514978602,16.1062767475036,4.21469329529244,0.296718972895863,1.12196861626248,18.9472182596291,13.2703281027104,1.67475035663338,1.33737517831669,28.5292439372325,6.77817403708987,12.4828815977175,27.0099857346648,2.72111269614836,7.02710413694722,2.80527817403709,0.00285306704707561,0.00713266761768902,130709.909415121,1.53352353780314,1.21968616262482
"1087",96,15,13.4701492537313,29.2761194029851,0.141791044776119,0,0,4328.5223880597,3.83582089552239,16.910447761194,4.17910447761194,0.380597014925373,1.1044776119403,15.9253731343284,14.2238805970149,2.20149253731343,0.977611940298508,28.0597014925373,6.2089552238806,13.5,29.955223880597,2.95522388059702,4,2.08955223880597,0,0.0149253731343284,150070.089552239,1.51492537313433,1.35074626865672
"1088",96,16,12.719298245614,27.5921052631579,0.491228070175439,0,0,163.105263157895,40.6666666666667,15.2763157894737,4.10087719298246,0.328947368421053,1.13157894736842,14.7280701754386,14.530701754386,1.55701754385965,1.43859649122807,28.9035087719298,7.03070175438596,12,24.2894736842105,2.79385964912281,10.5,2.27631578947368,0,0.535087719298246,160116.916666667,1.48245614035088,1.85526315789474
"1089",96,17,24.438262195122,95.9961890243902,0.272103658536585,0,0,1783.15167682927,85.858993902439,15.578506097561,4.10213414634146,0.393292682926829,1.12576219512195,16.5053353658537,12.8467987804878,1.89481707317073,1.31707317073171,27.7210365853659,6.60975609756098,13.3315548780488,29.1966463414634,2.7797256097561,5.35823170731707,2.125,0.00228658536585366,0,170670.377286585,1.55106707317073,1.34298780487805
"1090",96,18,38.5183486238532,50.7018348623853,0.444954128440367,0.0172018348623853,0,654.096330275229,90.0711009174312,15.9162844036697,4.13761467889908,0.307339449541284,1.12844036697248,17.3887614678899,12.7545871559633,1.72018348623853,1.52064220183486,29.3325688073394,6.53325688073395,38.0240825688073,50.1811926605505,2.66628440366972,8.29357798165138,2.51605504587156,0.00114678899082569,0,180444.271788991,1.61353211009174,1.36238532110092
"1091",96,19,16.2992700729927,30.1192214111922,0.236009732360097,0,0,922.681265206813,102.260340632603,15.5863746958637,4.15085158150852,0.318734793187348,1.13138686131387,14.0973236009732,14.4306569343066,1.81265206812652,1.330900243309,31.7445255474453,7.15328467153285,16.3211678832117,31.5352798053528,2.89537712895377,4.95863746958637,2.09002433090024,0.0024330900243309,0,190212.00729927,1.64476885644769,1.45255474452555
"1092",96,20,12.4796380090498,29.1108597285068,0.454751131221719,0.0339366515837104,0,841.153846153846,111.266968325792,15.39592760181,4.03393665158371,0.384615384615385,1.10859728506787,15.5226244343891,13.9592760180995,1.72850678733032,1.2737556561086,27.0542986425339,6.86877828054299,12.3846153846154,27.893665158371,2.61085972850679,7.28280542986425,2.49095022624434,0.00452488687782805,0.00452488687782805,200229.760180995,1.52714932126697,1.29638009049774
"1093",96,21,18.3896457765668,33.3841961852861,0.235694822888283,0.134877384196185,0.134877384196185,694.380108991826,119.702997275204,15.6457765667575,4.23433242506812,0.336512261580381,1.14713896457766,19.866485013624,12.6062670299728,1.68801089918256,1.23297002724796,27.4877384196185,6.83787465940055,18.0940054495913,32.9700272479564,2.7125340599455,4.91553133514986,2.97683923705722,0.00681198910081744,0,210375.122615804,1.53542234332425,1.35558583106267
"1094",96,22,15.2899628252788,30.7881040892193,0.717472118959108,0.023543990086741,0,442.348203221809,61.7038413878563,15.8004956629492,4.12515489467162,0.354399008674102,1.1177199504337,17.7980173482032,12.8463444857497,1.8909541511772,1.0817843866171,27.0793060718711,6.44733581164808,15.2825278810409,31.2453531598513,2.69268897149938,9.24907063197026,2.27633209417596,0,0.00743494423791822,220410.581164808,1.46592317224287,1.33085501858736
"1095",96,23,15.5414012738854,30.7452229299363,0.439490445859873,0,0,5732.07006369427,15.7643312101911,14.8662420382166,4.01910828025478,0.382165605095541,1.07643312101911,18.6369426751592,14.0063694267516,1.78980891719745,0.904458598726115,29.0828025477707,7.01273885350319,14.4777070063694,30.5923566878981,2.42675159235669,4,2.56687898089172,0.00636942675159236,0,230079,1.38853503184713,1.42675159235669