"","YEAR","STATE","ARR_HOUR","ARR_MIN","CF1","CF2","CF3","CITY","COUNTY","DAY","DAY_WEEK","DRUNK_DR","FATALS","HARM_EV","HOUR","LGT_COND","MAN_COLL","MINUTE","MONTH","NOT_HOUR","NOT_MIN","PERSONS","RAIL","REL_ROAD","SCH_BUS","SP_JUR","ST_CASE","VE_FORMS","WEATHER"
"1096",96,24,75.2759856630824,79.9856630824373,0.10752688172043,0,0,22.2204301075269,64.2007168458781,15.3028673835125,4.3584229390681,0.224014336917563,1.08960573476703,17.2347670250896,12.7688172043011,1.73835125448029,1.35125448028674,27.6308243727599,6.9336917562724,75.8566308243728,80.0161290322581,2.72043010752688,4.53763440860215,2.10573476702509,0.00537634408602151,0.0161290322580645,240281.335125448,1.53942652329749,1.18100358422939
"1097",96,25,32.5076530612245,43.5076530612245,0.487244897959184,0,0,749.293367346939,15.6428571428571,16.1454081632653,4.13265306122449,0.318877551020408,1.06377551020408,18.8341836734694,12.75,1.86224489795918,0.900510204081633,26.4566326530612,7.0280612244898,32.6632653061224,43.094387755102,2.39795918367347,4,2.31377551020408,0.00255102040816327,0,250200.50255102,1.39540816326531,1.31377551020408
"1098",96,26,29.2427184466019,41.9051530993279,0.308439133681852,0,0,762.023898431665,102.995519044063,15.9223300970874,4.20089619118745,0.334578043315907,1.12397311426438,16.8185212845407,13.8752800597461,1.81329350261389,1.48543689320388,28.6684092606423,6.76176250933533,28.5675877520538,41.7035100821509,2.83943241224795,5.09335324869305,2.33383121732636,0.00298730395817774,0.00298730395817774,260676.45631068,1.66915608663181,1.38685586258402
"1099",96,27,20.427435387674,34.6600397614314,0.234592445328032,0,0,1550.57654075547,83.051689860835,15.4890656063618,4.09741550695825,0.379721669980119,1.14512922465209,14.6163021868787,14.0039761431412,1.74751491053678,1.68787276341948,29.7117296222664,6.98608349900596,16.1451292246521,30.7972166998012,2.81113320079523,5.13717693836978,1.90854870775348,0.0119284294234592,0.0695825049701789,270257.222664016,1.64811133200795,1.49502982107356
"1100",96,28,13.7338129496403,28.3712230215827,0,0,0,252.897841726619,81.7510791366906,15.5525179856115,4.02589928057554,0.343884892086331,1.16690647482014,18.5741007194245,13.2791366906475,1.6,1.17985611510791,29.8561151079137,6.70647482014389,14.8575539568345,29.9035971223022,2.67769784172662,6.50359712230216,3.27194244604317,0.00143884892086331,0,280350.64028777,1.50503597122302,1.24604316546763
"1101",96,29,12.8270377733598,28.8956262425447,0.651093439363817,0,0,1730.06560636183,131.835984095427,15.941351888668,4.13817097415507,0.379721669980119,1.14115308151093,18.2017892644135,13.9880715705765,1.610337972167,1.1013916500994,28.8558648111332,6.82107355864811,12.8489065606362,29.1848906560636,2.65805168986084,6.90457256461233,2.65308151093439,0.00397614314115308,0.00497017892644135,290510.501988072,1.52683896620278,1.28926441351889
"1102",96,30,12.2513966480447,31.4916201117318,0.497206703910615,0,0,40.5586592178771,55.2402234636872,14.1508379888268,4.08379888268156,0.346368715083799,1.11731843575419,12.3575418994413,12.122905027933,1.70391061452514,0.815642458100559,25.6368715083799,6.8659217877095,12.6201117318436,27.8156424581006,2.7877094972067,6.1731843575419,3.07821229050279,0.00558659217877095,0.391061452513966,300091.569832402,1.39106145251397,1.3072625698324
"1103",96,31,16.8291666666667,32.0958333333333,0.25,0,0,777.116666666667,86.4416666666667,15.3666666666667,4.00833333333333,0.3,1.22083333333333,13.2333333333333,16.3958333333333,1.79583333333333,1.35,30.8833333333333,6.89583333333333,16.4333333333333,32.6208333333333,2.57083333333333,6.00416666666667,2.0375,0,0.025,310120.875,1.50416666666667,1.5
"1104",96,32,14.8634920634921,30.5460317460317,0.412698412698413,0,0,38.7079365079365,12.6952380952381,16.2,3.95555555555556,0.371428571428571,1.1047619047619,11.4190476190476,12.9111111111111,1.7968253968254,0.917460317460317,28.3365079365079,6.51428571428571,15.2571428571429,29.8126984126984,2.7015873015873,4.95555555555556,2.16825396825397,0,0.00634920634920635,320158.596825397,1.40634920634921,1.03492063492064
"1105",96,33,22.008,34.248,0.848,0,0,270.512,11.096,15.952,4.2,0.272,1.072,18.216,14.56,1.856,1.136,28.4,6.704,17.792,31.456,2.504,4,2.184,0,0.008,330066.624,1.528,1.736
"1106",96,34,97.0503978779841,97.3474801061008,0.423076923076923,0,0,1351.48143236074,18.0769230769231,16.1366047745358,4.07294429708223,0.228116710875332,1.07957559681698,17.5610079575597,12.5689655172414,1.92175066312997,1.17241379310345,28.6485411140584,7.12997347480106,97.1498673740053,97.3978779840849,2.70159151193634,4,1.9920424403183,0.00397877984084881,0.0013262599469496,340398.568965517,1.53448275862069,1.22015915119363
"1107",96,35,83.7692307692308,83.7692307692308,0.237980769230769,0,0,218.771634615385,27.7091346153846,15.3125,4.1875,0.413461538461538,1.16586538461538,12.7884615384615,13.4447115384615,1.76442307692308,1.07211538461538,25.6514423076923,6.80769230769231,83.7692307692308,83.7692307692308,3.08173076923077,4.76923076923077,2.51923076923077,0.00480769230769231,0.237980769230769,350210.278846154,1.45913461538462,1.14663461538462
"1108",96,36,50.4358620689655,60.0751724137931,0.627586206896552,0.295172413793103,0.273103448275862,1979.30068965517,64.2365517241379,16.0131034482759,4.22827586206897,0.204137931034483,1.09862068965517,16.8324137931034,12.948275862069,1.88827586206897,1.2048275862069,27.3689655172414,7.01931034482759,50.8689655172414,60.0724137931035,2.71310344827586,4.86896551724138,2.06551724137931,0.00482758620689655,0.0124137931034483,360732.402068966,1.48275862068966,1.48
"1109",96,37,13.9992475545523,29.0007524454477,0.322799097065463,0,0,653.515425131678,101.125658389767,15.9240030097818,4.21820917983446,0.303987960872837,1.12415349887133,18.1467268623025,13.3303235515425,1.82844243792325,1.24604966139955,27.3566591422122,6.86079759217457,99,99,2.81941309255079,4.73363431151242,1.95033860045147,0.000752445447705041,0.000752445447705041,370667.969149737,1.56207674943567,1.29270127915726
"1110",96,38,13.075,29.3875,0.0375,0,0,237.5,58.2,14.975,3.9375,0.5625,1.0625,10.2,12.725,1.6625,1.5875,26.0875,7.475,13.1375,29.475,2.35,5.5875,2.0875,0.0125,0.525,380040.5,1.475,1.35
"1111",96,39,37.6752411575563,48.6326366559486,0.295016077170418,0,0,1343.65273311897,85.1471061093248,16.2797427652733,4.19131832797428,0.315916398713826,1.11816720257235,19.1945337620579,12.9590032154341,1.70900321543408,1.47266881028939,27.6977491961415,6.81270096463023,36.9220257234727,47.9718649517685,2.67524115755627,5.07234726688103,2.56752411575563,0.00401929260450161,0,390626.048231511,1.58842443729904,1.34244372990354
"1112",96,40,28.3194029850746,40.7253731343284,0.514925373134328,0,0,1150.79850746269,89.6611940298507,16.3119402985075,4.2089552238806,0.316417910447761,1.15223880597015,19.5477611940298,13.6268656716418,1.56716417910448,1.26865671641791,27.0044776119403,6.8134328358209,28.1208955223881,41.0119402985075,2.62089552238806,7.32985074626866,2.24328358208955,0.00298507462686567,0,400339.619402985,1.50597014925373,1.19701492537313
"1113",96,41,14.0562770562771,29.3376623376623,0.87012987012987,0.0324675324675325,0,407.064935064935,37.6883116883117,16.2402597402597,4.12554112554113,0.374458874458874,1.13852813852814,16.4004329004329,16.2900432900433,1.91991341991342,1.14718614718615,30.8333333333333,6.67316017316017,14.0692640692641,30.2424242424242,2.75541125541126,4,2.58008658008658,0,0.0692640692640693,410240.816017316,1.48051948051948,1.52813852813853
"1114",96,42,30.8514412416851,43.6792313377679,0.363636363636364,0,0,1480.58314855876,65.6119733924612,15.7753141167775,4.26311899482631,0.330376940133038,1.08573540280857,18.8669623059867,12.6437546193644,1.80931263858093,1.1019955654102,26.7235772357724,6.93052475979305,29.3111603843311,41.4168514412417,2.6459719142646,4.42350332594235,2.69844789356984,0.00369549150036955,0,420677.77383592,1.54175905395418,1.37324464153732
"1115",96,44,13.4153846153846,29.2,1.61538461538462,0,0,1368.33846153846,6.29230769230769,16.0153846153846,4.12307692307692,0.323076923076923,1.06153846153846,19.5692307692308,13.3692307692308,2,0.892307692307692,26.9076923076923,7.52307692307692,13.3692307692308,27.9230769230769,2.36923076923077,4,2.56923076923077,0,0,440033,1.32307692307692,1.38461538461538
"1116",96,45,13.3861144945189,28.4823386114495,0.585870889159562,0.0304506699147381,0,205.791717417783,47.2460414129111,15.7588306942753,4.18148599269184,0.427527405602923,1.13276492082826,18.6443361753959,12.3544457978076,1.65651644336175,1.4190012180268,27.5468940316687,6.90377588306943,12.9464068209501,29.9622411693057,2.57125456760049,5.57856272838002,2.95736906211937,0.00609013398294762,0.00121802679658952,450423.337393423,1.48355663824604,1.11814859926918
"1117",96,46,14.6056338028169,28.2183098591549,2.04225352112676,1.3943661971831,1.3943661971831,370.697183098592,70.5633802816901,15.1267605633803,4.00704225352113,0.380281690140845,1.23239436619718,13.6478873239437,13.7464788732394,1.57746478873239,1.35211267605634,27.5633802816901,6.95774647887324,13.2676056338028,28.1549295774648,2.62676056338028,5.82394366197183,2.19718309859155,0.00704225352112676,0.408450704225352,460071.5,1.42253521126761,1.28169014084507
"1118",96,47,53.7553571428571,62.43125,0.619642857142857,0.0303571428571429,0,596.373214285714,99.925,15.875,4.28303571428571,0.350892857142857,1.10625,19.0258928571429,15.0223214285714,1.74732142857143,1.16160714285714,29.2196428571429,6.72589285714286,53.7071428571429,62.0330357142857,2.57857142857143,5.10625,2.84821428571429,0.00267857142857143,0.00178571428571429,470576.319642857,1.52410714285714,1.31607142857143
"1119",96,48,10.7888581101877,23.2837796244998,0.59248999692213,0.0138504155124654,0,1688.66943674977,234.220067713142,15.9110495537088,4.18528778085565,0.346875961834411,1.15173899661434,15.1305016928286,13.1258848876577,1.83133271775931,1.17759310557094,27.4616805170822,6.74576792859341,10.7297630040012,22.8910433979686,2.8885811018775,6.73745767928593,2.18436441982148,0.00430901815943367,0.000307787011388119,481629.112034472,1.51000307787011,1.24530624807633
"1120",96,49,35.25,45.6901408450704,0.0704225352112676,0,0,845.021126760563,34.0985915492958,15.5281690140845,4.11267605633803,0.232394366197183,1.13028169014085,10.9683098591549,14.5457746478873,1.76056338028169,1.09507042253521,29.2288732394366,6.79225352112676,32.6760563380282,43.5880281690141,3.08450704225352,11.7570422535211,2.31338028169014,0.00352112676056338,0,490144.049295775,1.45422535211268,1.17605633802817
"1121",96,50,18.7297297297297,32.8243243243243,0.635135135135135,0.0810810810810811,0,1803.51351351351,15.972972972973,16.9594594594595,4.5,0.418918918918919,1.18918918918919,20.6486486486486,18.8513513513514,1.77027027027027,0.743243243243243,29.3108108108108,6.21621621621622,18.5945945945946,31.8108108108108,2.62162162162162,8.17567567567568,2.37837837837838,0.0135135135135135,0,500037.5,1.44594594594595,1.85135135135135
"1122",96,51,99,99,0.42398022249691,0.0420271940667491,0,388.059332509271,231.478368355995,14.9728059332509,4.21631644004944,0.351050679851669,1.0840543881335,18.5859085290482,13.1483312731768,1.67737948084054,1.21631644004944,27.0828182941904,6.77503090234858,99,99,2.45241038318912,4.4017305315204,2.64276885043263,0.00494437577255871,0.00865265760197775,510411.943139679,1.51174289245983,1.18665018541409
"1123",96,53,15.0886469673406,30.556765163297,0.590979782270607,0,0,406.315707620529,42.5209953343701,16.203732503888,3.97822706065319,0.499222395023328,1.10730948678072,14.9144634525661,13.2301710730949,1.7651632970451,1.14618973561431,27.1150855365474,6.73405909797823,15.2223950233281,30.2223950233282,2.70606531881804,4.27216174183515,2.46189735614308,0.00933125972006221,0.191290824261275,530331.203732504,1.52099533437014,1.3203732503888
"1124",96,54,11.803738317757,28.6915887850467,0.707165109034268,0,0,218.834890965732,49.0436137071651,15.7071651090343,4.07476635514019,0.361370716510903,1.08411214953271,16.7040498442368,13.6168224299065,1.73831775700935,0.928348909657321,27.2180685358255,6.67601246105919,11.9532710280374,26.9906542056075,2.51713395638629,4.5607476635514,2.3582554517134,0,0,540161.757009346,1.45794392523364,1.61059190031153
"1125",96,55,15.2948328267477,30.8753799392097,0.343465045592705,0.00911854103343465,0,722.370820668693,74.5273556231003,15.8586626139818,4.23860182370821,0.428571428571429,1.15653495440729,16.9057750759878,15.6869300911854,1.72948328267477,1.56231003039514,30.9893617021277,7.00151975683891,13.9072948328267,31.1762917933131,2.79635258358663,5.46504559270517,2.14285714285714,0.00455927051671732,0.0182370820668693,550329.5,1.62917933130699,1.38145896656535
"1126",96,56,12.0578512396694,28.0495867768595,0.900826446280992,0,0,53.1404958677686,23.6942148760331,17.5702479338843,4.31404958677686,0.421487603305785,1.18181818181818,10.8512396694215,13.1652892561983,1.71900826446281,0.760330578512397,28.1239669421488,7.06611570247934,11.7603305785124,26.8595041322314,2.45454545454545,4,2.32231404958678,0.00826446280991736,0.115702479338843,560061,1.31404958677686,1.63636363636364
"1127",97,1,13.6628571428571,29.7333333333333,0.256190476190476,0.019047619047619,0,587.070476190476,72.8495238095238,15.5609523809524,4.26285714285714,0.318095238095238,1.1352380952381,19.9047619047619,13.0314285714286,1.68571428571429,1.22952380952381,26.3047619047619,6.5647619047619,97.1161904761905,97.1295238095238,2.72380952380952,6.32571428571429,3.10857142857143,0.000952380952380952,0,10529.3380952381,1.56190476190476,1.21428571428571
"1128",97,2,13.9558823529412,28.7647058823529,0.867647058823529,0,0,962.632352941176,99.1176470588235,15.1323529411765,3.76470588235294,0.470588235294118,1.13235294117647,12.0147058823529,14.6911764705882,1.72058823529412,1.02941176470588,27.9264705882353,6.47058823529412,14.0441176470588,31.0735294117647,2.47058823529412,8.39705882352941,1.82352941176471,0,0.0147058823529412,20035.4264705882,1.38235294117647,1.29411764705882
"1129",97,4,50.4397163120567,59.4739952718676,0.959810874704492,0.273049645390071,0.238770685579196,338.749408983452,20.1252955082742,17.0390070921986,4.13356973995272,0.275413711583924,1.1241134751773,15.5531914893617,16.1430260047281,2.3451536643026,1.4290780141844,30.8463356973995,6.76713947990544,47.339243498818,56.9243498817967,2.95035460992908,4.81914893617021,2.85106382978723,0.00236406619385343,0.605200945626478,40428.7293144208,1.49290780141844,1.87234042553191
"1130",97,5,12.7393617021277,27.5460992907801,0.448581560283688,0,0,630.070921985816,82.0460992907801,15.9946808510638,4.06560283687943,0.308510638297872,1.17021276595745,17.8563829787234,13.1436170212766,1.54609929078014,1.24290780141844,28.0567375886525,6.71099290780142,12.5230496453901,27.6436170212766,2.74645390070922,6.39539007092199,2.23049645390071,0.00177304964539007,0.00354609929078014,50282.7429078014,1.52304964539007,1.34397163120567
"1132",97,8,16.7883895131086,31.6573033707865,0.425093632958801,0,0,283.638576779026,53.9026217228464,15.4101123595506,4.16292134831461,0.353932584269663,1.14794007490637,14.3501872659176,12.6985018726592,1.7247191011236,1.11985018726592,26.5543071161049,6.82584269662921,15.9569288389513,32.0711610486891,2.91198501872659,4.06179775280899,2.67415730337079,0,0.0112359550561798,80268.2378277154,1.52247191011236,1.39513108614232
"1133",97,9,15.2761904761905,31.8,0.784126984126984,0,0,452.923809523809,6.35873015873016,15.3174603174603,4.22539682539683,0.371428571428571,1.07619047619048,20.4761904761905,12.1968253968254,2.04761904761905,0.977777777777778,28.4031746031746,6.67619047619048,14.3428571428571,30.5746031746032,2.49206349206349,4,2.36825396825397,0.00634920634920635,0,90158,1.43492063492063,1.25396825396825
"1134",97,10,14.3333333333333,30.4916666666667,0.2,0,0,142.366666666667,3.2,15.425,4.3,0.408333333333333,1.19166666666667,17.4,12.1666666666667,1.95833333333333,1.33333333333333,29.3833333333333,6.91666666666667,12.475,28.4,2.60833333333333,5.51666666666667,3.18333333333333,0,0,100061.75,1.575,1.18333333333333
"1135",97,11,13.5964912280702,29,0.298245614035088,0,0,10,1,14.8421052631579,4.29824561403509,0.245614035087719,1.05263157894737,18.0701754385965,12.1228070175439,2.49122807017544,0.912280701754386,27.0701754385965,6.6140350877193,13.5087719298246,28.8771929824561,2.78947368421053,4,1.73684210526316,0,0.0350877192982456,110029,1.68421052631579,1.2280701754386
"1136",97,12,29.1712816455696,42.8599683544304,0.304588607594937,0,0,778.331882911392,63.309335443038,15.592167721519,4.18947784810127,0.225474683544304,1.10166139240506,14.776503164557,13.5545886075949,1.89121835443038,1.45094936708861,27.5747626582278,6.44620253164557,29.0367879746835,41.9794303797468,2.86867088607595,4.72231012658228,1.90545886075949,0.00435126582278481,0.0130537974683544,121269.971123418,1.57120253164557,1.15506329113924
"1137",97,13,12.2476868327402,25.2142348754448,0.675444839857651,0.0540925266903915,0,543.285409252669,144.491814946619,15.9103202846975,4.1864768683274,0.301067615658363,1.12241992882562,17.7708185053381,13.7202846975089,1.68398576512456,1.31316725978648,29.2391459074733,6.46548042704626,12.1395017793594,25.579359430605,2.67330960854093,5.85053380782918,2.58576512455516,0.00142348754448399,0,130706.937366548,1.55017793594306,1.23345195729537
"1138",97,15,12.1282051282051,27.2649572649573,0.461538461538462,0,0,4187.28205128205,3.54700854700855,16.0940170940171,4.39316239316239,0.401709401709402,1.11965811965812,15.1623931623932,15.974358974359,2.28205128205128,1.18803418803419,30.7179487179487,6.46153846153846,12.1794871794872,28.5982905982906,2.82905982905983,4,2.03418803418803,0,0.00854700854700855,150060,1.54700854700855,1.28205128205128
"1139",97,16,13.0454545454545,26.7818181818182,0.331818181818182,0,0,136.490909090909,38.1818181818182,14.7272727272727,4.25,0.359090909090909,1.17727272727273,13.4909090909091,14.5681818181818,1.68636363636364,1.11818181818182,28.4090909090909,6.82272727272727,12.3272727272727,25.1590909090909,2.68181818181818,6.78181818181818,2.32272727272727,0.00454545454545455,0.695454545454545,160111.377272727,1.38636363636364,1.45
"1140",97,17,28.5876288659794,84.3322759714512,0.388580491673275,0,0,1770.64948453608,87.1919111816019,15.7208564631245,4.1847739888977,0.363996827914354,1.10785091197462,16.0919904837431,12.9159397303727,1.87787470261697,1.31007137192704,28.0570975416336,6.64076130055512,13.2513877874703,29.5241871530531,2.66058683584457,5.87073750991277,2.09278350515464,0.00475812846946868,0.00158604282315623,170636.270420301,1.52260111022998,1.41871530531324
"1141",97,18,38.8215130023641,50.1926713947991,0.369976359338061,0,0,678.385342789598,88.241134751773,16.5189125295508,4.25768321513002,0.288416075650118,1.10520094562648,18.6394799054374,13.5,1.73640661938534,1.51063829787234,28.9586288416076,7.04728132387707,39.0579196217494,49.7777777777778,2.6725768321513,7.53427895981087,2.71158392434988,0.00472813238770686,0,180425.784869976,1.59929078014184,1.35224586288416
"1142",97,19,13.5815085158151,26.4330900243309,0.128953771289538,0,0,1052.65693430657,101.890510948905,15.3844282238443,4.29197080291971,0.284671532846715,1.13868613138686,13.6082725060827,14.0024330900243,1.72749391727494,1.44038929440389,27.360097323601,6.90267639902676,13.0194647201946,25.8199513381995,2.61070559610706,6.14355231143552,1.8661800486618,0.0072992700729927,0,190210.686131387,1.58637469586375,1.37469586374696
"1143",97,20,11.5285714285714,29.2119047619048,0.254761904761905,0,0,1186.80476190476,115.833333333333,15.1952380952381,4.17619047619048,0.314285714285714,1.14761904761905,15.1928571428571,11.9642857142857,1.59285714285714,1.3952380952381,27.8547619047619,6.87857142857143,11.4095238095238,29.3738095238095,2.64047619047619,8.22380952380952,2.10714285714286,0,0.0142857142857143,200216.645238095,1.55714285714286,1.20714285714286
"1144",97,21,17.687338501292,32.4263565891473,0.19250645994832,0,0,744.435400516796,117.346253229974,16.0335917312661,4.22480620155039,0.31266149870801,1.10723514211886,19.6369509043928,12.8488372093023,1.5594315245478,1.2906976744186,27.9005167958656,7.07105943152455,17.3242894056848,32.6589147286822,2.61757105943152,4.77131782945736,2.97803617571059,0.00645994832041344,0,210391.895348837,1.50516795865633,1.32558139534884
"1145",97,22,15.0156438026474,30.158844765343,0.439229843561974,0.261131167268351,0.23826714801444,502.511432009627,63.4404332129964,15.8941034897714,4.05776173285199,0.259927797833935,1.12033694344164,17.5006016847172,13.4705174488568,1.8531889290012,1.12033694344164,27.6089049338147,6.71720818291215,14.52587244284,30.5102286401925,2.64861612515042,7.61492178098676,2.23345367027677,0.00481347773766546,0.00240673886883273,220416.581227437,1.46931407942238,1.24909747292419
"1146",97,23,13.593023255814,28.5058139534884,0.953488372093023,0.11046511627907,0,5165,13.7906976744186,15.7790697674419,4.09302325581395,0.325581395348837,1.11627906976744,19.0232558139535,12.7616279069767,1.61046511627907,1.09883720930233,26.2093023255814,6.62790697674419,13.4883720930233,28.1104651162791,2.58139534883721,4,2.11627906976744,0.00581395348837209,0.0232558139534884,230086.5,1.55232558139535,1.36046511627907
"1147",97,24,48.9824868651489,58.5481611208406,0.490367775831874,0.346760070052539,0.346760070052539,209.746059544658,62.8231173380035,15.6112084063047,4.1646234676007,0.308231173380035,1.07005253940455,18.0753064798599,12.553415061296,1.83012259194396,1.32574430823117,28.0367775831874,6.77583187390543,48.7180385288967,58.0647985989492,2.93520140105079,4,2.3800350262697,0.00175131348511384,0.0192644483362522,240287.325744308,1.62171628721541,1.2031523642732
"1148",97,25,32.7373493975904,44.0457831325301,0.327710843373494,0,0,748.277108433735,15.8674698795181,14.9397590361446,4.05301204819277,0.325301204819277,1.06265060240964,19.4313253012048,12.2024096385542,1.93253012048193,0.930120481927711,25.6385542168675,6.7855421686747,32.5180722891566,44.2674698795181,2.37590361445783,4.72530120481928,2.32530120481928,0.00240963855421687,0.0072289156626506,250214.715662651,1.4144578313253,1.31566265060241
"1149",97,26,34.987529228371,46.4660950896337,0.268901013250195,0,0,839.063912704599,101.709275136399,15.8597038191738,4.2307092751364,0.341387373343726,1.12704598597038,17.1052221356196,13.2213561964147,1.78565861262666,1.52766952455183,28.8737334372564,6.88854247856586,33.1652377240842,45.2260327357755,2.8207326578332,5.19641465315666,2.38113795791115,0.00233826968043648,0,260648.303195635,1.60950896336711,1.40841777084957
"1150",97,27,31.467803030303,43.9375,0.238636363636364,0,0,1550.30113636364,85.5227272727273,15.2670454545455,4.09090909090909,0.308712121212121,1.13636363636364,13.8825757575758,14.6477272727273,1.80492424242424,1.78977272727273,28.467803030303,7.07386363636364,23.8787878787879,37.0965909090909,2.71212121212121,5.01704545454545,1.8844696969697,0.00946969696969697,0.053030303030303,270265.556818182,1.60606060606061,1.58143939393939
"1151",97,28,13.8137651821862,28.3346828609987,0.0269905533063428,0,0,291.201079622132,80.3981106612686,15.8515519568151,4.2280701754386,0.326585695006748,1.16194331983806,18.6707152496626,12.7557354925776,1.69230769230769,1.21322537112011,28.2834008097166,6.89473684210526,14.9770580296896,31.1417004048583,2.71794871794872,6.65047233468286,3.22672064777328,0,0,280375.487179487,1.49797570850202,1.19838056680162
"1152",97,29,12.7405247813411,29.3615160349854,0.657920310981535,0.0184645286686103,0,1704.73177842566,132.436345966958,15.3420796890185,4.10884353741497,0.318756073858115,1.15840621963071,17.6724975704568,14.067055393586,1.58600583090379,1.20019436345967,28.7891156462585,6.92031098153547,12.7376093294461,28.7502429543246,2.76773566569485,6.0019436345967,2.5354713313897,0.00583090379008746,0,290515,1.56656948493683,1.26919339164237
"1153",97,30,13.8654708520179,30.0224215246637,0.417040358744395,0,0,30.6726457399103,51.1704035874439,15.5739910313901,4.26008968609866,0.497757847533632,1.18834080717489,12.4977578475336,13.3542600896861,1.71748878923767,0.726457399103139,26.3094170403587,7.38116591928251,14.0403587443946,27.9775784753363,2.60089686098655,4.19730941704036,3.50224215246637,0,0.452914798206278,300112,1.33632286995516,1.33183856502242
"1154",97,31,18.3371647509579,31.5057471264368,0.409961685823755,0,0,743.716475095785,89.5747126436782,15.6666666666667,4.00766283524904,0.325670498084291,1.15708812260536,13.0651340996169,16.3869731800766,1.77394636015326,1.44061302681992,28.7662835249042,7.20306513409962,18.1915708812261,31.4597701149425,2.73946360153257,9.20306513409962,1.94252873563218,0.00383141762452107,0,310131.777777778,1.54789272030651,1.48659003831418
"1155",97,32,15.2422360248447,29.6490683229814,0.478260869565217,0,0,32.5776397515528,20.7608695652174,15.8975155279503,4.00621118012422,0.350931677018634,1.0776397515528,10.8975155279503,12.5745341614907,1.69875776397516,1.18633540372671,26.5465838509317,6.72360248447205,15.6304347826087,30.8975155279503,2.7639751552795,4,2.10248447204969,0.0062111801242236,0.0093167701863354,320161.5,1.50931677018634,1.02173913043478
"1156",97,33,16.2833333333333,29.0916666666667,0.316666666666667,0,0,307.308333333333,11.1166666666667,17.3083333333333,4.10833333333333,0.408333333333333,1.04166666666667,19.6666666666667,14.6333333333333,1.925,1.1,29.6,7.11666666666667,13.2666666666667,29.8416666666667,2.48333333333333,4,2.20833333333333,0,0.0166666666666667,330061.391666667,1.44166666666667,1.80833333333333
"1157",97,34,96.78,97.0842857142857,0.382857142857143,0.0314285714285714,0,1396.22571428571,17.9085714285714,15.4557142857143,3.99142857142857,0.25,1.10714285714286,17.8057142857143,12.4085714285714,1.9,1.22714285714286,27.27,6.46857142857143,96.5357142857143,96.9242857142857,2.66428571428571,4.87,2.03142857142857,0.00428571428571429,0.00142857142857143,340369.834285714,1.53428571428571,1.20285714285714
"1158",97,35,63.1025,69.4675,0.575,0,0,73.1625,26.3325,15.7325,4.0875,0.3625,1.21,11.895,14.7575,1.77,1.0025,28.115,6.7125,63.675,69.545,3.235,4.8225,2.4225,0.0025,0.085,350201.36,1.4275,1.1675
"1159",97,36,49.8039735099338,59.0291390728477,0.255629139072848,0.0344370860927152,0,3492.53907284768,62.4238410596027,15.7198675496689,4.00993377483444,0.200662251655629,1.09403973509934,16.623178807947,13.1099337748344,1.88278145695364,1.25364238410596,28.5278145695364,6.67814569536424,50.3715231788079,59.8251655629139,2.69337748344371,4.79006622516556,2.07880794701987,0.00264900662251656,0.0033112582781457,360761.570860927,1.47748344370861,1.35960264900662
"1160",97,37,14.3976744186047,30.822480620155,0.21937984496124,0,0,540.696899224806,103.561240310078,15.9705426356589,4.27364341085271,0.296899224806202,1.14961240310078,18.1573643410853,12.9720930232558,1.7077519379845,1.24108527131783,27.7131782945736,6.62093023255814,74.1813953488372,78.477519379845,2.83178294573643,4.68139534883721,1.87364341085271,0.00387596899224806,0.00697674418604651,370650.226356589,1.56356589147287,1.22325581395349
"1161",97,38,15.3820224719101,33.3483146067416,0.224719101123595,0,0,235.224719101124,52.9775280898876,12.8876404494382,4.10112359550562,0.471910112359551,1.17977528089888,9.03370786516854,14.5393258426966,1.92134831460674,1.32584269662921,26.4943820224719,7.76404494382022,15.438202247191,32.9101123595506,2.62921348314607,4.41573033707865,2.20224719101124,0,0.438202247191011,380045,1.47191011235955,1.30337078651685
"1162",97,39,40.007874015748,50.6708661417323,0.184251968503937,0.0141732283464567,0,1276.34566929134,85.4724409448819,15.8889763779528,4.1503937007874,0.322047244094488,1.13464566929134,19.2511811023622,12.7834645669291,1.69606299212598,1.48503937007874,28.2425196850394,6.59448818897638,38.9716535433071,49.6149606299213,2.56299212598425,6.09685039370079,2.5007874015748,0.0031496062992126,0.0078740157480315,390640.248818898,1.5740157480315,1.31889763779528
"1163",97,40,25.2829403606103,39.256588072122,0.513176144244105,0,0,1099.23717059639,85.6685159500693,15.1789181692094,4.38002773925104,0.288488210818308,1.1622746185853,19.3828016643551,13.1692094313454,1.60471567267684,1.34674063800277,25.4313453536755,6.79889042995839,25.4895977808599,38.25520110957,2.68654646324549,8.22330097087379,2.1997226074896,0.00416088765603329,0.0013869625520111,400363.438280166,1.53398058252427,1.14285714285714
"1164",97,41,12.8636363636364,28.9458874458874,0.666666666666667,0.0367965367965368,0,387.670995670996,36.8225108225108,15.6753246753247,4.06277056277056,0.383116883116883,1.13419913419913,17.1753246753247,15.1709956709957,1.83982683982684,1.06709956709957,31.0194805194805,6.56926406926407,12.512987012987,30.3268398268398,2.6038961038961,4.66883116883117,2.58225108225108,0.00216450216450216,0.134199134199134,410233.694805195,1.46103896103896,1.56277056277056