"","YEAR","STATE","ARR_HOUR","ARR_MIN","CF1","CF2","CF3","CITY","COUNTY","DAY","DAY_WEEK","DRUNK_DR","FATALS","HARM_EV","HOUR","LGT_COND","MAN_COLL","MINUTE","MONTH","NOT_HOUR","NOT_MIN","PERSONS","RAIL","REL_ROAD","SCH_BUS","SP_JUR","ST_CASE","VE_FORMS","WEATHER"
"1165",97,42,43.6926345609065,53.9320113314448,0.258498583569405,0,0,1332.97592067989,64.1274787535411,15.6324362606232,4.12677053824363,0.322946175637394,1.10269121813031,19.1607648725212,12.5715297450425,1.80949008498584,1.27974504249292,27.1296033994334,6.74645892351275,45.0184135977337,54.8987252124646,2.67847025495751,4.41643059490085,2.43626062322946,0.00354107648725212,0.0134560906515581,420709.065155807,1.55949008498584,1.35056657223796
"1166",97,44,11.530303030303,26.030303030303,1.65151515151515,0.212121212121212,0,610.848484848485,6.18181818181818,15.8939393939394,3.95454545454545,0.53030303030303,1.13636363636364,19.530303030303,11.4545454545455,2.27272727272727,0.96969696969697,25.5151515151515,5.75757575757576,11.4545454545455,25.7272727272727,2.42424242424242,3.98484848484848,2.60606060606061,0,0,440033.5,1.51515151515152,1.36363636363636
"1167",97,45,13.3583959899749,29.2431077694236,0.786967418546366,0.0551378446115288,0,395.730576441103,47.8270676691729,15.8734335839599,4.19298245614035,0.338345864661654,1.13157894736842,19.0350877192982,12.4899749373434,1.7468671679198,1.40225563909774,25.437343358396,6.81077694235589,13.4749373433584,29.125313283208,2.57393483709273,6.73558897243108,2.94235588972431,0.0012531328320802,0.0150375939849624,450402.449874687,1.48621553884712,1.13659147869674
"1168",97,46,17.8671875,33.5390625,0.3046875,0,0,226.1953125,72.3125,16.921875,4.125,0.3828125,1.15625,13.3828125,15.28125,1.7265625,0.90625,29.25,7.2265625,17.453125,32.75,2.5234375,5.0859375,2.3828125,0,0.46875,460064.5,1.40625,1.7265625
"1169",97,47,58.2038043478261,66.1530797101449,0.473731884057971,0.0570652173913043,0,678.269927536232,100.074275362319,15.0199275362319,4.25452898550725,0.351449275362319,1.10960144927536,19.2672101449275,14.1730072463768,1.82065217391304,1.19202898550725,29.4230072463768,6.66123188405797,58.1277173913044,65.883152173913,2.55797101449275,5.20652173913043,2.67391304347826,0.000905797101449275,0.00181159420289855,470561.129528986,1.51992753623188,1.33333333333333
"1170",97,48,11.4896238651102,23.4182879377432,0.488002594033722,0.0110246433203632,0,1735.72568093385,236.222438391699,15.6556420233463,4.17088197146563,0.323929961089494,1.13910505836576,14.8187418936446,13.1277561608301,1.81939040207523,1.23735408560311,27.9406614785992,6.60278858625162,11.6092736705577,23.4630350194553,2.89332036316472,5.65337224383917,2.12289234760052,0.00259403372243839,0,481545.288261997,1.53631647211414,1.1961738002594
"1171",97,49,33.621359223301,46.6310679611651,0,0,0,989.592233009709,33.7572815533981,15.2394822006472,3.99676375404531,0.187702265372168,1.18446601941748,11.0453074433657,14.7313915857605,1.72168284789644,1.23300970873786,27.3236245954693,6.8252427184466,31.8802588996764,42.7216828478964,2.79935275080906,5.94822006472492,2.49514563106796,0,0,490157.265372168,1.48867313915858,1.28802588996764
"1172",97,50,16.8977272727273,31.9090909090909,1.45454545454545,0,0,715.715909090909,14.8181818181818,15.6022727272727,3.82954545454545,0.363636363636364,1.09090909090909,14.3295454545455,20.6704545454545,1.60227272727273,0.965909090909091,33.7727272727273,6.60227272727273,17.2386363636364,33.0113636363636,2.80681818181818,4,1.96590909090909,0,0.0227272727272727,500044.5,1.60227272727273,1.63636363636364
"1173",97,51,99,99,0.351111111111111,0.0366666666666667,0,311.498888888889,206.718888888889,15.9922222222222,4.21111111111111,0.354444444444444,1.09333333333333,21.0055555555556,13.0877777777778,1.62,1.18666666666667,28.0111111111111,6.57444444444444,99,99,2.41888888888889,4.07555555555556,2.92222222222222,0.00555555555555556,0.00111111111111111,510452.35,1.5,1.11888888888889
"1174",97,53,14.8330494037479,29.8586030664395,0.330494037478705,0,0,452.918228279387,42.1209540034072,16.1209540034072,4.30494037478705,0.40885860306644,1.14821124361158,15.8756388415673,13.7819420783646,1.82282793867121,1.15332197614991,26.3781942078365,6.85689948892675,14.9676320272572,29.8415672913118,2.73253833049404,4.82282793867121,2.46166950596252,0.00170357751277683,0.166950596252129,530296.877342419,1.49403747870528,1.35945485519591
"1175",97,54,11.932944606414,28.1457725947522,0.221574344023324,0,0,326.338192419825,51.8279883381924,15.6967930029155,4.2798833819242,0.349854227405248,1.11078717201166,17.399416909621,14.7521865889213,1.73177842565598,1.15743440233236,30.5889212827988,6.77842565597668,12.0116618075802,29.9562682215743,2.70553935860058,4.20116618075802,2.40524781341108,0.00291545189504373,0,540172.766763848,1.55102040816327,1.42274052478134
"1176",97,55,14.5937007874016,31.7496062992126,0.549606299212598,0.165354330708661,0.155905511811024,679.862992125984,74.0472440944882,16.2,4.13700787401575,0.417322834645669,1.14173228346457,16.7952755905512,15.0787401574803,1.77952755905512,1.31968503937008,30.6346456692913,7.04409448818898,13,30.6614173228346,2.58897637795276,5.7496062992126,2.31181102362205,0.0062992125984252,0.0188976377952756,550319.499212598,1.52283464566929,1.56692913385827
"1177",97,56,14.9487179487179,28.7179487179487,0.58974358974359,0,0,51.7094017094017,20.5384615384615,15.9230769230769,3.92307692307692,0.282051282051282,1.17094017094017,11.7179487179487,13.7094017094017,1.62393162393162,0.726495726495726,26.4871794871795,7.29059829059829,14.7777777777778,31.1623931623932,2.84615384615385,4,2.74358974358974,0,0.0341880341880342,560059.572649573,1.30769230769231,1.53846153846154
"1178",1998,1,13.7661795407098,27.6033402922756,0.336116910229645,0.00730688935281837,0,518.940501043841,72.7494780793319,15.4039665970772,4.13048016701461,0.282881002087683,1.11795407098121,19.7536534446764,12.8945720250522,1.68162839248434,1.13674321503132,26.9185803757829,6.73173277661795,93.8110647181628,94.2724425887265,2.60751565762004,4.76096033402923,3.23277661795407,0.00313152400835073,0.00835073068893528,10479.5,1.52922755741127,1.18162839248434
"1179",1998,2,15.7301587301587,37.2222222222222,0.904761904761905,0,0,383.571428571429,72.7936507936508,16.3174603174603,3.82539682539683,0.333333333333333,1.11111111111111,15.3809523809524,14.4761904761905,1.87301587301587,0.952380952380952,35.4444444444444,7.49206349206349,15.5714285714286,31.8571428571429,2.6984126984127,3,2.0952380952381,0.0158730158730159,0.0158730158730159,20035.0476190476,1.36507936507937,1.26984126984127
"1180",1998,4,37.4755244755245,48.4160839160839,0.84965034965035,0.201631701631702,0.115384615384615,252.250582750583,15.3916083916084,16.0979020979021,4.1025641025641,0.286713286713287,1.14219114219114,13.5384615384615,14.1573426573427,2.0034965034965,1.26806526806527,29.7564102564103,6.74242424242424,34.8414918414918,46.6072261072261,3.10722610722611,3.84265734265734,6.85431235431235,0,0.483682983682984,40433.1724941725,1.504662004662,1.37762237762238
"1181",1998,5,14.5100917431193,28.8788990825688,0.299082568807339,0.036697247706422,0,743.225688073395,80.9596330275229,15.3192660550459,4.05321100917431,0.357798165137615,1.14678899082569,16.6733944954128,14.1853211009174,1.57981651376147,1.24770642201835,27.5376146788991,6.69724770642202,13.7211009174312,27.4220183486239,2.77247706422018,9.57247706422018,2.54311926605505,0,0,50274.1577981651,1.53394495412844,1.2954128440367
"1183",1998,8,16.6969147005445,31.573502722323,0.544464609800363,0,0,300.499092558984,56.426497277677,15.3865698729583,4.3557168784029,0.370235934664247,1.13974591651543,14.470054446461,13.3557168784029,1.7568058076225,1.11796733212341,27.529945553539,6.77676950998185,16.5009074410163,31.2050816696915,2.83666061705989,3.12704174228675,2.61887477313975,0.00362976406533575,0,80276,1.53901996370236,1.28493647912886
"1184",1998,9,16.4967320261438,33.2745098039216,0.46078431372549,0,0,507.797385620915,6.3921568627451,15.8039215686275,4.09150326797386,0.375816993464052,1.07516339869281,19.6633986928105,11.9509803921569,2.01960784313725,1.08169934640523,28.6078431372549,7.0718954248366,14.1437908496732,30.7712418300654,2.3921568627451,3.22875816993464,2.31699346405229,0,0,90154.2941176471,1.48692810457516,1.2516339869281
"1185",1998,10,12.4528301886792,28.7641509433962,0.386792452830189,0,0,41.0094339622642,3.05660377358491,14.4056603773585,4.19811320754717,0.311320754716981,1.08490566037736,16.9811320754717,14.1037735849057,1.65094339622642,1.69811320754717,28.8962264150943,6.76415094339623,12.5660377358491,29.4811320754717,2.56603773584906,3,2.63207547169811,0,0,100053.5,1.60377358490566,1.08490566037736
"1186",1998,11,10.74,24.76,0.82,0.14,0.36,10,0.98,17.94,4.06,0.28,1.08,16.42,10.9,2.2,1.62,21.84,6.28,10.64,24.06,3.22,3,1.46,0,0.02,110025.5,1.62,1.12
"1187",1998,12,28.4014913657771,41.8394819466248,0.392464678178964,0.00588697017268446,0,713.154238618524,63.9203296703297,15.6985871271586,4.20957613814757,0.246467817896389,1.10871271585557,14.7641287284144,13.7998430141287,1.86734693877551,1.52119309262166,28.043956043956,6.53453689167975,28.3175039246468,41.4368131868132,2.86028257456829,3.4085557299843,1.7817896389325,0.00274725274725275,0.0137362637362637,121282.955651491,1.61459968602826,1.1605180533752
"1188",1998,13,13.2036775106082,27.6329561527581,0.429278642149929,0,0,538.469589816124,138.502121640736,15.533946251768,4.16760961810467,0.265912305516266,1.10891089108911,18.5261669024045,14.1350777934936,1.67892503536068,1.25601131541726,30.1994342291372,6.76661951909477,13.0735502121641,28.7263083451202,2.62800565770863,4.09405940594059,2.65346534653465,0.00777934936350778,0.00495049504950495,130710.555869873,1.54879773691655,1.22135785007072
"1189",1998,15,12.6902654867257,30.3893805309735,0.168141592920354,0,0,3957.96460176991,2.94690265486726,15.7964601769912,4.27433628318584,0.486725663716814,1.06194690265487,16.929203539823,12.0442477876106,2.38053097345133,1.14159292035398,27.5044247787611,6.67256637168142,12.5575221238938,29.4778761061947,2.86725663716814,3,2.17699115044248,0.00884955752212389,0,150057,1.57522123893805,1.33628318584071
"1190",1998,16,12.5089285714286,26.6741071428571,0.53125,0.441964285714286,0.441964285714286,144.616071428571,41.7678571428571,16.3571428571429,3.96428571428571,0.334821428571429,1.18303571428571,12.2232142857143,12.7946428571429,1.76339285714286,1.10267857142857,27.5803571428571,7.23660714285714,12.2857142857143,27.8973214285714,2.73660714285714,4.10267857142857,2.34375,0,0.0535714285714286,160113.602678571,1.45089285714286,1.39285714285714
"1191",1998,17,36.3932312651088,97.0145044319098,0.286865431103948,0.0177276390008058,0,1799.50765511684,88.0314262691378,15.9307010475423,4.18694601128122,0.360999194198227,1.12248186946011,16.491539081386,12.4053182917002,1.83158742949234,1.3013698630137,28.1627719580983,6.93795326349718,13.1289282836422,29.477840451249,2.73569701853344,4.2812248186946,2.23932312651088,0.0040290088638195,0.0024174053182917,170634.056406124,1.56728444802579,1.32876712328767
"1192",1998,18,96.8269230769231,97.3472850678733,0.578054298642534,0.0214932126696833,0,625.575791855204,90.6131221719457,16.2669683257919,4.14819004524887,0.33710407239819,1.11085972850679,18.5961538461538,14.2760180995475,1.7737556561086,1.42760180995475,30.408371040724,6.88235294117647,96.722850678733,97.3122171945701,2.55542986425339,7.90610859728507,2.68665158371041,0.00452488687782805,0.00113122171945701,180448.863122172,1.56447963800905,1.24660633484163
"1193",1998,19,12.0336787564767,29.0025906735751,0.150259067357513,0,0,1035.25129533679,107.772020725389,15.9015544041451,4.25388601036269,0.264248704663212,1.16321243523316,13.4637305699482,13.6502590673575,1.63212435233161,1.5699481865285,28.339378238342,7.10621761658031,12.1502590673575,27.7927461139896,2.80310880829016,3.34455958549223,1.89637305699482,0.00259067357512953,0,190195.176165803,1.68134715025907,1.37305699481865
"1194",1998,20,13.4545454545455,28.1363636363636,0.304545454545455,0,0,1144.69318181818,113.109090909091,16.4022727272727,4.2,0.325,1.11818181818182,16.0522727272727,14.275,1.76818181818182,1.3,28.9454545454545,6.85681818181818,13.725,28.3818181818182,2.67045454545455,5.46363636363636,2.22954545454545,0,0.0931818181818182,200229.427272727,1.51363636363636,1.275
"1195",1998,21,17.0443864229765,32.6723237597911,0.276762402088773,0,0,984.939947780679,118.537859007833,15.5926892950392,4.17232375979112,0.323759791122715,1.1201044386423,20.1070496083551,12.8916449086162,1.57963446475196,1.2976501305483,27.8302872062663,6.59138381201044,16.6892950391645,32.1331592689295,2.72976501305483,3.6201044386423,2.77676240208877,0.00652741514360313,0,210387.015665796,1.55613577023499,1.26370757180157
"1196",1998,22,14.9615861214374,29.6133828996283,0.157372986369269,0,0,512.239157372986,60.7385377942999,15.5006195786865,4.13135068153656,0.301115241635688,1.14745972738538,17.0483271375465,12.9776951672862,1.90830235439901,1.22304832713755,27.638166047088,6.7819083023544,14.4869888475836,30.4448574969021,2.83890954151177,6.42255266418835,2.47707558859975,0.00247831474597274,0,220404,1.57372986369269,1.27509293680297
"1197",1998,23,17.8125,32.3863636363636,0.625,0,0,4695.14772727273,14.6136363636364,15.7045454545455,4.35227272727273,0.306818181818182,1.09090909090909,17.2045454545455,13.8181818181818,1.67613636363636,0.982954545454545,27.6931818181818,6.97159090909091,16.6818181818182,32.0397727272727,2.42613636363636,3,2.32954545454545,0,0.102272727272727,230088.613636364,1.4375,1.34659090909091
"1198",1998,24,48.5027322404372,59.0200364298725,0.397085610200364,0,0,169.905282331512,61.0710382513661,15.5846994535519,4.11111111111111,0.296903460837887,1.10382513661202,18.2422586520947,12.5846994535519,1.85245901639344,1.39344262295082,29.5446265938069,6.85428051001822,45.0673952641166,55.7413479052823,2.85610200364299,3,2.77049180327869,0.00364298724954463,0.034608378870674,240275.122040073,1.59744990892532,1.18579234972678
"1199",1998,25,24.8355437665783,38.5596816976127,0.615384615384615,0.0397877984084881,0.0371352785145889,816.724137931035,16.3368700265252,15.6153846153846,4.12732095490716,0.305039787798409,1.07692307692308,18.9946949602122,12.6976127320955,2.0079575596817,0.976127320954907,26.6419098143236,6.95490716180371,24.2122015915119,37.4615384615385,2.43236074270557,3,2.21485411140584,0.0026525198938992,0.0159151193633952,250194.411140584,1.48806366047745,1.30769230769231
"1200",1998,26,34.3354943273906,46.1920583468395,0.564019448946515,0,0,778.92868719611,103.119935170178,15.918152350081,4.19124797406807,0.350891410048622,1.10696920583468,16.5640194489465,13.3006482982172,1.78930307941653,1.47649918962723,29.4700162074554,6.89059967585089,32.4011345218801,46.0445705024311,2.75283630470016,3.83063209076175,2.53160453808752,0.00243111831442464,0,260621.410858995,1.63614262560778,1.33792544570502
"1201",1998,27,20.8834782608696,34.6991304347826,0.229565217391304,0,0,1693.12347826087,81.8278260869565,16.0886956521739,4.25565217391304,0.413913043478261,1.1304347826087,14.6486956521739,14.0191304347826,1.78086956521739,1.50782608695652,29.0695652173913,7.00173913043478,17.7252173913043,31.9426086956522,2.68869565217391,4.33913043478261,2.4,0.00521739130434783,0.0121739130434783,270288.403478261,1.55304347826087,1.43478260869565
"1202",1998,28,14.7410926365796,28.1793349168646,0.00356294536817102,0,0,298.282660332542,78.5344418052257,15.6425178147268,4.19002375296912,0.270783847980998,1.12589073634204,19.3444180522565,13.229216152019,1.67814726840855,1.09738717339667,29.2779097387173,6.6437054631829,16.4334916864608,31.8800475059382,2.49643705463183,5.49762470308789,3.25653206650831,0,0.00237529691211401,280424.021377672,1.48574821852732,1.26128266033254
"1203",1998,29,13.8475909537856,30.9124877089479,0.567354965585054,0.0324483775811209,0,1634.78367748279,128.472959685349,15.630285152409,4.24385447394297,0.314650934119961,1.14945919370698,17.3402163225172,13.2212389380531,1.56735496558505,1.15339233038348,28.2399213372665,6.71189773844641,13.8062930186824,30.5201573254671,2.68239921337266,4.14060963618486,3.015732546706,0.00294985250737463,0,290509.388397247,1.54670599803343,1.26745329400197
"1204",1998,30,12.9471153846154,27,0.557692307692308,0,0,53.0576923076923,53.5192307692308,17.1538461538462,4.13942307692308,0.389423076923077,1.13942307692308,12.1875,13.9615384615385,1.65865384615385,0.903846153846154,26.5769230769231,6.78846153846154,13.6682692307692,29.3509615384615,2.49038461538462,3.49519230769231,3.37019230769231,0.00480769230769231,0.375,300104.5,1.33173076923077,1.28365384615385
"1205",1998,31,16.4833948339483,30.4391143911439,0.202952029520295,0,0,693.756457564576,85.4280442804428,15.6457564575646,4.10332103321033,0.391143911439114,1.16236162361624,12.7564575645756,17.3616236162362,1.73062730627306,1.24354243542435,30.7232472324723,7.00738007380074,16.2878228782288,31.029520295203,2.78966789667897,4.72324723247232,2.12177121771218,0.003690036900369,0.0516605166051661,310136,1.48339483394834,1.40590405904059
"1206",1998,32,14.1333333333333,29.6412698412698,0.949206349206349,0.120634920634921,0,32.9587301587302,12.2444444444444,15.4603174603175,4.20952380952381,0.384126984126984,1.14603174603175,11.2793650793651,12.9301587301587,1.71746031746032,1.0031746031746,26.3301587301587,6.56825396825397,14.8571428571429,29.768253968254,2.92063492063492,3.81269841269841,2.12698412698413,0,0.00317460317460317,320158.453968254,1.54603174603175,1.0952380952381
"1207",1998,33,15.6608695652174,29.4,0.173913043478261,0,0,511.017391304348,10.9130434782609,15.1826086956522,3.99130434782609,0.391304347826087,1.11304347826087,18.6869565217391,14.095652173913,1.75652173913043,1.01739130434783,27.7739130434783,6.89565217391304,12.9391304347826,28.4782608695652,2.19130434782609,3,2.21739130434783,0,0,330059.547826087,1.48695652173913,1.4695652173913
"1208",1998,34,97.3114754098361,97.7451564828614,0.339791356184799,0.0253353204172876,0,1391.41132637854,17.602086438152,15.1460506706408,4.22354694485842,0.23397913561848,1.1043219076006,17.1907600596125,11.7034277198212,1.88971684053651,1.14307004470939,28.9284649776453,6.85543964232489,96.8450074515648,97.193740685544,2.61251862891207,3.49925484351714,2.00149031296572,0.00596125186289121,0.0119225037257824,340356.785394933,1.53502235469449,1.15201192250373
"1209",1998,35,89.7727272727273,89.8342245989305,0.328877005347594,0.00802139037433155,0,73.0695187165775,27.8823529411765,15.9705882352941,4.20320855614973,0.366310160427808,1.13368983957219,11.2673796791444,13.7914438502674,1.77272727272727,0.868983957219251,27.1631016042781,6.33689839572193,89.7727272727273,89.831550802139,3.13368983957219,5.05347593582888,2.58288770053476,0,0.160427807486631,350187.5,1.35828877005348,1.29679144385027
"1210",1998,36,48.2514245014245,58.1951566951567,0.332621082621083,0.0270655270655271,0,3521.56908831909,65.1509971509972,16.1132478632479,4.07264957264957,0.203703703703704,1.07834757834758,16.6709401709402,13.2200854700855,1.85612535612536,1.21082621082621,28.1923076923077,6.89031339031339,49.1274928774929,58.6709401709402,2.68518518518519,3.18447293447293,2.23717948717949,0.00712250712250712,0.0121082621082621,360705.641025641,1.46937321937322,1.252849002849
"1211",1998,37,13.4591765526867,29.9853454291696,0.294487090020935,0,0,692.473831123517,103.875087229588,16.1039776692254,4.03977669225401,0.255408234473133,1.11374738311235,18.3384508025122,12.9036985345429,1.71946964410328,1.23098394975576,27.427076064201,7.03070481507327,13.0851360781577,29.0006978367062,2.72435450104676,4.55617585484996,1.9155617585485,0.00348918353105373,0.00209351011863224,370731.363572924,1.54291695743196,1.22470341939986
"1212",1998,38,11.7594936708861,29.493670886076,0,0,0,268.481012658228,52.8481012658228,15.0886075949367,4.53164556962025,0.481012658227848,1.16455696202532,12.6835443037975,13.3924050632911,1.63291139240506,0.987341772151899,27.7088607594937,7.15189873417722,12.1139240506329,29.2784810126582,2.49367088607595,6.16455696202532,2.59493670886076,0,0.30379746835443,380040,1.37974683544304,1.51898734177215
"1213",1998,39,37.7261442979053,48.7486423584174,0.30643910007758,0.00310318076027929,0,1209.62994569434,86.8619084561676,15.8634600465477,4.16602017067494,0.290147401086113,1.10318076027929,20.1171450737005,12.5577967416602,1.67804499612102,1.35841737781226,28.1031807602793,6.89914662529092,37.6299456943367,48.6299456943367,2.60744763382467,4.40961986035687,2.64313421256788,0.00620636152055857,0.000775795190069822,390647.062063615,1.53840186190846,1.25135764158262
"1214",1998,40,25.483771251932,39.2982998454405,0.272024729520866,0,0,1149.64605873261,83.952086553323,15.4451313755796,4.12364760432767,0.30757341576507,1.16692426584235,19.8037094281298,12.5069551777434,1.5935085007728,1.29211746522411,27.9459041731066,6.67233384853168,25.5347758887172,39.5826893353941,2.64142194744977,4.58887171561051,2.30448222565688,0.00154559505409583,0.0170015455950541,400328.163833076,1.52704791344668,1.18856259659969
"1215",1998,41,13.1092783505155,29.1175257731959,0.461855670103093,0.0391752577319588,0,382.138144329897,36.760824742268,15.719587628866,4.23711340206186,0.379381443298969,1.10927835051546,16.2371134020619,14.4123711340206,1.76494845360825,1.16907216494845,29.3731958762887,6.6639175257732,13.2577319587629,29.2886597938144,2.77938144329897,3.59381443298969,2.45773195876289,0,0.115463917525773,410246.960824742,1.47422680412371,1.44329896907216
"1216",1998,42,33.3057607090103,45.7836041358936,0.337518463810931,0,0,1253.1070901034,64.5155096011817,16.0280649926145,4.14771048744461,0.353766617429838,1.09379615952733,19.738552437223,12.7481536189069,1.79025110782866,1.26218611521418,27.5989660265879,6.80206794682422,34.1838995568685,46.0531757754801,2.50664697193501,3.16469719350074,2.51033973412112,0.00443131462333826,0.0206794682422452,420681.797636632,1.51550960118168,1.28655834564254
"1217",1998,44,11.4571428571429,27.8857142857143,0.314285714285714,0,0,715.314285714286,5.8,16.1571428571429,4.2,0.385714285714286,1.05714285714286,19.1142857142857,11.6428571428571,1.84285714285714,0.7,26.7142857142857,6.42857142857143,11.7,28.7857142857143,2.58571428571429,3,2.9,0,0,440035.5,1.4,1.18571428571429
"1218",1998,45,13.8410087719298,29.5910087719298,0.621710526315789,0.0153508771929825,0,417.489035087719,48.0526315789474,15.4199561403509,4.11732456140351,0.25219298245614,1.09868421052632,18.1875,12.9714912280702,1.70065789473684,1.51644736842105,27.2116228070175,6.65899122807018,98.3135964912281,98.4298245614035,2.59320175438596,4.14035087719298,2.82675438596491,0.00328947368421053,0,450462.325657895,1.48355263157895,1.09868421052632
"1219",1998,46,14.7718120805369,27.3825503355705,4.58389261744966,3.98657718120805,3.98657718120805,298.758389261745,77.3758389261745,16.4630872483221,4.1744966442953,0.38255033557047,1.10738255033557,13.9127516778523,16.0469798657718,1.66442953020134,1.06040268456376,29.9261744966443,6.73154362416107,14.751677852349,27.489932885906,2.70469798657718,3,2.45637583892617,0,0.409395973154362,460075,1.44295302013423,1.33557046979866
"1220",1998,47,52.8108108108108,61.5432432432432,0.802702702702703,0.113513513513514,0.0891891891891892,557.083783783784,98.2558558558559,16.1558558558559,4.09189189189189,0.365765765765766,1.0954954954955,19.4954954954955,14.6981981981982,1.79009009009009,1.18018018018018,29.2387387387387,6.83963963963964,52.8747747747748,61.172972972973,2.68558558558559,3.82432432432432,2.84414414414414,0.0036036036036036,0,470567.522522523,1.54144144144144,1.31711711711712
"1221",1998,48,10.9854797979798,22.3983585858586,0.547664141414141,0.00599747474747475,0,1715.01136363636,236.005997474747,15.5871212121212,4.20707070707071,0.31155303030303,1.13194444444444,15.3443813131313,12.8106060606061,1.80018939393939,1.16256313131313,27.1657196969697,6.59090909090909,11.0082070707071,22.3491161616162,2.84911616161616,4.01167929292929,3.03314393939394,0.00315656565656566,0,481586.48895202,1.54924242424242,1.22190656565657
"1222",1998,49,30.6266233766234,42.6038961038961,0,0,0,789.733766233766,33.9675324675325,15.6850649350649,4.09090909090909,0.142857142857143,1.13636363636364,11.0941558441558,15.2207792207792,1.70454545454545,1.17857142857143,28.2857142857143,6.74675324675325,27.0227272727273,39.3896103896104,2.68506493506493,6.49350649350649,2.4512987012987,0,0,490155.12987013,1.43831168831169,1.21428571428571
"1223",1998,50,16.4431818181818,30.5795454545455,0.522727272727273,0,0,1138.125,14.3636363636364,14.9886363636364,4.52272727272727,0.363636363636364,1.18181818181818,18.8977272727273,18.2045454545455,1.75,0.704545454545455,33.3977272727273,7.57954545454545,16.4772727272727,35.6136363636364,2.5,3.80681818181818,2.36363636363636,0,0.113636363636364,500044.772727273,1.40909090909091,1.44318181818182
"1224",1998,51,99,99,0.456834532374101,0,0,341.243405275779,220.235011990408,15.7374100719424,4.22661870503597,0.302158273381295,1.121103117506,20.0863309352518,13.5059952038369,1.60551558752998,1.29616306954436,27.3908872901679,6.82853717026379,99,99,2.38968824940048,3,2.69064748201439,0.00359712230215827,0.0119904076738609,510420.940047962,1.47122302158273,1.06834532374101
"1225",1998,53,19.4033898305085,35.2694915254237,0.616949152542373,0,0,540.003389830508,45.3118644067797,15.4559322033898,4.11864406779661,0.435593220338983,1.12203389830508,16.5983050847458,12.6627118644068,1.73559322033898,1.31525423728814,27.6525423728814,6.7271186440678,19.228813559322,33.835593220339,2.71694915254237,3.93220338983051,2.4135593220339,0.00338983050847458,0.138983050847458,530297.615254237,1.53898305084746,1.33050847457627
"1226",1998,54,12.1515151515152,30.1333333333333,0.287878787878788,0.0575757575757576,0,300.20303030303,50.3272727272727,15.4121212121212,4.16969696969697,0.36969696969697,1.07272727272727,17.9606060606061,14.0969696969697,1.6969696969697,1.03333333333333,30.0666666666667,6.76969696969697,11.9878787878788,30.1030303030303,2.46666666666667,3.2030303030303,2.38787878787879,0.00303030303030303,0,540165.545454545,1.41818181818182,1.36969696969697
"1227",1998,55,15.0838607594937,31.0316455696203,0.609177215189873,0.161392405063291,0.156645569620253,739.496835443038,73.9335443037975,15.8560126582278,4.10126582278481,0.379746835443038,1.12974683544304,16.0205696202532,15.2199367088608,1.75,1.39873417721519,30.0506329113924,7.07120253164557,14.1170886075949,29.8939873417722,2.52848101265823,4.29746835443038,2.23892405063291,0.00632911392405063,0.0142405063291139,550317.488924051,1.52689873417722,1.43670886075949
"1228",1998,56,12.984496124031,30.3178294573643,0.527131782945736,0.147286821705426,0,61.0852713178295,20.7519379844961,16.6356589147287,4.27131782945736,0.457364341085271,1.1937984496124,10.8759689922481,16.2790697674419,1.75968992248062,0.821705426356589,25.4263565891473,6.98449612403101,13.031007751938,27.2558139534884,2.46511627906977,3,2.54263565891473,0,0.0232558139534884,560065,1.34108527131783,1.55038759689922
"1229",1999,1,13.7076612903226,28.9727822580645,0.316532258064516,0,0,465.422379032258,72.4677419354839,15.4858870967742,4.22681451612903,0.261088709677419,1.14717741935484,20.2600806451613,12.9506048387097,1.71068548387097,1.19758064516129,27.0816532258065,6.90725806451613,88.241935483871,89.6814516129032,2.55645161290323,4.51612903225806,3.17943548387097,0,0,10497.0735887097,1.53225806451613,1.11391129032258
"1230",1999,2,14.5342465753425,29.6164383561644,0.863013698630137,0,0,548.13698630137,117.246575342466,15.0684931506849,4.16438356164384,0.534246575342466,1.08219178082192,17.1232876712329,12.2465753424658,1.76712328767123,1.06849315068493,29.6986301369863,6.83561643835616,13.4109589041096,26.7808219178082,2.83561643835616,3,2.3013698630137,0,0.0410958904109589,20037.3835616438,1.42465753424658,1.6027397260274
"1231",1999,4,37.683572216097,49.2524807056229,1.29988974641676,0.562293274531422,0.545755237045204,347.652701212789,15.199558985667,15.4884233737596,4.02094818081588,0.465270121278942,1.1289966923925,14.8147739801544,14.7927232635061,2.09040793825799,1.58213891951488,30.0793825799338,6.5148842337376,34.06394707828,46.664829106946,3.10694597574421,3.49393605292172,8.43660418963616,0.00220507166482911,0.463065049614112,40455.006615215,1.55457552370452,1.56339581036384
"1232",1999,5,13.8055555555556,28.9018518518519,0.722222222222222,0.366666666666667,0.366666666666667,618.777777777778,77.8296296296296,15.4962962962963,4.15,0.353703703703704,1.11851851851852,18.35,13.1314814814815,1.63518518518519,1.08703703703704,27.9648148148148,6.56666666666667,12.9907407407407,27.6388888888889,2.4462962962963,6.16296296296296,2.32222222222222,0.00185185185185185,0,50270.5,1.45185185185185,1.19259259259259