"","YEAR","STATE","ARR_HOUR","ARR_MIN","CF1","CF2","CF3","CITY","COUNTY","DAY","DAY_WEEK","DRUNK_DR","FATALS","HARM_EV","HOUR","LGT_COND","MAN_COLL","MINUTE","MONTH","NOT_HOUR","NOT_MIN","PERSONS","RAIL","REL_ROAD","SCH_BUS","SP_JUR","ST_CASE","VE_FORMS","WEATHER"
"1234",1999,8,16.573476702509,31.8243727598566,0.521505376344086,0,0,301.5,56.0322580645161,15.7168458781362,4.04838709677419,0.578853046594982,1.12186379928315,14.3602150537634,13.3584229390681,1.70609318996416,1.09498207885305,27.1397849462366,6.75627240143369,15.1200716845878,30.7491039426523,2.82258064516129,3.12007168458781,2.77240143369176,0.0017921146953405,0.00537634408602151,80279.5,1.51075268817204,1.3405017921147
"1235",1999,9,23.6111111111111,38.8703703703704,0.52962962962963,0.0703703703703704,0,424.951851851852,6.56296296296296,16.3962962962963,4.27407407407407,0.514814814814815,1.11481481481481,20.2111111111111,12.5814814814815,2.03333333333333,1.04074074074074,28.637037037037,6.77777777777778,22.8962962962963,37.337037037037,2.67777777777778,3,2.75185185185185,0.0111111111111111,0,90135.5,1.48148148148148,1.1962962962963
"1236",1999,10,13.1758241758242,27.7692307692308,0.648351648351648,0,0,32.6373626373626,3.26373626373626,14.4945054945055,4.07692307692308,0.483516483516484,1.0989010989011,16.1098901098901,13.2747252747253,1.97802197802198,1.75824175824176,26.4725274725275,5.98901098901099,13.0549450549451,28.5934065934066,2.6043956043956,3.48351648351648,2.49450549450549,0.010989010989011,0,100047.703296703,1.68131868131868,1.23076923076923
"1237",1999,11,11.75,27.25,9.9,9.9,9.9,10,1,14.775,4.425,0.075,1.025,17.075,11.75,1.95,1.075,21.075,6.05,11.75,23.025,2.525,15.1,1.75,0,0,110021.35,1.5,1.025
"1238",1999,12,30.2978318752377,43.4400912894637,0.299353366298973,0.0380372765310004,0,699.675542031191,64.5990871053633,15.9733739064283,4.13807531380753,0.362875618105744,1.11068847470521,14.7508558387219,13.5736021300875,1.89121338912134,1.45112209965766,28.2327881323697,6.44693799923925,30.1342715861544,43.119056675542,2.95017116774439,3.96158235070369,1.7984024343857,0.00380372765310004,0.00190186382655002,121320.633701027,1.6082160517307,1.14720426017497
"1239",1999,13,13.9946727549467,29.4901065449011,0.73820395738204,0.0357686453576865,0,600.532724505327,145.990867579909,15.8439878234399,4.08904109589041,0.265601217656012,1.14764079147641,18.0251141552511,13.8097412480974,1.64916286149163,1.36453576864536,29.1118721461187,6.64231354642314,13.7983257229833,28.6856925418569,2.78843226788432,3.73668188736682,2.69558599695586,0.0045662100456621,0.0045662100456621,130661.579908676,1.59208523592085,1.19558599695586
"1240",1999,15,12.0666666666667,32.3555555555556,0.211111111111111,0,0,3643.13333333333,3.68888888888889,14.8,3.68888888888889,0.566666666666667,1.08888888888889,15.3,11.3888888888889,1.97777777777778,1.14444444444444,27.8777777777778,6.66666666666667,11.9444444444444,31.3777777777778,2.77777777777778,3,2.01111111111111,0,0,150045.5,1.56666666666667,1.12222222222222
"1241",1999,16,13.3183673469388,28.469387755102,0.375510204081633,0,0,131.330612244898,38.265306122449,17.1061224489796,4.06938775510204,0.391836734693878,1.13469387755102,10.3510204081633,12.8897959183673,1.57142857142857,1.16326530612245,26.2612244897959,6.86122448979592,12.8857142857143,26.9836734693878,2.96326530612245,3.9469387755102,2.08571428571429,0.00816326530612245,0.0204081632653061,160123.175510204,1.42448979591837,1.23265306122449
"1242",1999,17,27.1714285714286,82.7822393822394,0.596138996138996,0,0,1912.57451737452,87.8324324324324,15.9436293436293,4.13050193050193,0.507335907335907,1.12432432432432,15.7428571428571,12.5258687258687,1.81081081081081,1.33050193050193,27.4108108108108,7.04942084942085,12.6795366795367,27.4872586872587,2.75057915057915,4.97915057915058,2.13976833976834,0.00386100386100386,0,170655.944401544,1.57065637065637,1.27104247104247
"1243",1999,18,99,99,0.554932735426009,0.00448430493273543,0,672.960762331839,89.6165919282511,15.7387892376682,4.07399103139013,0.393497757847534,1.14349775784753,18.9854260089686,12.9394618834081,1.65022421524664,1.52354260089686,28.77466367713,6.87219730941704,99,99,2.55381165919283,6.35201793721973,2.79596412556054,0.00224215246636771,0,180450.443946188,1.57847533632287,1.23318385650224
"1244",1999,19,13.3294392523364,30.9018691588785,0.044392523364486,0,0,789.205607476635,105.481308411215,16.3364485981308,4.0911214953271,0.310747663551402,1.14485981308411,13.7196261682243,12.661214953271,1.65420560747664,1.55140186915888,27.8014018691589,7.10981308411215,12.8761682242991,29.0303738317757,2.69859813084112,3.44392523364486,1.93224299065421,0.00233644859813084,0.00700934579439252,190217.252336449,1.63785046728972,1.31308411214953
"1245",1999,20,16.1859956236324,30.7724288840263,2.49671772428884,0.0481400437636762,0,1008.66520787746,110.628008752735,16.3326039387309,4.2472647702407,0.37417943107221,1.18161925601751,15.472647702407,13.5010940919037,1.67614879649891,1.38512035010941,28.3238512035011,7.18380743982495,13.0481400437637,27.1181619256018,2.63457330415755,4.70459518599562,2.14004376367615,0.00656455142231947,0.00656455142231947,200232.444201313,1.55579868708972,1.17286652078775
"1246",1999,21,17.774861878453,31.4488950276243,0.240331491712707,0,0,694.940607734807,118.812154696133,15.5593922651934,4.20303867403315,0.37707182320442,1.12430939226519,19.8038674033149,13.1174033149171,1.55110497237569,1.04558011049724,27.4185082872928,7.01243093922652,17.689226519337,31.6574585635359,2.42817679558011,3.27624309392265,2.59944751381215,0.00138121546961326,0,210365.230662983,1.46961325966851,1.20994475138122
"1247",1999,22,14.8060240963855,30.4638554216867,0.0963855421686747,0,0,395.534939759036,60.1060240963855,15.833734939759,4.16024096385542,0.407228915662651,1.13012048192771,17.9819277108434,13.4361445783133,1.86867469879518,1.17349397590361,28.6759036144578,6.74698795180723,14.6746987951807,31.810843373494,2.67590361445783,5.50120481927711,2.37951807228916,0.00240963855421687,0,220416.497590361,1.49759036144578,1.28795180722892
"1248",1999,23,13.625,30.6607142857143,0.708333333333333,0,0,5259.99404761905,14.4642857142857,15.8690476190476,4.15476190476191,0.386904761904762,1.07738095238095,19.2857142857143,13.672619047619,1.80357142857143,1.11904761904762,31.4345238095238,6.38095238095238,13.5595238095238,34.1607142857143,2.54761904761905,3,2.25595238095238,0.00595238095238095,0,230085.375,1.5297619047619,1.31547619047619
"1249",1999,24,98.6770072992701,98.75,1.07664233576642,0.361313868613139,0.361313868613139,128.023722627737,60.1989051094891,15.5346715328467,4.06751824817518,0.423357664233577,1.07664233576642,18.6204379562044,12.8138686131387,1.89598540145985,1.29379562043796,30.6076642335766,6.85948905109489,98.8467153284672,98.8959854014599,2.64233576642336,4.32481751824818,2.93795620437956,0.0072992700729927,0.00547445255474453,240274.645985401,1.57664233576642,1.2992700729927
"1250",1999,25,20.0181347150259,35.5362694300518,0.886010362694301,0.038860103626943,0,700.259067357513,15.6217616580311,14.740932642487,4.29274611398964,0.471502590673575,1.07253886010363,19.2227979274611,11.9922279792746,2.0699481865285,0.955958549222798,25.1062176165803,6.60103626943005,19.6813471502591,34.779792746114,2.39637305699482,3.17357512953368,2.10880829015544,0.00518134715025907,0.0155440414507772,250199.582901554,1.48704663212435,1.25906735751295
"1251",1999,26,36.3614457831325,48.4353413654618,1.11325301204819,0.0176706827309237,0,855.709236947791,102.387951807229,15.8248995983936,4.1863453815261,0.410441767068273,1.11004016064257,16.8666666666667,12.9598393574297,1.83373493975904,1.50923694779116,28.7887550200803,6.96144578313253,34.2522088353414,46.736546184739,2.74939759036145,3.66184738955823,2.48995983935743,0.00642570281124498,0,260626.897188755,1.61606425702811,1.28353413654618
"1252",1999,27,29.1410934744268,41.4320987654321,0.347442680776014,0.174603174603175,0.174603174603175,1534.44973544974,84.978835978836,15.3174603174603,4.27865961199295,0.372134038800705,1.10405643738977,14.2980599647266,13.331569664903,1.74250440917108,1.68606701940035,28.1746031746032,7.04585537918871,23.7883597883598,36.1058201058201,2.60670194003527,4.08641975308642,1.99118165784832,0.00881834215167548,0.0617283950617284,270285.158730159,1.61375661375661,1.38800705467372
"1253",1999,28,18.0877403846154,30.5432692307692,0,0,0,300.753605769231,81.7163461538462,15.5216346153846,4.16466346153846,0.295673076923077,1.11418269230769,18.8942307692308,12.9975961538462,1.69711538461538,1.16586538461538,29.1730769230769,6.78966346153846,22.8185096153846,36.2524038461538,2.46995192307692,5.84735576923077,3.26081730769231,0,0.00120192307692308,280417,1.45913461538462,1.20192307692308
"1254",1999,29,15.045643153527,31.7790456431535,0.480290456431535,0.0197095435684647,0,1761.44813278008,131.585062240664,15.8848547717842,4.07053941908714,0.392116182572614,1.13485477178423,18.0933609958506,14.0736514522822,1.56742738589212,1.20020746887967,28.8900414937759,6.79356846473029,14.5736514522822,30.8039419087137,2.62551867219917,4.16908713692946,2.86307053941909,0.004149377593361,0.0114107883817427,290483.271784232,1.56016597510373,1.20228215767635
"1255",1999,30,14.1443298969072,29.8814432989691,0.268041237113402,0,0,34.7938144329897,55.340206185567,16.3659793814433,4.27319587628866,0.855670103092783,1.1340206185567,12.0567010309278,14.5154639175258,1.6340206185567,0.639175257731959,27.8659793814433,7.04639175257732,13.5721649484536,30.7113402061856,2.60824742268041,3.21134020618557,3.87113402061856,0,0.603092783505155,300099.118556701,1.31958762886598,1.37628865979381
"1256",1999,31,16.2862745098039,31.7058823529412,0.690196078431373,0,0,686.156862745098,93.6039215686275,16.1176470588235,4.14117647058824,0.486274509803922,1.15686274509804,13.0392156862745,17.9372549019608,1.78823529411765,1.3843137254902,31.0627450980392,7.0078431372549,16.2352941176471,30.7019607843137,2.7843137254902,5.25490196078431,1.9843137254902,0,0.0117647058823529,310128.654901961,1.57254901960784,1.33725490196078
"1257",1999,32,17.6547231270358,32.7817589576547,0.86970684039088,0,0,33.9218241042345,14.6384364820847,15.9804560260586,4.07166123778502,0.429967426710098,1.1400651465798,11.3387622149837,12.9250814332248,1.64169381107492,0.964169381107492,28.0130293159609,6.72964169381108,15.3224755700326,30.5048859934853,2.80781758957655,3,2.08794788273616,0.00325732899022801,0.00651465798045603,320154.198697068,1.50162866449511,1.09771986970684
"1258",1999,33,19.1076923076923,30.2846153846154,0.3,0,0,635.492307692308,10.9384615384615,15.5846153846154,4.46923076923077,0.623076923076923,1.07692307692308,19.8846153846154,15.0461538461538,1.75384615384615,0.992307692307692,27.5923076923077,6.74615384615385,13.0538461538462,26.2692307692308,2.28461538461538,3,2.56153846153846,0,0,330065.615384615,1.43846153846154,1.36923076923077
"1259",1999,34,97.4472891566265,97.7243975903614,0.32078313253012,0.177710843373494,0.149096385542169,1484.14909638554,19.078313253012,15.3117469879518,4.1039156626506,0.368975903614458,1.0933734939759,17.6536144578313,12.7259036144578,1.99849397590361,1.15361445783133,30.5933734939759,6.86596385542169,97.441265060241,97.7469879518072,2.5828313253012,3.60240963855422,2.19578313253012,0.00753012048192771,0.0271084337349398,340356.469879518,1.50602409638554,1.17771084337349
"1260",1999,35,87.2628865979381,87.2628865979381,0.275773195876289,0,0,76.8582474226804,28.9175257731959,15.8324742268041,4.34020618556701,0.572164948453608,1.18556701030928,12.1314432989691,13.6288659793814,1.7860824742268,1.02835051546392,28.0567010309278,6.86855670103093,87.2628865979381,87.2628865979381,3.15721649484536,3.08505154639175,2.48969072164948,0.00257731958762887,0.247422680412371,350194.5,1.44329896907216,1.1159793814433
"1261",1999,36,47.4317718940937,57.2206381534284,0.570264765784114,0.0957230142566191,0,3424.79022403259,64.0468431771894,15.673455532926,4.1581805838425,0.255261371350984,1.08553971486762,16.8343516632722,13.0495587236931,1.8316361167685,1.24032586558045,28.1249151391718,6.88526816021724,47.3156822810591,57.4582484725051,2.66259334691107,3.3550577053632,2.11405295315682,0.011541072640869,0,360738.921928038,1.45756958587916,1.26951799049559
"1262",1999,37,13.5103703703704,29.8585185185185,0.136296296296296,0.0237037037037037,0,683.573333333333,102.847407407407,15.4592592592593,4.16518518518519,0.353333333333333,1.11481481481481,18.6540740740741,12.9577777777778,1.68518518518519,1.33555555555556,27.1392592592593,6.95037037037037,30.5866666666667,43.5762962962963,2.74222222222222,3.23777777777778,1.98518518518519,0.0037037037037037,0,370684.615555556,1.56962962962963,1.21407407407407
"1263",1999,38,12.0869565217391,30.1739130434783,0,0,0,313.04347826087,55.6086956521739,14.9673913043478,4.53260869565217,0.945652173913043,1.29347826086957,12.0760869565217,13.8369565217391,1.55434782608696,1.72826086956522,27.2934782608696,7.27173913043478,11.945652173913,26.1739130434783,2.72826086956522,5.04347826086957,2.18478260869565,0,0.456521739130435,380046.5,1.56521739130435,1.07608695652174
"1264",1999,39,68.5397196261682,72.7609034267913,0.327102803738318,0,0,1210.32009345794,85.9345794392523,15.7718068535826,4.13940809968847,0.36993769470405,1.11370716510903,19.2110591900312,12.5654205607477,1.69314641744548,1.39330218068536,28.5934579439252,6.9018691588785,68.5848909657321,72.3722741433022,2.62305295950156,4.43613707165109,2.60046728971963,0.00778816199376947,0.0132398753894081,390648.606697819,1.57476635514019,1.26791277258567
"1265",1999,40,26.2132471728595,39.2891760904685,0.450726978998384,0.0323101777059774,0,1238.81583198708,87.5040387722132,15.9886914378029,4.4313408723748,0.390953150242326,1.19709208400646,17.8287560581583,13.0888529886914,1.5654281098546,1.43618739903069,27.5557350565428,6.76575121163166,26.0355411954766,40.0904684975767,2.79806138933764,4.5686591276252,2.2875605815832,0.00323101777059774,0.012924071082391,400312.137318255,1.5670436187399,1.1453957996769
"1266",1999,41,13.1907356948229,28.9482288828338,1.70572207084469,0.626702997275204,0.367847411444142,388.820163487738,38.6948228882834,15.9754768392371,4.2016348773842,0.544959128065395,1.12806539509537,16.4877384196185,14.2316076294278,1.88283378746594,1.08446866485014,29.591280653951,6.46866485013624,12.6430517711172,28.9346049046322,2.76839237057221,4.20708446866485,3.18801089918256,0.00544959128065395,0.106267029972752,410189.354223433,1.55858310626703,1.64850136239782
"1267",1999,42,28.2344428364689,41.6555716353111,1.06801736613603,0.00578871201157742,0,1273.19392185239,63.862518089725,15.8357452966715,4.28292329956585,0.416063675832127,1.12083936324168,19.0709117221418,12.4985528219971,1.83357452966715,1.22937771345876,27.5926193921852,6.85094066570188,27.6150506512301,41.4392185238784,2.67800289435601,3.40231548480463,2.36685962373372,0.00723589001447178,0.0188133140376266,420692.344428365,1.54269175108538,1.26266280752533
"1268",1999,44,12.5647058823529,28.9647058823529,2.10588235294118,0,0,615.070588235294,6.34117647058823,15.4823529411765,4.05882352941176,0.388235294117647,1.03529411764706,20.1294117647059,12.8941176470588,2.04705882352941,1.15294117647059,26.2235294117647,7.37647058823529,12.7764705882353,28.8705882352941,2.29411764705882,3,2.75294117647059,0.0117647058823529,0,440043,1.4,1.4
"1269",1999,45,15.25,30.1525423728814,0.996822033898305,0,0,439.430084745763,48.3411016949153,15.4502118644068,4.16631355932203,0.346398305084746,1.12817796610169,18.8411016949153,12.8718220338983,1.64406779661017,1.46292372881356,26.646186440678,6.79025423728814,97.4936440677966,97.5021186440678,2.5635593220339,3.78495762711864,3.0593220338983,0.00423728813559322,0.00847457627118644,450478.731991525,1.49470338983051,1.07838983050847
"1270",1999,46,17.8088235294118,29.8235294117647,6.72058823529412,5.84558823529412,5.82352941176471,324.610294117647,77.8088235294118,14.3455882352941,4.34558823529412,0.566176470588235,1.10294117647059,13.1102941176471,13.7647058823529,1.625,1.01470588235294,26.3970588235294,7.125,17.1323529411765,27.4411764705882,2.69852941176471,3,2.11764705882353,0,0.558823529411765,460068.5,1.44852941176471,1.36029411764706
"1271",1999,47,61.1565440547476,68.4910179640719,0.791274593669803,0.0615911035072712,0,584.875106928999,96.9931565440547,15.7964071856287,4.13943541488452,0.460222412318221,1.11377245508982,19.9931565440547,14.0017108639863,1.77245508982036,1.169375534645,29.9443969204448,6.76218990590248,60.8819503849444,68.9332763045338,2.63130881094953,3.59024807527802,2.61591103507271,0.000855431993156544,0.0136869118905047,470595.597946963,1.52523524379812,1.23695466210436
"1272",1999,48,11.248712998713,22.6354568854569,0.422458172458172,0.0045045045045045,0,1601.29665379665,238.142857142857,15.8030888030888,4.17728442728443,0.347490347490348,1.13320463320463,15.1837194337194,12.9124839124839,1.82014157014157,1.20881595881596,28.2490347490347,6.71299871299871,11.3162805662806,22.6930501930502,2.86486486486486,4.27187902187902,2.46621621621622,0.00225225225225225,0.000321750321750322,481558.862290862,1.5505148005148,1.14543114543115
"1273",1999,49,33.8993710691824,46.7861635220126,0.125786163522013,0,0,802.35534591195,32.7232704402516,16.2295597484277,4.18553459119497,0.229559748427673,1.13207547169811,9.57861635220126,13.3270440251572,1.64150943396226,1.05974842767296,26.3584905660377,6.75471698113208,28.251572327044,41.0408805031447,2.5440251572327,6.80503144654088,2.4874213836478,0.00314465408805031,0,490163.531446541,1.36792452830189,1.12264150943396
"1274",1999,50,13.2682926829268,26.6219512195122,1.02439024390244,0.121951219512195,0,596.658536585366,13.6341463414634,16.9634146341463,4.29268292682927,0.536585365853659,1.09756097560976,20.6829268292683,22.8658536585366,1.74390243902439,0.719512195121951,33.3048780487805,6.73170731707317,13.390243902439,26.4390243902439,2.45121951219512,3,2.39024390243902,0,0,500041.5,1.3780487804878,1.46341463414634
"1275",1999,51,99,99,0.586163522012579,0,0,312.465408805031,201.456603773585,15.6301886792453,4.15723270440252,0.442767295597484,1.10440251572327,20.9283018867925,12.9194968553459,1.68930817610063,1.06415094339623,27.6503144654088,7.0125786163522,99,99,2.30691823899371,3,2.68427672955975,0.0050314465408805,0.0226415094339623,510400.181132075,1.47044025157233,1.06289308176101
"1276",1999,53,13.1724738675958,28.7317073170732,0.482578397212544,0,0,461.141114982578,43.1149825783972,16.0087108013937,4.29442508710801,0.517421602787456,1.10975609756098,17.4756097560976,12.4128919860627,1.80836236933798,1.18815331010453,26.9529616724739,6.88675958188153,13.0731707317073,29.4790940766551,2.61672473867596,3.13414634146341,2.83797909407666,0.00348432055749129,0.139372822299652,530289.466898955,1.47735191637631,1.32578397212544
"1277",1999,54,12.4858757062147,27.361581920904,0.494350282485876,0,0,352.463276836158,50.4971751412429,15.7429378531073,4.32203389830508,0.570621468926554,1.11581920903955,18.183615819209,15.3870056497175,1.65819209039548,1.0819209039548,29.9576271186441,6.64689265536723,12.3700564971751,27.9858757062147,2.50564971751412,3,2.41242937853107,0.00282485875706215,0,540177.652542373,1.45480225988701,1.28248587570621
"1278",1999,55,14.6014814814815,31.8651851851852,0.275555555555556,0.0296296296296296,0,676.8,73.6859259259259,15.7362962962963,4.20592592592593,0.477037037037037,1.1037037037037,16.8844444444444,14.5274074074074,1.60888888888889,1.44296296296296,29.0666666666667,7.26666666666667,13.0888888888889,29.3081481481481,2.47407407407407,3.77777777777778,2.28592592592593,0.00592592592592593,0.0385185185185185,550340.558518518,1.50666666666667,1.37481481481481
"1279",1999,56,13.3950617283951,27.5123456790123,0.216049382716049,0.172839506172839,0,60.3086419753086,20.6666666666667,15.8827160493827,4.24074074074074,0.432098765432099,1.16666666666667,10.9259259259259,14.6358024691358,1.57407407407407,0.851851851851852,26.9135802469136,7.20987654320988,12.2469135802469,28.9382716049383,2.42592592592593,3,2.52469135802469,0,0.00617283950617284,560081.5,1.30864197530864,1.4320987654321
"1280",2000,1,13.0351648351648,28.4021978021978,0.214285714285714,0,0,460.895604395604,72.6879120879121,15.7879120879121,4.23076923076923,0.402197802197802,1.09450549450549,20.3274725274725,12.5384615384615,1.66263736263736,1.09010989010989,27.043956043956,6.48681318681319,83.7681318681319,85.7175824175824,2.49120879120879,3.17252747252747,3.30989010989011,0.0043956043956044,0.0032967032967033,10457.110989011,1.5032967032967,1.14725274725275
"1281",2000,2,21.2043010752688,36.4086021505376,0.193548387096774,0,0,387.591397849462,117.236559139785,14.3118279569892,3.97849462365591,0.602150537634409,1.13978494623656,15.8279569892473,13.5806451612903,1.8494623655914,0.946236559139785,30.6666666666667,6.6989247311828,18.8602150537634,36.7849462365591,2.61290322580645,1,2.23655913978495,0.010752688172043,0,20047,1.34408602150538,1.56989247311828
"1282",2000,4,38.0953984287318,50.4163860830527,1.46801346801347,0.518518518518518,0.444444444444444,224.498316498317,14.3086419753086,15.9988776655443,4.17508417508417,0.499438832772166,1.16273849607183,14.1784511784512,15.3759820426487,2.08978675645342,1.43995510662177,31.3456790123457,6.662177328844,34.6498316498316,47.8383838383838,3.22895622895623,1.60381593714927,6.79573512906846,0.00448933782267116,0.438832772166106,40446.4612794613,1.53423120089787,1.48035914702581
"1283",2000,5,13.7318339100346,29.0761245674741,1.26124567474048,1.03979238754325,1.02768166089965,772.946366782007,78.0622837370242,16.1522491349481,4.280276816609,0.332179930795848,1.1280276816609,18.6539792387543,13.7733564013841,1.57266435986159,1.15743944636678,28.7474048442907,6.66089965397924,13.6470588235294,28.6159169550173,2.5121107266436,6.63321799307958,2.68685121107266,0.00173010380622837,0,50290.6176470588,1.4757785467128,1.3598615916955
"1285",2000,8,17.3670473083197,31.7797716150082,0.469820554649266,0,0,350.663947797716,52.8988580750408,15.6606851549755,4.16639477977161,0.556280587275693,1.11092985318108,14.5334420880914,13.7324632952692,1.7699836867863,1.11582381729201,28.8238172920065,6.66231647634584,15.6688417618271,31.6982055464927,2.6884176182708,1.60848287112561,2.61500815660685,0.00489396411092985,0.0195758564437194,80307,1.52202283849918,1.34910277324633
"1286",2000,9,26.1955835962145,39.788643533123,0.741324921135647,0.0473186119873817,0,578.223974763407,6.4384858044164,15.4794952681388,4.31230283911672,0.482649842271293,1.07570977917981,19.4290220820189,13.5236593059937,2.10094637223975,1,29.6782334384858,7.21135646687697,22.602523659306,36.9526813880126,2.41640378548896,1,2.70977917981073,0.00315457413249211,0,90159.0126182965,1.4794952681388,1.33438485804416
"1287",2000,10,13.0086206896552,28.2155172413793,0.28448275862069,0,0,47.0603448275862,3.24137931034483,15.6896551724138,4.20689655172414,0.525862068965517,1.06034482758621,16.7672413793103,12.4741379310345,1.83620689655172,1.43965517241379,26.6206896551724,6.98275862068965,12.3362068965517,29.2931034482759,2.92241379310345,1,2.62068965517241,0,0,100059.25862069,1.56896551724138,1.22413793103448
"1288",2000,11,42.8,54.2888888888889,7.31111111111111,5.37777777777778,4.4,10,1,15.3111111111111,4.66666666666667,0.0888888888888889,1.06666666666667,15.6444444444444,12.7111111111111,2.08888888888889,1.31111111111111,26.6888888888889,7.04444444444444,42.7777777777778,52.8222222222222,3.08888888888889,1,2.13333333333333,0,0.0666666666666667,110024.977777778,1.46666666666667,1.08888888888889
"1289",2000,12,27.3241858763264,41.2330772045371,0.244420051225759,0,0,686.343212586901,64.5660446395902,15.5872667398463,4.19099890230516,0.404317599707281,1.09732894255397,14.8913282107574,13.0574460300037,1.84742041712404,1.41931942919868,27.8148554701793,6.36882546652031,27.3545554335895,40.6311745334797,2.79912184412733,1.42188071716063,1.76362971094036,0.00548847420417124,0.0106110501280644,121370.235638492,1.56458104646908,1.12623490669594
"1290",2000,13,14.3217391304348,29.3021739130435,0.731884057971015,0.0855072463768116,0.0717391304347826,588.05,139.35652173913,15.6405797101449,4.21884057971014,0.346376811594203,1.11666666666667,18.6355072463768,13.4471014492754,1.66376811594203,1.30072463768116,29.8304347826087,6.49927536231884,13.8710144927536,29.2108695652174,2.72608695652174,2.84782608695652,2.85072463768116,0.00217391304347826,0.00144927536231884,130691.863043478,1.56376811594203,1.18985507246377
"1291",2000,15,23.4913793103448,41.4051724137931,0.336206896551724,0,0,4107.25862068965,3.58620689655172,15.9310344827586,4.17241379310345,0.448275862068966,1.13793103448276,15.8362068965517,11.8275862068966,2.43965517241379,1.04310344827586,29.2931034482759,6.61206896551724,22.7327586206897,38.5258620689655,2.98275862068966,1,3.68965517241379,0,0,150058.663793103,1.56896551724138,1.53448275862069
"1292",2000,16,12.4066390041494,28.0248962655602,0.66804979253112,0.410788381742739,0.410788381742739,145.132780082988,40.9336099585062,14.5311203319502,4.04564315352697,0.419087136929461,1.14522821576763,13.8298755186722,14.1742738589212,1.87551867219917,0.987551867219917,28.6265560165975,6.3195020746888,12.3070539419087,29.2240663900415,2.55601659751037,3.35269709543568,2.3195020746888,0,0.016597510373444,160121,1.40248962655602,1.32365145228216
"1293",2000,17,23.4442700156986,93.0690737833595,0.434065934065934,0.0777080062794348,0.0777080062794348,1939.24882260597,84.3186813186813,16.12715855573,4.14678178963893,0.498430141287284,1.11302982731554,15.9379905808477,12.3453689167975,1.81946624803768,1.25824175824176,27.7896389324961,6.81946624803768,12.8147566718995,28.0164835164835,2.62401883830455,2.53532182103611,2.22841444270016,0.00392464678178964,0,170644.712715856,1.55180533751962,1.26138147566719
"1294",2000,18,98.890290037831,98.938209331652,0.828499369482976,0.176544766708701,0,593.158890290038,88.3896595208071,15.7831021437579,4.1702395964691,0.364438839848676,1.11727616645649,18.936948297604,13.8928121059269,1.66960907944515,1.59016393442623,29.9230769230769,6.76166456494325,98.890290037831,98.9432534678436,2.67717528373266,5.14754098360656,2.77049180327869,0,0.0239596469104666,180403.715006305,1.62799495586381,1.29634300126103
"1295",2000,19,12.2309644670051,27.1573604060914,0.185279187817259,0.0482233502538071,0,990.730964467005,110.553299492386,15.7969543147208,4.03299492385787,0.296954314720812,1.12944162436548,14.1218274111675,13.6446700507614,1.66243654822335,1.58375634517767,28.8756345177665,6.66751269035533,12.002538071066,27.1472081218274,2.72842639593909,2.73350253807107,1.95939086294416,0.0126903553299492,0.0203045685279188,190199.091370558,1.61167512690355,1.44670050761421
"1296",2000,20,15.7604938271605,29.1851851851852,3.78765432098765,0,0,786.456790123457,113.365432098765,15.7530864197531,4.22962962962963,0.377777777777778,1.13827160493827,16.0246913580247,13.9555555555556,1.70123456790123,1.43950617283951,28.8888888888889,6.94320987654321,13.6641975308642,30.0716049382716,2.68641975308642,4.50617283950617,2.06172839506173,0.00987654320987654,0.0148148148148148,200211.22962963,1.58518518518519,1.20246913580247
"1297",2000,21,19.4757281553398,35.3869625520111,0.23994452149792,0,0,701.805825242718,123.477115117892,15.7669902912621,4.0748959778086,0.346740638002774,1.1373092926491,20.7864077669903,12.8210818307906,1.66158113730929,1.04715672676838,27.626907073509,6.8127600554785,19.249653259362,35.5991678224688,2.53120665742025,1.750346740638,2.3619972260749,0.00277392510402219,0.0110957004160888,210362.47295423,1.50346740638003,1.3370319001387
"1298",2000,22,14.354609929078,30.9219858156028,0.257683215130024,0,0,367.943262411348,61.9929078014184,15.2328605200946,4.15957446808511,0.438534278959811,1.10874704491726,18.9184397163121,13.3416075650118,1.86406619385343,1.06973995271868,27.5354609929078,6.56382978723404,14.2836879432624,29.9255319148936,2.51182033096927,2.99290780141844,2.41725768321513,0.00236406619385343,0,220425.48463357,1.46099290780142,1.31678486997636
"1299",2000,23,14.4777070063694,30.9808917197452,0.10828025477707,0,0,5079.20382165605,14.3248407643312,15.2101910828025,4.17197452229299,0.312101910828025,1.07643312101911,18,12.6687898089172,1.64968152866242,1.28025477707006,26.3375796178344,6.80254777070064,13.1783439490446,29.1656050955414,2.47133757961783,1,2.10828025477707,0,0,230079,1.47133757961783,1.34394904458599
"1300",2000,24,98.8183486238532,98.8183486238532,1.56697247706422,1.51009174311927,1.45321100917431,79.6642201834862,60.1266055045872,15.6935779816514,4.28623853211009,0.420183486238532,1.07889908256881,18.6844036697248,12.2954128440367,1.83302752293578,1.41467889908257,29.594495412844,6.94678899082569,98.8183486238532,98.8183486238532,2.70275229357798,1.46788990825688,2.67522935779817,0.0036697247706422,0.00917431192660551,240277.066055046,1.61834862385321,1.20917431192661