"","YEAR","STATE","ARR_HOUR","ARR_MIN","CF1","CF2","CF3","CITY","COUNTY","DAY","DAY_WEEK","DRUNK_DR","FATALS","HARM_EV","HOUR","LGT_COND","MAN_COLL","MINUTE","MONTH","NOT_HOUR","NOT_MIN","PERSONS","RAIL","REL_ROAD","SCH_BUS","SP_JUR","ST_CASE","VE_FORMS","WEATHER"
"1301",2000,25,18.3463414634146,33.8170731707317,1.01463414634146,0,0,709.517073170732,16.0975609756098,15.6365853658537,4.28536585365854,0.441463414634146,1.05609756097561,19.1853658536585,12.3219512195122,2.02926829268293,0.978048780487805,27.3365853658537,7.10975609756098,18.0341463414634,33.309756097561,2.4219512195122,1,2.00731707317073,0.0024390243902439,0,250210.17804878,1.48292682926829,1.24146341463415
"1302",2000,26,35.3217461600647,47.285367825384,4.72029102667745,0.0355699272433306,0,809.069523039612,103.067906224737,15.6919967663703,4.22958771220695,0.385610347615198,1.11721907841552,16.5319320937753,12.2740501212611,1.85691188358933,1.51818916734034,27.4163298302344,6.73888439773646,33.6782538399353,45.6232821341956,2.72029102667745,1.89409862570736,2.74858528698464,0.00485044462409054,0,260621.890056589,1.62974939369442,1.41632983023444
"1303",2000,27,24.6481149012567,37.6104129263914,0.145421903052065,0,0,1379.1723518851,80.6373429084381,15.605026929982,4.20107719928187,0.47935368043088,1.12208258527828,15.5475763016158,13.4147217235189,1.77558348294434,1.6229802513465,30.3824057450628,6.76660682226212,19.6660682226212,35.2549371633752,2.69120287253142,1.46678635547576,2.04667863554758,0.00359066427289048,0.0466786355475763,270281.709156194,1.58707360861759,1.47396768402154
"1304",2000,28,14.1347517730496,26.5035460992908,0,0,0,262.745862884161,77.1843971631206,15.4562647754137,4.12884160756501,0.387706855791962,1.12174940898345,19.4278959810875,13.0508274231678,1.64302600472813,1.06264775413712,28.8309692671395,6.27304964539007,16.5200945626478,29.0945626477541,2.48108747044917,3.76595744680851,3.45390070921986,0,0.00472813238770686,280423.510638298,1.46217494089835,1.24468085106383
"1305",2000,29,22.715438950555,38.8163471241171,0.75882946518668,0.0191725529767911,0,1581.54692230071,129.839556004036,15.5660948536831,4.12411705348133,0.432896064581231,1.16750756811302,18.037336024218,13.8294651866801,1.57114026236125,1.15943491422805,28.531786074672,6.59636730575177,22.6629667003027,38.7588294651867,2.79717457114026,3.26236125126135,2.38143289606458,0.00403632694248234,0.00605449041372351,290496.148335015,1.59838546922301,1.23814328960646
"1306",2000,30,17.1674876847291,33.1527093596059,0.522167487684729,0,0,34.6551724137931,54.1822660098522,15.448275862069,4.24137931034483,0.733990147783251,1.16748768472906,12.615763546798,13.2610837438424,1.68965517241379,0.990147783251232,25.8965517241379,6.8423645320197,14.935960591133,30.0935960591133,2.5320197044335,1.17733990147783,2.94088669950739,0,0.45320197044335,300103.699507389,1.41871921182266,1.4384236453202
"1307",2000,31,17.1570247933884,33.3057851239669,0.628099173553719,0,0,573.842975206612,88.6115702479339,16.202479338843,4.00413223140496,0.371900826446281,1.1404958677686,14.103305785124,15.9462809917355,1.74380165289256,1.28512396694215,31.400826446281,6.59917355371901,17.3181818181818,33.5950413223141,2.59504132231405,1.76859504132231,2.15702479338843,0,0,310121.5,1.53719008264463,1.53305785123967
"1308",2000,32,18.8684210526316,34.4022556390977,0.484962406015038,0,0,39.1165413533835,15.3571428571429,15.6616541353383,4.04887218045113,0.469924812030075,1.21428571428571,13.3684210526316,12.6541353383459,1.81578947368421,1.01127819548872,26.9285714285714,6.96616541353383,17.4323308270677,33.6466165413534,2.93233082706767,1,2.2593984962406,0.0037593984962406,0.0112781954887218,320133.5,1.51127819548872,1.03759398496241
"1309",2000,33,13.1538461538462,28.7777777777778,0.478632478632479,0,0,614.547008547009,11.2393162393162,15.3931623931624,4.25641025641026,0.444444444444444,1.07692307692308,19.4188034188034,14.8034188034188,1.5982905982906,1.05982905982906,30.1282051282051,6.73504273504274,12.5213675213675,26.9059829059829,2.29059829059829,1,2.37606837606838,0,0.00854700854700855,330060.316239316,1.45299145299145,1.32478632478632
"1310",2000,34,98.6039453717754,98.6874051593323,0.640364188163885,0.355083459787557,0.30804248861912,1454.68740515933,19.0758725341426,15.3566009104704,4.06373292867982,0.382397572078907,1.1092564491654,17.5280728376328,12.3793626707132,1.95599393019727,1.2443095599393,28.8725341426404,6.67223065250379,98.2109256449165,98.4370257966616,2.65402124430956,1.82245827010622,2.09408194233687,0.00606980273141123,0.0182094081942337,340350.71016692,1.59635811836115,1.17754172989378
"1311",2000,35,93.1010362694301,93.1010362694301,0.60880829015544,0.256476683937824,0.256476683937824,83.3186528497409,28.1554404145078,15.4145077720207,4.03108808290155,0.60880829015544,1.11917098445596,10.9533678756477,13.6347150259067,1.7020725388601,1.08290155440415,27.7512953367876,6.69430051813471,92.8989637305699,92.9041450777202,3.05958549222798,1,2.69430051813471,0.00518134715025907,0.272020725388601,350197.601036269,1.4559585492228,1.26683937823834
"1312",2000,36,48.863403944485,58.154857560263,0.802775748721695,0.384222059897736,0.361577794010226,3498.70781592403,64.6990504017531,15.6669101533966,4.05989773557341,0.307523739956172,1.06647187728269,17.1197954711468,13.4974433893353,1.86340394448503,1.23886048210373,28.2154857560263,6.77501826150475,47.891161431702,57.2264426588751,2.61869978086194,1.37253469685902,2.12856099342586,0.0043827611395179,0.0189919649379109,360688.633308985,1.47552958363769,1.33308984660336
"1313",2000,37,43.5497159090909,53.7883522727273,0.34375,0.0724431818181818,0.0703125,685.925426136364,101.650568181818,15.6292613636364,4.22798295454545,0.313920454545455,1.10582386363636,19.2492897727273,12.8011363636364,1.73082386363636,1.24147727272727,27.5440340909091,6.69815340909091,43.4481534090909,53.8700284090909,2.67116477272727,1.36789772727273,1.85724431818182,0.00355113636363636,0.00142045454545455,370720.955255682,1.53977272727273,1.17258522727273
"1314",2000,38,12.55,30.575,0.0875,0,0,392.625,57.225,15.3875,4.35,0.875,1.075,9.8375,14.2125,1.925,0.925,24.875,6.7625,12.6375,31.7125,2.3375,8.2875,2.4125,0,0.375,380040.5,1.325,1.175
"1315",2000,39,85.612540192926,86.6270096463023,0.204983922829582,0,0,1081.11334405145,87.0273311897106,15.5072347266881,4.10128617363344,0.372990353697749,1.09807073954984,19.4943729903537,12.7130225080386,1.70016077170418,1.37057877813505,28.3858520900322,6.88987138263666,85.3287781350482,86.5313504823151,2.46302250803859,2.31189710610932,2.70900321543408,0.00482315112540193,0.000803858520900322,390630.61414791,1.55627009646302,2.2435691318328
"1316",2000,40,29.3048780487805,40.9721254355401,0.536585365853659,0,0,1091.4181184669,85.8327526132404,15.1689895470383,4.14634146341463,0.398954703832753,1.13240418118467,19.0487804878049,13.2212543554007,1.66376306620209,1.25087108013937,27.1376306620209,6.50522648083624,29.2386759581882,42.280487804878,2.65679442508711,2.81184668989547,2.2595818815331,0.0121951219512195,0.0156794425087108,400288.18989547,1.55574912891986,1.15331010452962
"1317",2000,41,14.4471744471744,29.6363636363636,2.10810810810811,0.530712530712531,0.486486486486487,340.611793611794,35.1670761670762,15.6977886977887,4.08353808353808,0.464373464373464,1.10810810810811,14.8181818181818,14.5380835380835,1.84029484029484,1.10565110565111,29.5331695331695,6.85503685503685,13.6265356265356,30.6805896805897,2.74692874692875,1,2.57493857493857,0,0.0687960687960688,410208.250614251,1.55528255528256,1.48648648648649
"1318",2000,42,29.7285100286533,43.9720630372493,1.04226361031519,0.142550143266476,0.0709169054441261,1320.36962750716,64.2893982808023,15.2664756446991,4.23495702005731,0.430515759312321,1.08882521489971,19.8954154727794,12.5952722063037,1.85601719197708,1.20702005730659,28.7191977077364,6.83810888252149,28.5487106017192,43.2808022922636,2.54727793696275,1.12392550143266,2.30730659025788,0.00429799426934097,0.0179083094555874,420704.466332378,1.52292263610315,1.34240687679083
"1319",2000,44,12.2054794520548,28.5479452054795,0.671232876712329,0,0,955.945205479452,6.20547945205479,14.1780821917808,4.41095890410959,0.561643835616438,1.0958904109589,23.5753424657534,12.5342465753425,2.08219178082192,1.06849315068493,25.3424657534247,6.72602739726027,12.4794520547945,27.6164383561644,2.36986301369863,1,2.91780821917808,0.0273972602739726,0,440037.04109589,1.31506849315068,1.20547945205479
"1320",2000,45,15.0443037974684,30.5495780590717,0.584388185654008,0.0210970464135021,0,317.871308016878,48.1476793248945,15.5137130801688,4.25105485232068,0.339662447257384,1.12341772151899,19.9472573839662,12.8649789029536,1.63502109704641,1.33860759493671,27.4008438818565,6.52004219409283,68.710970464135,74.7848101265823,2.52215189873418,2.67932489451477,2.7373417721519,0.00210970464135021,0,450490.449367089,1.49261603375527,1.13502109704641
"1321",2000,46,25.6866666666667,40.4066666666667,2.24,1.98,1.98,306.266666666667,78.0533333333333,15.0466666666667,4.3,0.553333333333333,1.15333333333333,13.0266666666667,15.2066666666667,1.66666666666667,1.02666666666667,26.5066666666667,6.76,24.6066666666667,35.2266666666667,2.8,1,2.36,0,0.4,460075.5,1.46,1.44666666666667
"1322",2000,47,52.7111299915038,62.8445199660153,1.18861512319456,0.135089209855565,0,525.488530161427,96.571792693288,15.553101104503,4.07476635514019,0.454545454545455,1.11045029736619,19.3305012744265,14.6839422259983,1.80203908241291,1.11554800339847,29.3661852166525,6.5624468988955,52.5276125743415,61.6219201359388,2.43330501274427,1.46304163126593,2.69583687340697,0.00254885301614274,0.00424808836023789,470596.35768904,1.49022939677145,1.25658453695837
"1323",2000,48,13.9216349108789,25.2138905961893,0.612169637369392,0.116472034419176,0.0958819913952059,1729.52550706822,240.655193607867,15.8730792870313,4.14474492931776,0.311616472034419,1.16133988936693,15.1942224953903,12.6453595574677,1.79686539643516,1.23140749846343,27.9413030116779,6.58696988322065,14.1634910878918,25.5255070682237,2.84972341733251,2.11247695144438,2.37492317148125,0.00276582667486171,0,481632.531960664,1.56637984019668,1.16072526121696
"1324",2000,49,34.0534591194969,46.4339622641509,0,0,0,1107.12893081761,34.2012578616352,15.6761006289308,4.27987421383648,0.267295597484277,1.17295597484277,10.2767295597484,12.6698113207547,1.67295597484277,1.19496855345912,28.7201257861635,6.68867924528302,31.6352201257862,45.0377358490566,2.89937106918239,3.40566037735849,2.39622641509434,0.00314465408805031,0,490161.694968553,1.4685534591195,1.24213836477987
"1325",2000,50,15.6438356164384,29.5068493150685,1.26027397260274,0,0,905.616438356164,14.2328767123288,16,4.02739726027397,0.602739726027397,1.04109589041096,21.3698630136986,20.4520547945205,1.68493150684932,0.561643835616438,33.3972602739726,6.89041095890411,15.6849315068493,32.9178082191781,2.13698630136986,1,2.83561643835616,0,0,500037.97260274,1.27397260273973,1.45205479452055
"1326",2000,51,98.7673325499412,98.7673325499412,0.656874265569918,0.349001175088132,0.349001175088132,321.293772032902,210.603995299647,15.5076380728555,4.10223266745006,0.433607520564042,1.09165687426557,19.5264394829612,12.6110458284371,1.60399529964747,1.22091656874266,27.7720329024677,6.8813160987074,98.7673325499412,98.7673325499412,2.41833137485311,1.21504112808461,2.28789659224442,0.00235017626321974,0.0082256169212691,510428.156286722,1.51351351351351,1.08225616921269
"1327",2000,53,15.0506993006993,30.993006993007,0.368881118881119,0,0,498.706293706294,42.9195804195804,15.8881118881119,4.01748251748252,0.54020979020979,1.10314685314685,16.6258741258741,13.256993006993,1.89160839160839,1.28146853146853,27.3409090909091,6.98601398601399,14.8199300699301,30.020979020979,2.63811188811189,1.07167832167832,2.73776223776224,0.00174825174825175,0.157342657342657,530291.022727273,1.51573426573427,1.43356643356643
"1328",2000,54,12.2316384180791,30.7372881355932,0.480225988700565,0,0,305.350282485876,52.4915254237288,14.0819209039548,4.25988700564972,0.672316384180791,1.16101694915254,20.2429378531073,16.361581920904,1.7683615819209,1.1045197740113,30.4491525423729,6.70621468926554,12.2005649717514,29.4689265536723,2.61864406779661,1,2.46892655367232,0.00564971751412429,0.00847457627118644,540178.107344633,1.48587570621469,1.31638418079096
"1329",2000,55,17.8128491620112,32.9371508379888,0.216480446927374,0,0,762.856145251397,73.2122905027933,15.054469273743,4.22206703910615,0.479050279329609,1.1159217877095,16.6927374301676,14.2150837988827,1.6536312849162,1.33379888268156,28.6815642458101,6.73743016759777,15.0251396648045,30.4357541899441,2.50279329608939,2.59078212290503,2.43994413407821,0.00279329608938547,0.00418994413407821,550358.5,1.5572625698324,1.45251396648045
"1330",2000,56,18.5378787878788,33.9469696969697,1.33333333333333,0.75,0.75,50.9545454545455,22.969696969697,15.5833333333333,4.35606060606061,0.492424242424242,1.15151515151515,10.2575757575758,16.8712121212121,1.64393939393939,0.71969696969697,31.3712121212121,6.47727272727273,13.0378787878788,29.4393939393939,2.70454545454545,1,2.43181818181818,0.00757575757575758,0.0454545454545455,560066.5,1.37878787878788,1.45454545454545
"1331",2001,1,12.8777777777778,27.8388888888889,0.187777777777778,0,0,515.287777777778,73.8844444444444,15.4911111111111,4.05444444444444,0.26,1.10111111111111,19.5822222222222,12.6766666666667,1.63555555555556,1.16222222222222,26.6255555555556,6.59777777777778,96.8,96.8,2.51777777777778,2.28111111111111,3.17555555555556,0.00333333333333333,0,10451.1,1.51666666666667,1.13777777777778
"1332",2001,2,17.775,33.2625,0.5875,0,0,280.8625,115.875,15.975,3.8,0.6,1.1125,13.7,14.05,1.925,1.4875,23.55,6.1125,14.5,26.7375,2.6875,1,1.9875,0.025,0,20040.825,1.6125,1.725
"1333",2001,4,41.4115138592751,51.9253731343284,0.916844349680171,0.135394456289979,0.105543710021322,281.974413646055,13.8208955223881,16.3155650319829,4.2089552238806,0.5,1.12046908315565,14.3486140724947,15.4296375266525,2.17377398720682,1.34754797441365,31.1972281449893,6.77825159914712,37.4402985074627,48.9317697228145,3.07462686567164,1.05756929637527,8.30810234541578,0.00213219616204691,0.427505330490405,40470.6652452026,1.53091684434968,1.49786780383795
"1334",2001,5,13.0501858736059,27.8698884758364,0.868029739776952,0.369888475836431,0.368029739776952,676.514869888476,78.7546468401487,15.0092936802974,4.18587360594796,0.302973977695167,1.13568773234201,18.3085501858736,13.9553903345725,1.53159851301115,1.17100371747212,27.1152416356877,6.73234200743494,12.4442379182156,26.5130111524164,2.64126394052045,3.65241635687732,2.43308550185874,0.00557620817843866,0,50269.5539033457,1.4907063197026,1.27323420074349
"1336",2001,8,17.5765069551777,33.3910355486862,0.591962905718702,0,0,277.024729520866,54.9598145285935,16.2704791344668,4.04327666151468,0.676970633693972,1.14528593508501,15.9505409582689,13.3786707882535,1.81761978361669,1.04482225656878,27.758887171561,7.12364760432767,17.1174652241113,32.7372488408037,2.741885625966,1.13137557959815,2.90417310664606,0,0.0123647604327666,80324,1.52704791344668,1.31375579598145
"1337",2001,9,31.3241379310345,45.0172413793103,1.00689655172414,0,0,429.810344827586,6.01379310344828,15.3724137931034,4.06206896551724,0.562068965517241,1.09655172413793,19.3379310344828,12.1379310344828,1.94827586206897,1.00689655172414,29.1620689655172,6.88965517241379,27.4310344827586,42.0310344827586,2.4551724137931,1,2.43448275862069,0,0.0137931034482759,90145.5103448276,1.49310344827586,1.23793103448276
"1338",2001,10,14.0769230769231,31.2649572649573,0.324786324786325,0,0,288.82905982906,3.22222222222222,15.1111111111111,4.21367521367521,0.504273504273504,1.16239316239316,18.9145299145299,13.042735042735,1.71794871794872,1.53846153846154,28.1452991452991,7.13675213675214,13.4786324786325,29.0854700854701,2.88034188034188,2.30769230769231,2.67521367521368,0,0,100059.837606838,1.58119658119658,1.09401709401709
"1339",2001,11,95.9137931034483,96.3620689655172,5.70689655172414,3.41379310344828,3.41379310344828,10,1,16.1551724137931,3.96551724137931,0.137931034482759,1.17241379310345,18.0862068965517,10.6551724137931,2,0.931034482758621,26.6379310344828,7.03448275862069,72.0172413793103,76.6551724137931,3.44827586206897,59.1724137931034,2.89655172413793,0,0.0172413793103448,110029.931034483,1.51724137931034,1.1551724137931
"1340",2001,12,27.5062638172439,40.7829771554901,0.367722918201916,0.0420044215180545,0.0364775239498895,726.738025055269,71.6514369933677,15.5770081061164,4.16543846720707,0.389093588798821,1.10980103168755,15.3850405305822,13.0508474576271,1.84672070744289,1.42299189388357,27.5515843773029,6.45431098010317,27.3529845246868,41.1127487103906,2.85003684598379,1.7030213706706,1.74355195283714,0.00294767870302137,0.0180545320560059,121360.552689757,1.59322033898305,1.13485630066323
"1341",2001,13,15.0013596193066,29.8905506458192,0.740312712440517,0.0292318150917743,0,590.260367097213,139.019714479946,15.4962610469069,4.1169272603671,0.310673011556764,1.11964649898029,17.7205982324949,13.7138001359619,1.68932698844324,1.42080217539089,29.5690006798097,6.82664853840925,14.9374575118967,29.7770224337186,2.79333786539769,3.00883752549286,2.59687287559483,0.00611828687967369,0.008837525492862,130739.435078178,1.61182868796737,1.19442556084296
"1342",2001,15,16.5454545454545,32.9393939393939,0.893939393939394,0.75,0.75,5182.56818181818,3.86363636363636,14.4469696969697,3.89393939393939,0.431818181818182,1.06060606060606,17.6893939393939,13.1818181818182,2.21969696969697,0.962121212121212,27.6212121212121,7.11363636363636,16.2954545454545,32.2878787878788,2.52272727272727,1,2.03030303030303,0,0,150067.893939394,1.42424242424242,1.3030303030303
"1343",2001,16,13.9955555555556,29.5955555555556,2.11555555555556,1.40888888888889,1.32,131.368888888889,39.6311111111111,15.9377777777778,4.19111111111111,0.408888888888889,1.15111111111111,14.7288888888889,13.3333333333333,1.59111111111111,1.09333333333333,26.4933333333333,7.00888888888889,13.4266666666667,27.9155555555556,2.93333333333333,1.99555555555556,2.14222222222222,0.0133333333333333,0.142222222222222,160113,1.42666666666667,1.42666666666667
"1344",2001,17,22.9850863422292,91.3155416012559,0.247252747252747,0.0235478806907378,0,2018.45839874411,88.4262166405024,15.765306122449,4.08869701726845,0.5,1.10989010989011,16.4835164835165,12.234693877551,1.80141287284144,1.27864992150706,28.5557299843014,6.9309262166405,12.6695447409733,28.4293563579278,2.67425431711146,2.43642072213501,2.17503924646782,0.00392464678178964,0.00235478806907378,170645.154631083,1.55337519623234,1.27943485086342
"1345",2001,18,99,99,0.547878787878788,0.00121212121212121,0,655.380606060606,86.9345454545455,15.5418181818182,4.18787878787879,0.333333333333333,1.10181818181818,19.3563636363636,12.9393939393939,1.65333333333333,1.46545454545455,29.24,6.80606060606061,99,99,2.53212121212121,3.39636363636364,2.68363636363636,0.00363636363636364,0.00242424242424242,180413,1.56363636363636,1.29939393939394
"1346",2001,19,12.1484375,29.0260416666667,0.153645833333333,0,0,1152.6171875,109.4375,16.0833333333333,4.1484375,0.302083333333333,1.16145833333333,14.0260416666667,12.7395833333333,1.65625,1.50260416666667,27.8098958333333,7.046875,12.0911458333333,27.5104166666667,2.64583333333333,3.78125,1.93229166666667,0.00520833333333333,0,190198.229166667,1.57552083333333,1.3515625
"1347",2001,20,16.5787037037037,31.4791666666667,3.16203703703704,0.0509259259259259,0,862.349537037037,110.476851851852,14.9652777777778,4.25462962962963,0.331018518518519,1.14351851851852,17.2037037037037,12.775462962963,1.80324074074074,1.27083333333333,26.4467592592593,6.78472222222222,15.1666666666667,29.3310185185185,2.4375,1.80787037037037,2.19675925925926,0.00462962962962963,0.0231481481481481,200220.164351852,1.48842592592593,1.16435185185185
"1348",2001,21,19.8005249343832,34.3175853018373,0.250656167979003,0,0,824.842519685039,116.020997375328,15.8490813648294,4.21128608923885,0.304461942257218,1.10892388451444,19.3320209973753,13.0734908136483,1.64829396325459,1.19160104986877,27.7650918635171,6.76771653543307,19.6299212598425,34.8057742782152,2.51181102362205,2.01181102362205,2.2755905511811,0.0026246719160105,0,210382.549868766,1.52362204724409,1.25721784776903
"1349",2001,22,14.5209302325581,29.9918604651163,0.31046511627907,0,0,381.494186046512,60.4139534883721,15.596511627907,4.10813953488372,0.42906976744186,1.10697674418605,18.6790697674419,12.9988372093023,1.78372093023256,1.17441860465116,27.9395348837209,6.66511627906977,14.3581395348837,29.3639534883721,2.61511627906977,2.9906976744186,2.15813953488372,0.00581395348837209,0.00116279069767442,220433.358139535,1.4953488372093,1.25581395348837
"1350",2001,23,12.7235294117647,30.6352941176471,0.964705882352941,0,0,4983.05882352941,15.7764705882353,15.8588235294118,4.11176470588235,0.335294117647059,1.12941176470588,18.6882352941176,12.9058823529412,1.64117647058824,1.07647058823529,29.2882352941176,7.13529411764706,12.7941176470588,33.7882352941176,2.67058823529412,1,2.23529411764706,0.0117647058823529,0.0117647058823529,230085.670588235,1.54117647058824,1.45882352941176
"1351",2001,24,98.835,98.835,0.598333333333333,0.495,0.495,355.785,64.4283333333333,15.7483333333333,4.205,0.458333333333333,1.09833333333333,19.3033333333333,12.5766666666667,1.77833333333333,1.255,30.3616666666667,7.01833333333333,98.835,98.835,2.56,1.45166666666667,2.56666666666667,0,0.00833333333333333,240302.931666667,1.575,1.14833333333333
"1352",2001,25,21.1412556053812,36.4103139013453,0.86322869955157,0.271300448430493,0.221973094170404,749.087443946188,16.3811659192825,15.414798206278,4.26008968609866,0.352017937219731,1.0695067264574,20.3968609865471,12.152466367713,2.03139013452915,0.923766816143498,27.4215246636771,7.11659192825112,20.804932735426,36.0156950672646,2.35650224215247,1,2.46860986547085,0,0.0201793721973094,250230.542600897,1.39237668161435,1.44170403587444
"1353",2001,26,39.1152570480929,50.5671641791045,4.69320066334992,0.054726368159204,0,892.277777777778,105.488391376451,15.7371475953566,4.22802653399668,0.41044776119403,1.10116086235489,17.4179104477612,12.9087893864013,1.82504145936982,1.43532338308458,29.2653399668325,6.79519071310116,36.2976782752902,48.5082918739635,2.71973466003317,1.84660033167496,2.60530679933665,0.00414593698175788,0,260605.595356551,1.61111111111111,1.34162520729685
"1354",2001,27,25.3956692913386,38.5708661417323,0.122047244094488,0.00393700787401575,0,1634.62795275591,81.9527559055118,16.2893700787402,4.16929133858268,0.478346456692913,1.11811023622047,14.0236220472441,14.3248031496063,1.8759842519685,1.53346456692913,29.2854330708661,6.99015748031496,21.7066929133858,35.7125984251969,2.68503937007874,1.47834645669291,2.15354330708661,0.0078740157480315,0.0708661417322835,270254.938976378,1.55511811023622,1.50787401574803
"1355",2001,28,10.9360795454545,20.9644886363636,0.0284090909090909,0,0,295.882102272727,78.4772727272727,15.8323863636364,4.18892045454545,0.284090909090909,1.11363636363636,19.5028409090909,13.3508522727273,1.58664772727273,1.16619318181818,28.515625,6.62784090909091,13.3920454545455,22.0582386363636,2.31392045454545,4.67045454545455,3.34801136363636,0,0.00568181818181818,280353.920454545,1.43465909090909,1.22301136363636
"1356",2001,29,15.6402877697842,32.4398766700925,0.76464542651593,0.039054470709147,0,1716.44501541624,133.367934224049,16.3884892086331,4.12127440904419,0.47584789311408,1.12846865364851,19.0904419321686,14.0051387461459,1.64850976361768,1.04830421377184,28.7235354573484,6.78108941418294,15.7153134635149,31.5498458376156,2.56423432682425,1.32065775950668,2.49434737923947,0.00205549845837616,0,290491.209660843,1.49331963001028,1.2158273381295
"1357",2001,30,15.6318407960199,29.5621890547264,0.0298507462686567,0,0,21.9402985074627,54.5522388059701,14.9900497512438,4,0.63681592039801,1.14427860696517,13.7313432835821,13.3731343283582,1.63681592039801,0.796019900497512,25.9303482587065,7.13432835820895,13.1641791044776,29.2039800995025,2.35323383084577,1,2.18905472636816,0,0.318407960199005,300101,1.35323383084577,1.46268656716418
"1358",2001,31,22.6,35.0558139534884,0.0930232558139535,0,0,936.186046511628,84.3023255813954,15.9023255813953,4.04651162790698,0.4,1.14418604651163,13.1674418604651,18.1860465116279,1.65116279069767,1.4,29.5953488372093,7.23255813953488,22.3767441860465,35.493023255814,2.94418604651163,4.13488372093023,2.11162790697674,0.00465116279069767,0,310108,1.61860465116279,1.35813953488372
"1359",2001,32,24.9228070175439,39.5789473684211,0.750877192982456,0.0666666666666667,0,37.4947368421053,11.2842105263158,16.4736842105263,4,0.43859649122807,1.10175438596491,11.7859649122807,13.0736842105263,1.75789473684211,1.16491228070175,27.9964912280702,7.06315789473684,23.4245614035088,37.9894736842105,2.87719298245614,1.77894736842105,2.11578947368421,0.00350877192982456,0.00350877192982456,320143,1.5859649122807,1.04210526315789
"1360",2001,33,13.6129032258065,26.8145161290323,0.306451612903226,0,0,582.08064516129,10.6290322580645,16.0241935483871,3.89516129032258,0.588709677419355,1.14516129032258,17.8064516129032,14.3870967741935,1.7741935483871,1.15322580645161,30.4758064516129,7.03225806451613,13.6048387096774,29.6774193548387,2.61290322580645,1,2.94354838709677,0,0,330064.064516129,1.57258064516129,1.71774193548387
"1361",2001,34,98.4625550660793,98.5198237885463,1.08370044052863,0.581497797356828,0.581497797356828,1421.57562408223,18.4038179148311,16.15859030837,4.02202643171806,0.350954478707783,1.09397944199706,17.7386196769457,12.0837004405286,1.92511013215859,1.24669603524229,27.4654919236417,6.82525697503671,97.8370044052864,97.9441997063142,2.71659324522761,1.17621145374449,2.56387665198238,0.00587371512481645,0.013215859030837,340369.403817915,1.58443465491924,1.20558002936858
"1362",2001,35,94.7253012048193,94.7638554216867,0.2,0,0,92.9975903614458,31.578313253012,15.4072289156627,4.11807228915663,0.590361445783133,1.11807228915663,12.1590361445783,13.6867469879518,1.68192771084337,1.00722891566265,26.9180722891566,6.74939759036145,94.944578313253,94.944578313253,2.70602409638554,2.18795180722892,2.59036144578313,0.00240963855421687,0.151807228915663,350210.657831325,1.37349397590361,1.2578313253012
"1363",2001,36,48.8736988202637,58.3733518390007,0.401110340041638,0.0818875780707842,0.0687022900763359,3480.60929909785,65.6675919500347,16.2220680083276,4.12283136710618,0.313671061762665,1.0853573907009,17.4476058292852,13.0638445523942,1.8646773074254,1.2206800832755,27.2699514226232,7.11242192921582,48.5836224843858,58.3789035392089,2.64191533657183,1.83622484385843,2.38653712699514,0.00693962526023595,0.0131852879944483,360725.281054823,1.46356696738376,1.24774462179042
"1364",2001,37,40.8176470588235,53.0911764705882,0.288970588235294,0,0,632.578676470588,100.089705882353,15.2845588235294,4.07426470588235,0.400735294117647,1.125,18.4801470588235,12.8904411764706,1.67426470588235,1.26764705882353,28.4051470588235,6.80220588235294,40.7036764705882,51.7875,2.65220588235294,1.41470588235294,1.79779411764706,0.00147058823529412,0.00588235294117647,370689.588235294,1.54044117647059,1.1875
"1365",2001,38,11.46875,26.2291666666667,0,0,0,82.3958333333333,61.1041666666667,15.71875,4.19791666666667,0.8125,1.09375,12.2291666666667,11.0625,1.90625,1.16666666666667,27.2708333333333,6.80208333333333,10.71875,25.34375,2.16666666666667,1.35416666666667,2.57291666666667,0,0.5,380048.5,1.39583333333333,1.51041666666667
"1366",2001,39,32.5815433571997,44.0214797136038,0.387430389817025,0.17024661893397,0.157517899761337,1160.07159904535,87.2084327764519,15.7016706443914,4.28798727128083,0.449482895783612,1.09626093874304,20.0684168655529,12.9220365950676,1.74303898170247,1.2903739061257,28.1376292760541,6.87907716785998,28.945107398568,40.9546539379475,2.50119331742243,2.6793953858393,2.5727923627685,0.00159108989657916,0.00397772474144789,390637.4566428,1.53937947494033,1.33015115354018
"1367",2001,40,31.8248299319728,43.765306122449,0.454081632653061,0,0,1112.51870748299,84.530612244898,15.9948979591837,4.19047619047619,0.454081632653061,1.15986394557823,18.6938775510204,13.0561224489796,1.63775510204082,1.28401360544218,27.0561224489796,7.07482993197279,31.5238095238095,43.9574829931973,2.69557823129252,2.34863945578231,2.41156462585034,0.00340136054421769,0.0102040816326531,400295.443877551,1.53401360544218,1.20748299319728
"1368",2001,41,14.3504672897196,28.9485981308411,0.936915887850467,0,0,351.644859813084,36.4672897196262,16.2873831775701,4.21495327102804,0.467289719626168,1.14018691588785,16.4042056074766,13.9392523364486,1.66822429906542,0.901869158878505,26.7172897196262,7.01635514018692,13.7873831775701,29.1588785046729,2.59579439252336,1.59345794392523,2.52570093457944,0.00467289719626168,0.119158878504673,410219.13317757,1.47897196261682,1.36682242990654