"","YEAR","STATE","ARR_HOUR","ARR_MIN","CF1","CF2","CF3","CITY","COUNTY","DAY","DAY_WEEK","DRUNK_DR","FATALS","HARM_EV","HOUR","LGT_COND","MAN_COLL","MINUTE","MONTH","NOT_HOUR","NOT_MIN","PERSONS","RAIL","REL_ROAD","SCH_BUS","SP_JUR","ST_CASE","VE_FORMS","WEATHER"
"1504",2004,24,98.6875,98.7083333333333,0.857638888888889,0.34375,0.34375,117.53125,55.3350694444444,16.0538194444444,4.11631944444444,0.467013888888889,1.11631944444444,19.0052083333333,12.0989583333333,1.92881944444444,1.35763888888889,27.9513888888889,6.765625,98.6857638888889,98.7482638888889,2.58506944444444,2,2.54513888888889,0.00347222222222222,0.0364583333333333,240290.836805556,1.51388888888889,1.21354166666667
"1505",2004,25,61.4742729306488,68.3624161073825,1.49440715883669,0.398210290827741,0.221476510067114,783.295302013423,15.9261744966443,15.2684563758389,4.24832214765101,0.270693512304251,1.06487695749441,19.7941834451902,12.2304250559284,2.01789709172259,1.46979865771812,28.7762863534676,6.68680089485459,60.0469798657718,67.5906040268456,2.23266219239374,2.24608501118568,2.58165548098434,0,0.00223713646532438,250225.675615213,1.38702460850112,1.59507829977629
"1506",2004,26,39.2445497630332,49.8312796208531,3.84170616113744,0.0208530805687204,0,771.977251184834,102.202843601896,15.7658767772512,4.16208530805687,0.367772511848341,1.09857819905213,17.60663507109,13.7630331753555,1.82938388625592,2.01042654028436,29.4985781990521,6.95450236966825,36.9668246445498,49.1895734597156,2.58483412322275,2.59431279620853,2.54218009478673,0.004739336492891,0.0028436018957346,260533.0492891,1.59431279620853,1.44834123222749
"1507",2004,27,36.2596153846154,47.1615384615385,0.0769230769230769,0,0,1515.54615384615,84.6653846153846,16.0807692307692,4.22692307692308,0.388461538461538,1.09038461538462,14.9769230769231,13.1,1.70384615384615,2.18269230769231,27.9423076923077,7.00961538461539,30.3692307692308,41.1634615384615,2.50576923076923,3.84423076923077,2.05,0.00576923076923077,0.0230769230769231,270265.119230769,1.55961538461538,1.39615384615385
"1508",2004,28,12.8918575063613,23.9618320610687,0.0254452926208651,0,0,311.185750636132,77.440203562341,15.5343511450382,4.19974554707379,0.258269720101781,1.14503816793893,19.9821882951654,12.3473282442748,1.5763358778626,1.09033078880407,28.5750636132316,6.53562340966921,20.0089058524173,28.4452926208651,2.30916030534351,3.42748091603053,3.47582697201018,0,0.00127226463104326,280394.638676845,1.44529262086514,1.16793893129771
"1509",2004,29,48.8071570576541,58.1332007952286,0.698807157057654,0.0566600397614314,0,1546.02485089463,131.372763419483,15.7465208747515,4.15208747514911,0.428429423459245,1.12326043737575,19.927435387674,13.3906560636183,1.58846918489066,1.35884691848907,27.0854870775348,6.65506958250497,48.6968190854871,57.6779324055666,2.5,3.12524850894632,2.45626242544732,0.00596421471172962,0,290510.828031809,1.48906560636183,1.29423459244533
"1510",2004,30,14.0909090909091,28.799043062201,0.555023923444976,0.0143540669856459,0,46.133971291866,53.688995215311,16.0526315789474,4.37320574162679,0.727272727272727,1.09569377990431,15.4928229665072,13.4736842105263,1.64593301435407,0.842105263157895,26.8947368421053,7.07177033492823,13.6172248803828,29.3588516746411,2.33014354066986,2,2.77033492822967,0,0.516746411483254,300105,1.31578947368421,1.41148325358852
"1511",2004,31,17.3624454148472,29.0698689956332,0.165938864628821,0,0,661.187772925764,89.8296943231441,15.589519650655,3.89082969432314,0.388646288209607,1.10917030567686,15.3056768558952,16.410480349345,1.80786026200873,1.93013100436681,32.1222707423581,6.7292576419214,16.764192139738,29.5545851528384,2.54585152838428,4.47598253275109,2.17903930131004,0,0,310115,1.53711790393013,1.30131004366812
"1512",2004,32,27.675,42.025,0.811111111111111,0.0388888888888889,0,38.1583333333333,12.1055555555556,15.3194444444444,4.17777777777778,0.394444444444444,1.09722222222222,12.7888888888889,12.5388888888889,1.90555555555556,1.45555555555556,28.3777777777778,6.84166666666667,24.7611111111111,38.8972222222222,2.59722222222222,2,2.21111111111111,0,0.0333333333333333,320180.5,1.48611111111111,1.06944444444444
"1513",2004,33,12.7848101265823,26.6962025316456,0.253164556962025,0,0,253.905063291139,10.5569620253165,16.373417721519,4.31012658227848,0.411392405063291,1.08227848101266,18.5189873417722,13.373417721519,1.91772151898734,1.81645569620253,29.2658227848101,7.06962025316456,12.753164556962,28.4367088607595,2.43037974683544,2,1.51898734177215,0.00632911392405063,0,330079.5,1.50632911392405,1.40506329113924
"1514",2004,34,98.7426900584795,98.8099415204678,0.339181286549708,0,0,1387.51461988304,19.7017543859649,15.3728070175439,4.06578947368421,0.358187134502924,1.05701754385965,17.7061403508772,12.375730994152,1.98684210526316,1.42836257309942,27.890350877193,6.86695906432749,98.7426900584795,98.7792397660819,2.75292397660819,2.77485380116959,2.27046783625731,0.010233918128655,0.0043859649122807,340368.815789474,1.58187134502924,1.21929824561404
"1515",2004,35,99,99,0.601366742596811,0.451025056947608,0.451025056947608,96.7608200455581,28.250569476082,15.7312072892938,4.00455580865604,0.496583143507973,1.18678815489749,13.5193621867882,12.8564920273349,1.62186788154897,1.58542141230068,28.5649202733485,6.80410022779043,99,99,2.88610478359909,2.66059225512528,2.30751708428246,0,0.275626423690205,350227.956719818,1.43052391799544,1.17084282460137
"1516",2004,36,44.0051020408163,54.8600583090379,0.448979591836735,0,0,3502.63192419825,64.1895043731778,15.5896501457726,4.14139941690962,0.275510204081633,1.08965014577259,17.8797376093294,13.1239067055394,1.8265306122449,1.32142857142857,29.7288629737609,6.78717201166181,42.8301749271137,54.4351311953353,2.55174927113703,2.27842565597668,2.30174927113703,0.0065597667638484,0.0087463556851312,360686.5,1.46574344023324,1.28935860058309
"1517",2004,37,39.0889202540579,50.2660550458716,0.36908962597036,0.0141143260409315,0,653.526464361327,100.260409315455,16.0141143260409,4.1453775582216,0.404375441072689,1.11009174311927,19.3260409315455,12.7367678193366,1.66619618913197,1.48694424841214,27.6090331686662,6.88143966125618,39.0310515172901,50.2166549047283,2.58927311220889,2.32321806633733,1.85038814396613,0.00423429781227946,0,370710.92166549,1.54269583627382,1.2060691601976
"1518",2004,38,22.8315789473684,35.6315789473684,0.536842105263158,0,0,222.789473684211,59.4842105263158,15.9789473684211,4.15789473684211,0.484210526315789,1.05263157894737,11.3157894736842,12.8842105263158,1.47368421052632,1.6,26.4947368421053,6.8,22.9263157894737,34.9894736842105,2.25263157894737,2.32631578947368,1.73684210526316,0,0.368421052631579,380048,1.43157894736842,1.34736842105263
"1519",2004,39,17.5631986242476,31.2055030094583,0.392949269131556,0,0,1464.91917454858,86.6870163370593,15.6294067067928,4.15563198624248,0.440240756663801,1.10576096302666,20.3877901977644,12.7798796216681,1.72914875322442,1.79793637145314,27.1169389509888,6.66552020636285,18.1848667239897,31.6113499570077,2.53568357695615,2.93637145313844,2.38349097162511,0.00257953568357696,0,390605,1.56491831470335,1.3061049011178
"1520",2004,40,43.2424698795181,53.3975903614458,0.468373493975904,0,0,1242.96837349398,86.2560240963855,15.5060240963855,4.25301204819277,0.38855421686747,1.16566265060241,18.9292168674699,13.5632530120482,1.67620481927711,1.41867469879518,27.2093373493976,6.40512048192771,42.5075301204819,52.7409638554217,2.65361445783133,2.92771084337349,2.26506024096386,0.00150602409638554,0,400334.317771084,1.51957831325301,1.22289156626506
"1521",2004,41,15.4742268041237,30.1829896907216,1.07989690721649,0,0,369.407216494845,37.6030927835052,14.7371134020619,4.06701030927835,0.520618556701031,1.17525773195876,17.1726804123711,13.909793814433,1.62113402061856,1.25515463917526,26.3582474226804,6.88144329896907,13.3479381443299,27.7963917525773,2.59536082474227,2.10567010309278,2.50257731958763,0,0.0283505154639175,410196.798969072,1.50773195876289,1.46134020618557
"1522",2004,42,35.1108663729809,47.1769456681351,0.461086637298091,0.0726872246696035,0.0726872246696035,1695.91923641703,65.2562408223201,15.8406754772394,4.23421439060206,0.422173274596182,1.09397944199706,21.2041116005874,12.7812041116006,1.76945668135095,1.7503671071953,28.3436123348018,6.66886930983847,34.4331864904552,46.496328928047,2.46622613803231,2,2.80396475770925,0.00440528634361234,0.00220264317180617,420682.33113069,1.54405286343612,1.40381791483113
"1523",2004,44,12.3076923076923,28.9358974358974,1.78205128205128,0,0,148.461538461538,6.38461538461539,15.7692307692308,4.35897435897436,0.512820512820513,1.06410256410256,20.474358974359,12.5128205128205,2.17948717948718,1.15384615384615,28.4102564102564,6.67948717948718,12.2435897435897,27.6282051282051,2.42307692307692,2,2.88461538461538,0,0,440039.5,1.47435897435897,1.38461538461538
"1524",2004,45,99,99,0.206131078224101,0,0,191.294926004228,46.6596194503171,15.8023255813953,4.25369978858351,0.494714587737844,1.10570824524313,20.4027484143763,12.4556025369979,1.7431289640592,1.26744186046512,27.1205073995772,6.67441860465116,99,99,2.47780126849894,3.00951374207188,2.2938689217759,0.00317124735729387,0,450479.143763214,1.43446088794926,1.16279069767442
"1525",2004,46,26.1626506024096,39.6144578313253,0.560240963855422,0,0,295.825301204819,71.9759036144578,13.7168674698795,4.04216867469879,0.512048192771084,1.18674698795181,12.5602409638554,14.5542168674699,1.75903614457831,1.19879518072289,28.1325301204819,6.96987951807229,23.9819277108434,37.8433734939759,2.45180722891566,2,2.36746987951807,0,0.55421686746988,460083.5,1.41566265060241,1.40963855421687
"1526",2004,47,95.3568429890848,95.9345088161209,0.680940386230059,0.120906801007557,0.0831234256926952,558.094878253568,99.0940386230059,15.5818639798489,4.2031905961377,0.335012594458438,1.12426532325777,20.8261964735516,15.3408900083963,1.80688497061293,1.44584382871537,29.8597816960537,6.71284634760705,95.2728799328296,95.8127623845508,2.47607052896725,2.38287153652393,2.58606213266163,0.00419815281276238,0.000839630562552477,470610.931150294,1.50629722921914,1.26280436607893
"1527",2004,48,10.2712798530312,21.9519289650949,0.621555419473362,0.0153092467850582,0,1750.83037354562,234.60257195346,15.7017758726271,4.02847519902021,0.376913655848132,1.1325780771586,15.5364360073484,12.3781383955909,1.87599510104103,1.50857317819963,28.3940600122474,6.57348438456828,10.1365584813227,21.8224127372933,2.78444580526638,2.73055725658298,2.30189834660135,0.00183710961420698,0.000612369871402327,481641.149418249,1.5526638089406,1.19779546846295
"1528",2004,49,23.1769230769231,35.9423076923077,0.0769230769230769,0,0,712.007692307692,33.9,15.95,4.07307692307692,0.219230769230769,1.13846153846154,11.6,13.3192307692308,1.69615384615385,1.19615384615385,26.5653846153846,6.85,21.8269230769231,34.2923076923077,2.65,2.73461538461538,2.91538461538462,0.00769230769230769,0,490133.446153846,1.43461538461538,1.15769230769231
"1529",2004,50,15.0238095238095,27.7380952380952,1.20238095238095,0,0,1207.7380952381,15.3809523809524,16.3333333333333,4.30952380952381,0.523809523809524,1.16666666666667,19.9761904761905,25.8452380952381,1.64285714285714,1.28571428571429,35.4880952380952,7.01190476190476,13.9166666666667,25.452380952381,2.4047619047619,2,2.22619047619048,0,0,500042.523809524,1.51190476190476,1.55952380952381
"1530",2004,51,99,99,0.930787589498807,0.607398568019093,0.590692124105012,278.287589498807,190.789976133652,16.1503579952267,4.15035799522673,0.470167064439141,1.10023866348449,20.5918854415274,13.035799522673,1.7326968973747,1.23508353221957,27.1085918854415,6.75417661097852,99,99,2.26133651551313,2,2.84844868735084,0.00715990453460621,0.00477326968973747,510422.505966587,1.45226730310263,1.20405727923628
"1531",2004,53,25.6051080550098,39.9273084479371,0.581532416502947,0.0766208251473477,0,471.106090373281,42.139489194499,15.9214145383104,4.02357563850688,0.522593320235756,1.1139489194499,16.7760314341847,12.8762278978389,1.79764243614931,1.33398821218075,29.0451866404715,6.65225933202358,25.2534381139489,40.0962671905697,2.52652259332024,2.22200392927308,2.89194499017682,0.00392927308447937,0.278978388998035,530258.931237721,1.48722986247544,1.23379174852652
"1532",2004,54,12.6342105263158,29.7078947368421,1.22105263157895,0.0578947368421053,0,303.392105263158,49.0315789473684,15.7763157894737,4.18684210526316,0.484210526315789,1.07894736842105,18.7026315789474,15.1473684210526,1.63421052631579,1.22105263157895,29.8342105263158,6.87894736842105,12.7763157894737,29.7605263157895,2.39473684210526,2.54210526315789,2.62105263157895,0,0,540193.065789474,1.48947368421053,1.43157894736842
"1533",2004,55,17.0526315789474,32.9085872576177,0.732686980609418,0,0,750.789473684211,73.3240997229917,15.2645429362881,4.17590027700831,0.516620498614958,1.09695290858726,18.6745152354571,16.5512465373961,1.72160664819945,1.43767313019391,31.9778393351801,6.91412742382271,14.3185595567867,30.7686980609418,2.40027700831025,2.83102493074792,2.27285318559557,0.00554016620498615,0.0221606648199446,550361.5,1.49722991689751,1.41689750692521
"1534",2004,56,16.2112676056338,30.3239436619718,0.859154929577465,0,0,47.6619718309859,21.2535211267606,15.4929577464789,4.02816901408451,0.542253521126761,1.15492957746479,13.2112676056338,15.3450704225352,1.65492957746479,0.873239436619718,27.3169014084507,6.97887323943662,15.8239436619718,29.9507042253521,2.76760563380282,2,2.66197183098592,0,0.119718309859155,560071.5,1.46478873239437,1.70422535211268
"1535",2005,1,14.43388834476,29.484818805093,1.16062683643487,0.387855044074437,0.387855044074437,545.109696376102,71.5612144955926,15.6444662095984,4.17335945151812,0.346718903036239,1.12438785504407,20.0763956904995,12.8011753183154,1.72184133202742,1.58178256611166,26.9373163565132,6.67286973555338,47.1047992164545,56.4446620959843,2.46914789422135,2.21351616062684,2.36532810969638,0,0.000979431929480901,10512.4142997062,1.52203721841332,1.17140058765916
"1536",2005,2,86.1969696969697,88.0454545454545,0.212121212121212,0,0,1397.37878787879,112.848484848485,15.4393939393939,4.04545454545455,0.53030303030303,1.10606060606061,18.8181818181818,16.0454545454545,1.71212121212121,1.77272727272727,30.1666666666667,7.21212121212121,16.1363636363636,29.9848484848485,2.8030303030303,1,2.1969696969697,0,0.0151515151515152,20033.5,1.56060606060606,1.43939393939394
"1537",2005,4,39.0163776493256,49.9576107899807,4.40366088631985,3.26204238921002,3.24277456647399,255.032755298651,15.4816955684008,16.8718689788054,4.1907514450867,0.400770712909441,1.13583815028902,17.6107899807322,15.0057803468208,2.23121387283237,5.21868978805395,30.6608863198459,6.48169556840077,35.1628131021195,47.2495183044316,2.89113680154143,1.26493256262042,8.01637764932563,0.00289017341040462,0.447013487475915,40520.3815028902,1.53179190751445,1.72832369942197
"1538",2005,5,14.1090604026846,29.1090604026846,0.832214765100671,0.332214765100671,0.332214765100671,755.922818791946,79.7114093959731,14.9798657718121,4.28020134228188,0.330536912751678,1.09731543624161,17.9865771812081,13.3187919463087,1.61241610738255,1.66275167785235,27.5771812080537,6.61912751677852,13.1325503355705,27.1912751677852,2.41107382550336,1.96308724832215,2.56543624161074,0.00335570469798658,0,50299.4798657718,1.50503355704698,1.19295302013423
"1540",2005,8,51.1281588447653,60.0216606498195,0.628158844765343,0,0,374.241877256318,52.1119133574007,15.5812274368231,4.21841155234657,0.588447653429603,1.09386281588448,17.0397111913357,12.6101083032491,1.91335740072202,1.33935018050542,27.4332129963899,6.64079422382672,46.3682310469314,56.1353790613718,2.68050541516245,1.36642599277978,2.24368231046931,0,0.0108303249097473,80277.5,1.53610108303249,1.19494584837545
"1541",2005,9,31.1450381679389,45.8511450381679,0.618320610687023,0,0,429.095419847328,6.61068702290076,16.1488549618321,4.10687022900763,0.454198473282443,1.06106870229008,19.4312977099237,12.4961832061069,1.93511450381679,1.25190839694656,31.5152671755725,6.80916030534351,23.1984732824427,40.0114503816794,2.56488549618321,1.36641221374046,2.36259541984733,0.00381679389312977,0.0114503816793893,90131.5,1.55725190839695,1.3206106870229
"1542",2005,10,12.7863247863248,27.4786324786325,0.623931623931624,0,0,15.982905982906,3.03418803418803,15.7179487179487,4.20512820512821,0.495726495726496,1.13675213675214,18.7350427350427,13.017094017094,1.68376068376068,1.52991452991453,26.4700854700855,6.46153846153846,12.8547008547009,28.1367521367521,2.61538461538462,1,2.69230769230769,0.00854700854700855,0,100059.803418803,1.62393162393162,1.27350427350427
"1543",2005,11,96.75,96.75,0.772727272727273,0,0,10,1,13.8181818181818,4.29545454545455,0.545454545454545,1.09090909090909,16.2727272727273,11.6590909090909,2.25,1.04545454545455,29.6363636363636,6.84090909090909,96.75,96.75,2.70454545454545,1,2.52272727272727,0,0.0227272727272727,110023.090909091,1.29545454545455,1.13636363636364
"1544",2005,12,28.5280226700252,42.4801637279597,0.473551637279597,0.0399874055415617,0.0311712846347607,753.509445843829,71.088161209068,15.5166876574307,4.03778337531486,0.344773299748111,1.10768261964736,15.389483627204,13.4140428211587,1.93734256926952,1.92474811083123,28.7553526448363,6.49874055415617,28.1013853904282,42.0088161209068,2.74716624685139,1.4080604534005,1.91152392947103,0.00346347607052897,0.000944584382871536,121611.909005038,1.57115869017632,1.1646725440806
"1545",2005,13,17.1238938053097,31.9393173198483,0.775600505689001,0.447534766118837,0.438053097345133,592.244627054362,142.154867256637,15.7149178255373,4,0.297092288242731,1.0929203539823,18.9431099873578,13.0208596713021,1.62515802781289,1.8078381795196,29.7781289506953,6.72819216182048,16.8002528445006,32.0461441213654,2.58280657395702,1.77307206068268,2.48925410872314,0.00252844500632111,0.00632111251580278,130793.771175727,1.5865992414665,1.14917825537295
"1546",2005,15,12.7441860465116,29.2248062015504,0.255813953488372,0.155038759689922,0,4546.85271317829,3.46511627906977,17.2790697674419,4.26356589147287,0.682170542635659,1.08527131782946,17.3953488372093,15.5426356589147,2.23255813953488,1.17829457364341,28.9457364341085,6.93023255813953,13.4341085271318,27.1240310077519,2.48837209302326,1,1.98449612403101,0,0.0155038759689922,150065.410852713,1.37209302325581,1.2093023255814
"1547",2005,16,14.2222222222222,30.7572016460905,1.22222222222222,0.497942386831276,0.407407407407407,138.358024691358,37.0164609053498,16.3004115226337,4.32510288065844,0.292181069958848,1.13168724279835,17.8477366255144,14.0411522633745,1.60082304526749,1.67078189300412,28.2057613168724,7.12757201646091,12.4855967078189,27.8271604938272,2.37860082304527,1,2.49794238683128,0.00411522633744856,0.226337448559671,160122,1.39094650205761,1.32921810699588
"1548",2005,17,11.7031630170316,96.1443633414436,0.584752635847526,0.0470397404703974,0,1916.38118410381,88.2311435523114,15.5628548256285,4.10300081103001,0.489862124898621,1.10543390105434,17.367396593674,12.0575831305758,1.83698296836983,1.57096512570965,28.7461476074615,6.86536901865369,11.6991078669911,28.6236820762368,2.56934306569343,1.8110300081103,2.20519059205191,0.0056772100567721,0.0154095701540957,170636.050283861,1.57339821573398,1.27412814274128
"1549",2005,18,13.6046783625731,30.1087719298246,0.421052631578947,0,0,623.163742690058,87.753216374269,15.5766081871345,4.25029239766082,0.329824561403509,1.09707602339181,19.4093567251462,13.0538011695906,1.56959064327485,1.5812865497076,29.3847953216374,6.56023391812866,13.2421052631579,30.3953216374269,2.43391812865497,4.41052631578947,3.23625730994152,0.00701754385964912,0,180431.680701754,1.54385964912281,1.26900584795322
"1550",2005,19,13.7613065326633,29.3090452261307,0.148241206030151,0,0,1118.391959799,104.3391959799,15.6180904522613,4.21608040201005,0.21608040201005,1.13065326633166,14.6809045226131,12.9723618090452,1.65829145728643,1.65075376884422,28.4673366834171,6.71859296482412,13.8140703517588,28.6482412060301,2.47236180904523,1.59045226130653,2.05778894472362,0.0050251256281407,0.0251256281407035,190202.811557789,1.50502512562814,1.30904522613065
"1551",2005,20,12.1822916666667,28.203125,0.471354166666667,0,0,1149.90885416667,110.734375,15.25,4.09635416666667,0.341145833333333,1.11458333333333,15.6171875,12.4140625,1.69010416666667,1.67708333333333,26.65625,6.5234375,12.078125,28.3515625,2.42708333333333,1.4609375,2.125,0.00260416666666667,0.0078125,200197.802083333,1.50520833333333,1.265625
"1552",2005,21,25.9706214689266,39.7514124293785,0.306214689265537,0,0,759.18418079096,118.206779661017,15.4485875706215,4.12768361581921,0.324293785310734,1.11299435028249,21.7502824858757,13.0757062146893,1.64180790960452,1.50621468926554,27.8406779661017,6.8361581920904,25.8056497175141,39.2350282485876,2.37627118644068,1.3774011299435,2.39774011299435,0.00112994350282486,0,210443,1.49491525423729,1.25875706214689
"1553",2005,22,13.6215596330275,30.2155963302752,0.775229357798165,0.262614678899083,0.232798165137615,375.356651376147,62.0412844036697,15.5516055045872,4.09862385321101,0.35894495412844,1.10435779816514,17.6720183486239,13.5493119266055,1.84633027522936,1.72133027522936,28.3772935779816,6.65825688073395,13.7534403669725,29.4908256880734,2.66857798165138,1.93004587155963,3.0802752293578,0.00229357798165138,0.00114678899082569,220439.322247706,1.53784403669725,2.10206422018349
"1554",2005,23,12.5960264900662,28.5165562913907,0.887417218543046,0,0,5772.90066225166,15.8609271523179,14.8609271523179,4.11258278145695,0.337748344370861,1.11920529801324,20.9801324503311,12.5827814569536,1.70198675496689,1.66887417218543,29.1523178807947,6.77483443708609,12.4304635761589,29.7880794701987,2.35099337748344,1,2.52317880794702,0.00662251655629139,0,230076,1.49006622516556,1.33112582781457
"1555",2005,24,98.8561525129983,98.844020797227,0.478336221837088,0.17157712305026,0.17157712305026,329.953206239168,50.419410745234,15.1958405545927,4.24956672443674,0.433275563258232,1.06412478336222,17.4592720970537,12.2928942807626,1.90467937608319,1.71923743500867,28.6221837088388,6.93587521663778,98.8544194107452,98.9306759098787,2.58058925476603,1,2.18544194107452,0.00519930675909879,0.00693240901213172,240289.100519931,1.56672443674177,1.18370883882149
"1556",2005,25,74.1318944844125,78.8201438848921,1.67146282973621,0.522781774580336,0.474820143884892,790.134292565947,17.4556354916067,15.7386091127098,4.27338129496403,0.297362110311751,1.05755395683453,19.1103117505995,12.3812949640288,1.89928057553957,1.50599520383693,27.9232613908873,6.82254196642686,74.0647482014388,79.2829736211031,2.30215827338129,1,2.24940047961631,0,0,250209.973621103,1.43645083932854,1.44124700239808
"1557",2005,26,41.0368932038835,52.2407766990291,3.91359223300971,0.0194174757281553,0,768.622330097087,101.054368932039,15.6038834951456,4.16601941747573,0.367961165048544,1.09611650485437,16.9864077669903,12.8611650485437,1.84563106796116,2.1873786407767,29.152427184466,6.9126213592233,38.5,50.1941747572816,2.6126213592233,1.2631067961165,2.45825242718447,0.0058252427184466,0,260518.150485437,1.5873786407767,1.38349514563107
"1558",2005,27,37.18,48.14,0.436,0.198,0.198,1367.024,86.52,15.06,4.242,0.444,1.118,15.87,12.406,1.662,1.932,29.54,6.794,30.876,43.242,2.486,1.478,2.546,0.014,0.006,270252.746,1.542,1.336
"1559",2005,28,12.9738095238095,22.7535714285714,0.00357142857142857,0,0,282.140476190476,79.5571428571429,15.8964285714286,4.30119047619048,0.303571428571429,1.10833333333333,19.6261904761905,12.3440476190476,1.66428571428571,0.952380952380952,29.4440476190476,6.74047619047619,14.3166666666667,23.9619047619048,2.2452380952381,2.35,3.625,0,0.00238095238095238,280420.554761905,1.38452380952381,1.18809523809524
"1560",2005,29,50.6186213070725,59.7188898836168,0.798567591763653,0.0957923008057296,0,1592.48791405551,128.029543419875,15.762757385855,4.23455684870188,0.446732318710833,1.12533572068039,19.3831692032229,13.5344673231871,1.61504028648165,1.26230975828111,27.9283795881826,6.56938227394807,50.5353625783348,59.3634735899731,2.51924798567592,1.82542524619517,2.51208594449418,0.0044762757385855,0,290566.285586392,1.49597135183527,1.19247985675918
"1561",2005,30,14.1473214285714,31.3348214285714,0.790178571428571,0,0,76.09375,58.7767857142857,15.1339285714286,4.19642857142857,0.758928571428571,1.12053571428571,12.59375,12.7723214285714,1.66964285714286,0.799107142857143,26.9776785714286,6.54464285714286,14.1473214285714,29.2633928571429,2.29464285714286,1.11160714285714,2.50892857142857,0,0.415178571428571,300112.5,1.28125,1.33482142857143
"1562",2005,31,17.5210084033613,28.5924369747899,0,0,0,762.394957983193,85.5378151260504,15.7647058823529,4.17226890756303,0.336134453781513,1.15966386554622,12.4033613445378,15.8697478991597,1.75210084033613,1.82773109243697,31.0168067226891,6.96218487394958,17.063025210084,28.7647058823529,2.55042016806723,3.38235294117647,2.22268907563025,0,0,310119.5,1.55042016806723,1.40756302521008
"1563",2005,32,28.1503957783641,41.6912928759894,1.12664907651715,0.0369393139841689,0,36.4379947229551,18.0738786279683,15.5646437994723,4.12664907651715,0.406332453825858,1.12664907651715,13.5171503957784,12.4854881266491,1.93403693931398,1.65963060686016,29.1583113456464,7.30606860158311,20.1503957783641,36.3746701846966,2.6622691292876,1.35620052770449,2.57519788918206,0.00263852242744063,0.00527704485488127,320190.781002639,1.54353562005277,1.15831134564644
"1564",2005,33,13.3782051282051,30.6217948717949,0.641025641025641,0,0,272.198717948718,11.3461538461538,15.0064102564103,4.37820512820513,0.397435897435897,1.06410256410256,22.0512820512821,13.5769230769231,1.66666666666667,1.19230769230769,28.5448717948718,6.8525641025641,12.8461538461538,29.0705128205128,2.15384615384615,1,2.71794871794872,0,0,330078.5,1.45512820512821,1.30769230769231
"1565",2005,34,98.4985507246377,98.6028985507246,0.543478260869565,0.28695652173913,0.28695652173913,1278.83333333333,18.7971014492754,15.9376811594203,4.14057971014493,0.398550724637681,1.08260869565217,18.031884057971,12.4449275362319,1.94202898550725,1.3695652173913,29.0869565217391,6.97971014492754,98.7420289855072,98.8072463768116,2.6695652173913,1.06376811594203,2.39130434782609,0.00434782608695652,0.0144927536231884,340371.379710145,1.53188405797101,1.19710144927536
"1566",2005,35,97.8214285714286,97.8214285714286,1.9547619047619,1.65,1.65,132.619047619048,28,16.5571428571429,4.06904761904762,0.466666666666667,1.16190476190476,10.1404761904762,12.7714285714286,1.67619047619048,1.17857142857143,26.9690476190476,7.06666666666667,97.8214285714286,97.8214285714286,2.69047619047619,2.81428571428571,2.33571428571429,0.00238095238095238,0.235714285714286,350217.447619048,1.38809523809524,1.09761904761905
"1567",2005,36,44.6456456456456,54.8843843843844,0.675675675675676,0.222972972972973,0.222972972972973,3456.75075075075,65.536036036036,15.3460960960961,4.14264264264264,0.310810810810811,1.07657657657658,18.2334834834835,12.9061561561562,1.87837837837838,1.28003003003003,28.7665165165165,6.81531531531532,42.9557057057057,53.5818318318318,2.51576576576577,1.48648648648649,2.45195195195195,0.00375375375375375,0.00600600600600601,360668.33033033,1.42792792792793,1.2515015015015
"1568",2005,37,52.5500705218618,61.7115655853314,0.441466854724965,0.0141043723554302,0,711.176304654443,100.070521861777,15.892101551481,4.15021156558533,0.399153737658674,1.09097320169252,19.0366713681241,13.1036671368124,1.7228490832158,1.52609308885755,28.5775740479549,6.70874471086037,52.0952045133992,61.1734837799718,2.48095909732017,1.41114245416079,1.79971791255289,0.00352609308885755,0,370711.270803949,1.51128349788434,1.18970380818054
"1569",2005,38,13.3904761904762,31.9714285714286,0.333333333333333,0.133333333333333,0,230.809523809524,55.8952380952381,15.6761904761905,4.18095238095238,0.685714285714286,1.17142857142857,11.2,11.1428571428571,1.67619047619048,1.17142857142857,24.0571428571429,6.84761904761905,13.4095238095238,31.2952380952381,2.11428571428571,3.0952380952381,2.2952380952381,0,0.4,380054.733333333,1.27619047619048,1.18095238095238
"1570",2005,39,19.0367947669665,32.4366312346688,0.253475061324612,0.0163532297628782,0,1566.57890433361,83.2698282910875,15.4897792313982,4.18397383483238,0.441537203597711,1.0801308258381,20.0130825838103,12.8062142273099,1.74816026165168,2.09484873262469,28.9950940310711,6.68192968111202,20.1005723630417,32.8495502861815,2.52166802943581,1.33033524121014,2.34587080948487,0.00327064595257563,0.00327064595257563,390621.098119379,1.58871627146361,1.2812755519215
"1571",2005,40,53.6469760900141,61.9240506329114,0.635724331926864,0.139240506329114,0.139240506329114,1102.84247538678,86.5893108298172,15.8790436005626,4.21800281293952,0.376933895921238,1.12939521800281,19.3586497890295,12.9184247538678,1.63150492264416,1.37552742616034,27.6174402250352,7.21097046413502,52.9212376933896,61.210970464135,2.50914205344585,1.12376933895921,2.39803094233474,0.00140646976090014,0.0070323488045007,400357.386779184,1.50492264416315,1.18002812939522