"","YEAR","STATE","ARR_HOUR","ARR_MIN","CF1","CF2","CF3","CITY","COUNTY","DAY","DAY_WEEK","DRUNK_DR","FATALS","HARM_EV","HOUR","LGT_COND","MAN_COLL","MINUTE","MONTH","NOT_HOUR","NOT_MIN","PERSONS","RAIL","REL_ROAD","SCH_BUS","SP_JUR","ST_CASE","VE_FORMS","WEATHER"
"1572",2005,41,16.1828442437923,31.5575620767494,0.706546275395034,0.0496613995485327,0,361.119638826185,35.6636568848758,15.4604966139955,4.02257336343115,0.44920993227991,1.09932279909707,16.410835214447,15.1060948081264,1.82167042889391,1.8352144469526,29.9029345372461,6.70654627539503,14.3318284424379,30.2302483069977,2.57562076749436,1,2.57110609480813,0.00225733634311512,0.0767494356659142,410228.525959368,1.55304740406321,1.8058690744921
"1573",2005,42,61.0754843019372,68.499665998664,0.519038076152305,0.0774883099532398,0.0661322645290581,1730.83433533734,62.4515698062792,15.4001336005344,4.1937207748831,0.424849699398798,1.07949231796927,20.8891115564462,12.9632598530394,1.85170340681363,1.68203072812291,28.0741482965932,6.65063460253841,61.0801603206413,68.3660654642619,2.43486973947896,1.20841683366733,2.75283901135605,0.00601202404809619,0.0133600534402138,420749.59251837,1.52638610554442,1.39412157648631
"1574",2005,44,13.4,29.075,1.2125,0,0,152.9625,6.625,15.6625,4.25,0.5,1.0875,20.9,13.1625,2,1.15,28.9125,6.75,13.325,29.0875,2.55,1,2.6375,0,0,440040.5,1.4125,1.3875
"1575",2005,45,99,99,0.0693170234454638,0,0,192.220183486239,48.1376146788991,15.1896024464832,4.22222222222222,0.471967380224261,1.11518858307849,21.2283384301733,12.4984709480122,1.74719673802243,1.68603465851172,27.3037716615698,6.49745158002039,99,99,2.45565749235474,1.9592252803262,2.31498470948012,0.00407747196738022,0,450492.099898063,1.45463812436289,1.19164118246687
"1576",2005,46,31.9556962025316,41.9050632911392,0.215189873417722,0,0,363.462025316456,79.3037974683544,14.379746835443,4.32278481012658,0.588607594936709,1.17721518987342,11.0696202531646,13.7974683544304,1.85443037974684,1.14556962025316,26.8924050632911,6.89873417721519,31.3164556962025,40.9873417721519,2.68354430379747,1.89240506329114,2.40506329113924,0,1.13924050632911,460079.746835443,1.43037974683544,1.87341772151899
"1577",2005,47,94.2678725236865,95.4470284237726,0.747631352282515,0.111111111111111,0.0852713178294574,599.179155900086,98.4366925064599,15.9422911283376,4.23600344530577,0.278208440999139,1.09388458225668,21.2558139534884,15.7080103359173,1.74332472006891,1.46942291128338,30.0051679586563,6.61584840654608,94.28165374677,95.244616709733,2.4306632213609,1.2093023255814,2.74418604651163,0.00344530577088717,0.00172265288544358,470582.857881137,1.5099052540913,1.22049956933678
"1578",2005,48,10.0414937759336,21.1768273220555,0.744334503670603,0.046600702202362,0.004787743376955,1766.10086179381,235.141398021066,15.5624002553463,4.12575805936802,0.356208107245452,1.12863070539419,15.8314714331312,12.4650494733482,1.81998084902649,1.62208745611235,27.7519948930737,6.65432492818385,10.0724545164379,21.0060644749441,2.75933609958506,1.62910947973189,2.27066709224386,0.001595914458985,0,481574.72518353,1.53686562400255,1.12926907117778
"1579",2005,49,25.8553191489362,39.263829787234,0.268085106382979,0,0,1006.68936170213,32.4808510638298,16.0382978723404,4.16170212765957,0.123404255319149,1.2,10.2510638297872,13.1957446808511,1.60851063829787,1.56595744680851,27.5914893617021,6.96595744680851,23.263829787234,36.8297872340426,2.97872340425532,2.38297872340426,2.21276595744681,0.00425531914893617,0,490118.434042553,1.54468085106383,1.37872340425532
"1580",2005,50,11.7647058823529,29.4705882352941,1.07352941176471,0,0,662.220588235294,16.0588235294118,14.8970588235294,4.05882352941176,0.632352941176471,1.07352941176471,21.7058823529412,14.3823529411765,1.48529411764706,1.27941176470588,31,7.07352941176471,11.5735294117647,31.1764705882353,2.25,1,2.32352941176471,0,0,500034.5,1.5,1.27941176470588
"1581",2005,51,99,99,0.648401826484018,0.356164383561644,0.339041095890411,236.972602739726,180.562785388128,15.5719178082192,4.13584474885845,0.40296803652968,1.0810502283105,20.2020547945205,13.0148401826484,1.75684931506849,1.19406392694064,28.1495433789954,7.10958904109589,99,99,2.16438356164384,1,2.39840182648402,0.0091324200913242,0.0114155251141553,510442.985159817,1.42351598173516,1.15867579908676
"1582",2005,53,44.0155172413793,53.9775862068966,0.653448275862069,0,0,462.793103448276,43.8862068965517,15.7448275862069,4.12241379310345,0.551724137931034,1.11896551724138,18.3103448275862,12.3310344827586,1.8,1.36206896551724,28.7534482758621,6.83965517241379,42.298275862069,53.5034482758621,2.56896551724138,1.15344827586207,2.76379310344828,0.00517241379310345,0.163793103448276,530297.64137931,1.48620689655172,1.32413793103448
"1583",2005,54,12.6023054755043,30.3400576368876,1.82708933717579,0.181556195965418,0,341.71757925072,51.2420749279539,15.4668587896254,4.32276657060519,0.478386167146974,1.07780979827089,19.8414985590778,15.7809798270893,1.59654178674352,1.2478386167147,31.2363112391931,6.82132564841499,12.4409221902017,29.7896253602305,2.4178674351585,1.28530259365994,2.57636887608069,0,0,540176.590778098,1.44668587896254,1.28242074927954
"1584",2005,55,16.9187675070028,33.3613445378151,0.494397759103641,0.0476190476190476,0.0266106442577031,658.036414565826,73.0812324929972,15.2240896358543,4.203081232493,0.546218487394958,1.14145658263305,18.1190476190476,16.5182072829132,1.81792717086835,1.57703081232493,32.1918767507003,6.92156862745098,14.2675070028011,30.8053221288515,2.49159663865546,1.54621848739496,2.36554621848739,0.00140056022408964,0.0350140056022409,550357.5,1.48879551820728,1.51820728291317
"1585",2005,56,16.1224489795918,32,1.06122448979592,0,0,54.0816326530612,22.9183673469388,15.5986394557823,3.95238095238095,0.625850340136054,1.15646258503401,13.1292517006803,12.7414965986395,1.62585034013605,1.17687074829932,25.3265306122449,6.54421768707483,15.0952380952381,30.5714285714286,2.29931972789116,1,2.63945578231292,0,0.129251700680272,560074,1.3265306122449,1.39455782312925
"1586",2006,1,13.7614165890028,29.215284249767,1.45386766076421,0.663560111835974,0.645852749301025,517.464119291706,74.5489282385834,15.7595526561044,4.18173345759553,0.301957129543336,1.12488350419385,20.9291705498602,12.4920782851817,1.71295433364399,1.37092264678472,27.547064305685,6.45945945945946,38.4734389561976,49.5806150978565,2.44175209692451,3.0829450139795,2.39701770736254,0.00559179869524697,0.0167753960857409,10540.0521901212,1.4762348555452,1.16029822926375
"1587",2006,2,15.4225352112676,30.6338028169014,0.661971830985915,0,0,1116.35211267606,102.647887323944,14.7887323943662,4.32394366197183,0.422535211267606,1.04225352112676,13.5070422535211,16.6056338028169,2.05633802816901,1.32394366197183,28.6619718309859,6.80281690140845,14.4084507042254,27.5492957746479,2.52112676056338,2,2.07042253521127,0,0.0704225352112676,20036.2253521127,1.56338028169014,1.53521126760563
"1588",2006,4,41.1198568872987,52.6887298747764,6.94901610017889,6.21198568872987,6.19856887298748,201.795169946333,14.525939177102,15.169946332737,4.04114490161002,0.464221824686941,1.15652951699463,17.0724508050089,14.9633273703041,2.43023255813953,3.86046511627907,34.4427549194991,6.44364937388193,36.4695885509839,49.2316636851521,3.01162790697674,2.72540250447227,7.64221824686941,0.00268336314847943,0.584078711985689,40566.4740608229,1.54830053667263,1.72182468694097
"1589",2006,5,14.5,27.2214765100671,0.498322147651007,0.0100671140939597,0,964.431208053691,77.4597315436242,15.1342281879195,4.20469798657718,0.36744966442953,1.11577181208054,18.9496644295302,13.2768456375839,1.57885906040268,1.32885906040268,27.3221476510067,6.40604026845638,14.1627516778523,26.251677852349,2.41946308724832,4.00671140939597,2.59563758389262,0,0,50299.7332214765,1.48657718120805,1.18791946308725
"1591",2006,8,46.8329896907216,56.0247422680412,0.890721649484536,0.0329896907216495,0,386.00206185567,55.0659793814433,15.340206185567,4.10927835051546,0.597938144329897,1.10309278350515,14.8536082474227,12.639175257732,1.83298969072165,1.24536082474227,26.9649484536082,6.7340206185567,41.420618556701,51.7237113402062,2.62268041237113,3.08659793814433,2.30309278350515,0.00206185567010309,0.0288659793814433,80243.375257732,1.49278350515464,1.2
"1592",2006,9,35.6928327645051,48.8566552901024,0.696245733788396,0,0,432.38566552901,6.44027303754266,15.740614334471,4.15358361774744,0.426621160409556,1.06143344709898,20.1331058020478,12.2081911262799,2.02389078498294,1.97952218430034,28.9897610921502,6.34470989761092,30.4232081911263,44.0238907849829,2.47440273037543,2,2.41296928327645,0.0068259385665529,0,90147,1.54266211604096,1.33105802047782
"1593",2006,10,15.3383458646617,31.1578947368421,0.451127819548872,0,0,113.601503759398,3.09774436090226,15.0075187969925,4.20300751879699,0.368421052631579,1.11278195488722,15.6992481203008,13.8872180451128,1.54887218045113,1.47368421052632,27.5263157894737,6.57142857142857,14.6766917293233,27.6917293233083,2.45864661654135,2,2.49624060150376,0.0075187969924812,0,100067.932330827,1.54887218045113,1.07518796992481
"1594",2006,11,99,99,1.72727272727273,0,0,10,1,16.7878787878788,3.78787878787879,0.454545454545455,1.12121212121212,13.2121212121212,11.8484848484848,2.09090909090909,1.54545454545455,29.4242424242424,5.72727272727273,99,99,2.75757575757576,7.72727272727273,1.48484848484848,0,0,110020.939393939,1.48484848484848,1.03030303030303
"1595",2006,12,29.686038961039,42.8107142857143,0.685064935064935,0.00974025974025974,0,839.971428571429,70.8457792207792,15.7633116883117,4.06980519480519,0.333766233766234,1.08993506493506,15.374025974026,13.4477272727273,1.93181818181818,1.80292207792208,28.7493506493506,6.42045454545455,30.3253246753247,43.7659090909091,2.70519480519481,2.21623376623377,1.84512987012987,0.00487012987012987,0.00584415584415584,121569.368181818,1.56558441558442,1.14220779220779
"1596",2006,13,16.4964675658317,31.1695568400771,0.690430314707771,0.136159280667951,0.127167630057803,627.137443802184,138.530507385999,15.4200385356455,4.14001284521516,0.322414900449583,1.08734746307001,19.1400128452152,13.1438664097624,1.69171483622351,1.75786769428388,29.791265253693,6.59922928709056,15.6005138086063,30.4829800899165,2.57096981374438,2.48554913294798,2.88053949903661,0.00385356454720617,0.00128452151573539,130795.764932563,1.5606936416185,1.16634553628773
"1597",2006,15,13.5347222222222,28.5902777777778,0.395833333333333,0,0,4831.61805555556,3.625,17.0694444444444,4.29861111111111,0.631944444444444,1.11805555555556,17.4305555555556,10.9444444444444,2.25,1.36805555555556,28.1111111111111,6.31944444444444,13.3333333333333,31.2847222222222,2.56944444444444,2,1.93055555555556,0,0.0138888888888889,150073.479166667,1.41666666666667,1.24305555555556
"1598",2006,16,12.8744769874477,29.0083682008368,1.34309623430962,0.414225941422594,0.414225941422594,133.443514644351,38.1129707112971,15.5397489539749,4.53556485355648,0.397489539748954,1.11715481171548,16.7238493723849,14.1297071129707,1.69456066945607,1.66108786610879,29.2928870292887,6.75732217573222,11.6401673640167,28.5481171548117,2.43933054393305,3.96234309623431,2.49372384937239,0,0.246861924686192,160120.585774059,1.38912133891213,1.27615062761506
"1599",2006,17,11.9137323943662,96.481514084507,0.513204225352113,0.000880281690140845,0,1811.12676056338,89.5457746478873,15.5580985915493,4.09507042253521,0.53080985915493,1.10387323943662,18.1786971830986,12.1857394366197,1.84859154929577,1.81073943661972,28.7957746478873,6.60387323943662,11.9128521126761,29.3617957746479,2.57130281690141,2.71302816901408,2.49031690140845,0.00176056338028169,0.00704225352112676,170584.48943662,1.52288732394366,1.26496478873239
"1600",2006,18,13.0865853658537,30.1463414634146,0.603658536585366,0.0195121951219512,0,2890.99512195122,88.6780487804878,15.7682926829268,4.01951219512195,0.321951219512195,1.1,19.1280487804878,12.2792682926829,1.60853658536585,1.63048780487805,28.2,6.78780487804878,12.5707317073171,29.7329268292683,2.46585365853659,4.53536585365854,3.20731707317073,0.00365853658536585,0,180417.362195122,1.53292682926829,1.20243902439024
"1601",2006,19,12.2564766839378,28.0751295336788,0.0518134715025907,0,0,1010.47668393782,102.720207253886,14.6554404145078,4.20466321243523,0.256476683937824,1.13730569948187,14.8575129533679,12.8031088082902,1.68911917098446,1.96891191709845,29.1450777202073,7.02072538860104,12.2512953367876,27.3989637305699,2.39896373056995,3.00518134715026,2.1139896373057,0,0,190196.160621762,1.50777202072539,1.22279792746114
"1602",2006,20,12.0725995316159,27.3419203747073,0.306791569086651,0,0,1318.86416861827,115.3981264637,14.9882903981265,4.25058548009368,0.318501170960187,1.096018735363,16.9250585480094,13.3911007025761,1.69555035128806,1.81030444964871,28.480093676815,6.72599531615925,12.248243559719,28.0819672131148,2.36768149882904,3.22014051522248,2.30444964871194,0.00702576112412178,0,200222.901639344,1.47072599531616,1.12646370023419
"1603",2006,21,21.9641577060932,36.0047789725209,0.162485065710872,0,0,763.327359617682,121.00238948626,15.3548387096774,4.11589008363202,0.29868578255675,1.09080047789725,20.4695340501792,12.8590203106332,1.67383512544803,1.49940262843489,27.5937873357228,6.80645161290323,21.9617682198327,36.2556750298686,2.33572281959379,2.80167264038232,2.30704898446834,0.003584229390681,0,210419,1.5089605734767,1.22939068100358
"1604",2006,22,14.3089887640449,30.5224719101124,0.465168539325843,0.00786516853932584,0,385.95393258427,61.7348314606742,15.1887640449438,4.05955056179775,0.412359550561798,1.10898876404494,19.5348314606742,12.7258426966292,1.8561797752809,1.56516853932584,27.3516853932584,6.53483146067416,13.9955056179775,29.8719101123596,2.47752808988764,2.89101123595506,2.5685393258427,0.00449438202247191,0,220469.339325843,1.50224719101124,1.24157303370787
"1605",2006,23,13.1052631578947,29.0058479532164,0.12280701754386,0,0,4884.3216374269,15.3976608187135,15.8888888888889,4.37426900584795,0.368421052631579,1.09941520467836,21.7836257309942,12.6666666666667,1.59649122807018,0.964912280701754,27.2982456140351,6.78362573099415,13.2397660818713,28.3801169590643,2.27485380116959,3.10526315789474,1.91812865497076,0.00584795321637427,0,230087.994152047,1.43859649122807,1.29239766081871
"1606",2006,24,99,99,0.267676767676768,0,0,484.969696969697,56.8720538720539,15.2794612794613,4.12121212121212,0.44949494949495,1.0976430976431,18.1599326599327,12.3535353535354,1.91245791245791,1.51010101010101,29.8535353535354,6.64814814814815,99,99,2.45959595959596,2,2.47979797979798,0.00336700336700337,0.00673400673400673,240299.235690236,1.57744107744108,1.13636363636364
"1607",2006,25,95.8833746898263,96.4367245657568,1.0893300248139,0.0347394540942928,0,822.178660049628,16.0719602977668,15.4937965260546,4.07196029776675,0.359801488833747,1.06451612903226,20.5334987593052,12.424317617866,1.92555831265509,2.07940446650124,28.8957816377171,6.95781637717122,95.8759305210918,96.7295285359802,2.18114143920596,2,3.13895781637717,0.00248138957816377,0.00744416873449132,250206.290322581,1.41687344913151,1.58808933002481
"1608",2006,26,41.8725099601594,52.4482071713147,4.68227091633466,0.0358565737051793,0.0149402390438247,953.641434262948,102.033864541833,16.1434262948207,4.07868525896414,0.399402390438247,1.08167330677291,17.3416334661355,13.2320717131474,1.85159362549801,1.82370517928287,29.5358565737052,6.92629482071713,40.8525896414343,52.3964143426295,2.42828685258964,2.58964143426295,2.61653386454183,0.00298804780876494,0,260511.46314741,1.5199203187251,1.31374501992032
"1609",2006,27,42.7017543859649,53.3377192982456,0.375,0.260964912280702,0.217105263157895,1423.03070175439,83.0964912280702,16.0065789473684,3.97149122807018,0.432017543859649,1.08333333333333,16.0350877192982,12.5855263157895,1.71271929824561,1.90570175438596,28.2390350877193,6.66666666666667,37.3355263157895,47.484649122807,2.40789473684211,3.06359649122807,2.24122807017544,0.0043859649122807,0.0328947368421053,270232.442982456,1.50877192982456,1.29824561403509
"1610",2006,28,14.2032019704434,22.7512315270936,0,0,0,336.990147783251,78.4704433497537,15.3768472906404,4.14655172413793,0.235221674876847,1.12192118226601,18.9704433497537,13.0172413793103,1.70073891625616,1.07142857142857,28.6896551724138,6.39778325123153,14.1182266009852,23.9975369458128,2.3115763546798,3.93472906403941,3.44704433497537,0.00123152709359606,0.0061576354679803,280410.022167488,1.42364532019704,1.13669950738916
"1611",2006,29,49.6900102986612,59.6910401647786,0.710607621009269,0.130792996910402,0,1733.31616889804,131.615859938208,15.9093717816684,4.22966014418126,0.495365602471679,1.12873326467559,18.8383110195675,13.8032955715757,1.66632337796087,1.33882595262616,28.86508753862,6.53964984552008,49.8094747682801,59.3213182286303,2.46549948506694,2.42636457260556,2.46961894953656,0.00411946446961895,0,290493.265705458,1.51390319258496,1.19258496395469
"1612",2006,30,15.273127753304,31.1453744493392,0.202643171806167,0.0881057268722467,0,98.2775330396476,53.0528634361233,14.8898678414097,4.01321585903084,0.784140969162996,1.16299559471366,13.920704845815,13.8810572687225,1.65198237885463,0.889867841409692,27.5859030837004,6.84581497797357,13.6123348017621,30.3788546255507,2.3568281938326,2,2.72246696035242,0,0.502202643171806,300118.039647577,1.31718061674009,1.17621145374449
"1613",2006,31,14.7699115044248,27.070796460177,0.230088495575221,0,0,769.973451327434,86.0442477876106,15.0663716814159,4.0929203539823,0.389380530973451,1.19026548672566,14.8053097345133,15.4955752212389,1.88053097345133,1.75221238938053,31.9070796460177,6.75663716814159,15.283185840708,27.358407079646,2.44247787610619,4.41592920353982,2.1858407079646,0,0,310114.402654867,1.47345132743363,1.43805309734513
"1614",2006,32,19.2098445595855,35.2176165803109,1.09067357512953,0,0,42.5129533678756,14.7642487046632,16.0233160621762,4.03367875647668,0.435233160621762,1.11658031088083,13.5699481865285,12.0647668393782,1.97668393782383,1.59585492227979,28.7279792746114,6.57512953367876,12.7383419689119,29.8704663212435,2.82383419689119,2,1.89378238341969,0.00259067357512953,0.0414507772020725,320195.42746114,1.60103626943005,1.06217616580311
"1615",2006,33,13.0948275862069,30.8103448275862,0.327586206896552,0,0,273.827586206897,11.1034482758621,17.5689655172414,4.27586206896552,0.5,1.0948275862069,21.5603448275862,13.1034482758621,1.58620689655172,1.20689655172414,29.0689655172414,7.45689655172414,13,29.4655172413793,2.27586206896552,2,2.32758620689655,0,0,330060.698275862,1.54310344827586,1.19827586206897
"1616",2006,34,98.6290550070522,98.7136812411848,0.403385049365303,0,0,1791.85190409027,18.9322990126939,15.9266572637518,3.97884344146685,0.420310296191819,1.08744710860367,17.0620592383639,13.0253878702398,1.99294781382228,1.3441466854725,27.7080394922426,6.65867418899859,98.6276445698166,98.7489421720733,2.64739069111425,2.83638928067701,2.09732016925247,0.00423131170662906,0.0225669957686883,340376.393511989,1.53173483779972,1.16643159379408
"1617",2006,35,98.8207547169811,98.8584905660377,0.0919811320754717,0,0,110.02358490566,26.6580188679245,15.3985849056604,3.9811320754717,0.514150943396226,1.14150943396226,13.6556603773585,12.5943396226415,1.64622641509434,2.59905660377358,26.8396226415094,6.58254716981132,98.4103773584906,98.5212264150943,2.68632075471698,3.3372641509434,2.19103773584906,0,0.341981132075472,350213.351415094,1.34905660377358,1.13679245283019
"1618",2006,36,45.0756115641216,55.0815418828762,0.505559673832468,0.146775389177168,0.146775389177168,3462.14306893996,65.2831727205337,15.2979985174203,4.13343217197924,0.292809488510007,1.07783543365456,18.2609340252039,12.3409933283914,1.88361749444033,1.23795404002965,28.3358042994811,6.87472201630838,44.468495181616,55.2186805040771,2.58191252779837,2.42031134173462,2.26167531504818,0.0044477390659748,0.00667160859896219,360687.283172721,1.45885841363973,1.25055596738325
"1619",2006,37,52.0828651685393,61.6158707865169,0.363061797752809,0,0,719.133426966292,102.769662921348,15.7921348314607,4.21348314606742,0.413623595505618,1.09129213483146,20.1425561797753,12.8377808988764,1.65941011235955,1.42275280898876,29.1959269662921,6.55688202247191,51.9950842696629,61.6488764044944,2.48033707865169,2.34199438202247,1.93398876404494,0.000702247191011236,0,370717.887640449,1.48384831460674,1.16783707865169
"1620",2006,38,13.3465346534653,29.4059405940594,0.346534653465347,0,0,101.881188118812,52.5049504950495,17.3366336633663,3.97029702970297,0.544554455445545,1.0990099009901,12.2376237623762,14.2475247524752,1.53465346534653,1.14851485148515,28.2673267326733,6.88118811881188,12.2376237623762,29.5445544554455,2.22772277227723,2,2.48514851485149,0,0.386138613861386,380051,1.32673267326733,1.2970297029703
"1621",2006,39,16.5363716038563,30.0035056967572,0.603856266432954,0.17353198948291,0.17353198948291,1262.37949167397,84.4005258545136,15.6485539000876,4.14811568799299,0.471516213847502,1.08501314636284,20.6862401402279,12.5495179666959,1.7589833479404,1.92112182296231,28.7563540753725,6.74145486415425,17.4031551270815,31.1069237510955,2.4478527607362,2.69237510955302,2.39964943032428,0.007011393514461,0,390586.536371604,1.52585451358457,1.21384750219106
"1622",2006,40,43.6816143497758,55.0657698056801,0.490284005979073,0,0,1026.61434977578,86.6053811659193,15.2047832585949,4.05680119581465,0.373692077727952,1.14349775784753,20.1494768310912,12.6711509715994,1.59641255605381,1.36173393124066,28.8415545590433,6.7339312406577,41.3198804185351,52.8355754857997,2.60687593423019,3.32585949177877,2.3423019431988,0,0.0269058295964126,400339.449925262,1.5321375186846,1.08669656203289
"1623",2006,41,15.0813397129187,30.6363636363636,0.509569377990431,0,0,359.834928229665,36.6459330143541,15.6459330143541,4.01674641148325,0.5311004784689,1.14354066985646,17.2751196172249,15.9808612440191,1.85167464114833,1.08133971291866,30.7129186602871,6.86363636363636,14.3157894736842,30.799043062201,2.5,2.36124401913876,2.45454545454545,0.00239234449760766,0.0334928229665072,410214.076555024,1.43540669856459,1.46172248803828
"1624",2006,42,74.1518807665011,78.9283179559972,1.15755855216466,0.294535131298793,0.281050390347764,1692.64797728886,62.9985805535841,15.4251242015614,4.16607523066004,0.43222143364088,1.08232789212207,21.3243435060326,12.6401703335699,1.84386089425124,1.36834634492548,28.3740241305891,6.6749467707594,73.7068843151171,78.7068843151171,2.3569907735983,2.3527324343506,2.61320085166785,0.0106458481192335,0.021291696238467,420705.826117814,1.48119233498935,1.24201561391057
"1625",2006,44,11.4861111111111,28.1944444444444,0.722222222222222,0,0,155.541666666667,6.41666666666667,15.4444444444444,4.09722222222222,0.652777777777778,1.125,19.8055555555556,11.3611111111111,2.11111111111111,1,30.7777777777778,6.875,11.3888888888889,29.4166666666667,2.19444444444444,2,2.75,0.0138888888888889,0.111111111111111,440036.763888889,1.38888888888889,1.16666666666667
"1626",2006,45,99,99,0.287769784172662,0,0,221.841726618705,48.5827338129496,15.1562178828366,4.26618705035971,0.453237410071942,1.07399794450154,20.5282631038027,12.3381294964029,1.83042137718397,1.37821171634121,27.2343268242549,6.83144912641316,99,99,2.39465570400822,2.94039054470709,2.36896197327852,0.00411099691675231,0,450488.801644399,1.4398766700925,1.14902363823227
"1627",2006,46,30.7558139534884,40.3488372093023,0.587209302325581,0,0,349.005813953488,75.7558139534884,13.6744186046512,4,0.488372093023256,1.11046511627907,12.7732558139535,14.0348837209302,1.76744186046512,1.13953488372093,29.7674418604651,6.83139534883721,29.1976744186047,40.4651162790698,2.23255813953488,2.23837209302326,2.82558139534884,0,0.784883720930233,460086.5,1.37790697674419,1.27325581395349
"1628",2006,47,95.3875968992248,95.5529715762274,0.736434108527132,0,0,613.838931955211,94.8966408268734,15.6520241171404,4.24978466838932,0.32213608957795,1.10594315245478,21.1963824289406,14.5176571920758,1.80361757105943,1.39018087855297,29.7002583979328,6.77950043066322,95.4496124031008,95.9207579672696,2.46511627906977,2.32472006890612,2.53488372093023,0.00258397932816537,0,470591.496124031,1.48923341946598,1.27304048234281
"1629",2006,48,10.1511851377322,20.8648302370275,0.688340807174888,0.00448430493273543,0,1743.30973734785,243.895579756566,15.4762972453555,4.06662395900064,0.319026265214606,1.13100576553491,15.6201153106983,12.413196668802,1.83536194746957,1.58392056374119,28.2629724535554,6.50800768737988,10.1649583600256,20.8411274823831,2.69186418962204,3.02914798206278,2.42504804612428,0.00160153747597694,0,481565.69442665,1.527866752082,1.18353619474696
"1630",2006,49,26.3855421686747,40.0602409638554,0,0,0,1103.10441767068,33.6987951807229,15.9196787148594,4.27309236947791,0.192771084337349,1.15261044176707,11.2088353413655,13.0883534136546,1.73895582329317,1.44176706827309,29.0883534136546,6.83132530120482,23.3092369477912,37.1004016064257,2.66265060240964,2,2.20481927710843,0,0,490126.37751004,1.46586345381526,1.29317269076305
"1631",2006,50,13.8571428571429,30.6363636363636,1.14285714285714,0.337662337662338,0,1132.51948051948,14.2207792207792,17.1818181818182,4.02597402597403,0.480519480519481,1.12987012987013,20.9220779220779,17.5844155844156,1.46753246753247,0.922077922077922,36.4935064935065,5.81818181818182,14.2467532467532,33.8961038961039,2.19480519480519,2,2.62337662337662,0.025974025974026,0.0649350649350649,500040,1.37662337662338,1.46753246753247
"1632",2006,51,99,99,0.757505773672055,0.257505773672055,0.228637413394919,279.161662817552,198.920323325635,15.3868360277136,4.16512702078522,0.420323325635104,1.1108545034642,22.1004618937644,12.3983833718245,1.74826789838337,1.23672055427252,27.1408775981524,6.73210161662818,99,99,2.18591224018476,2,2.4364896073903,0.0023094688221709,0,510446.307159353,1.43879907621247,1.10508083140878
"1633",2006,53,30.1643598615917,42.4861591695502,0.517301038062284,0,0,542.875432525952,44.5190311418685,15.6643598615917,4.03460207612457,0.57439446366782,1.09515570934256,16.7716262975779,12.8719723183391,1.8477508650519,1.42733564013841,28.8512110726644,6.81833910034602,30.0674740484429,42.7283737024221,2.51557093425606,2.08131487889273,2.88581314878893,0,0.115916955017301,530297.794117647,1.49480968858131,1.28719723183391
"1634",2006,54,30.9220430107527,43.3037634408602,1.06720430107527,0.0349462365591398,0,348.301075268817,51.2903225806452,16.3387096774194,4.2258064516129,0.411290322580645,1.10215053763441,20.8440860215054,15.3844086021505,1.70161290322581,1.37365591397849,29.8494623655914,6.52150537634409,30.239247311828,44.3360215053763,2.36559139784946,3.75268817204301,2.49462365591398,0.00268817204301075,0,540196.349462366,1.48118279569892,1.39247311827957
"1635",2006,55,16.4955223880597,31.9462686567164,0.970149253731343,0.0223880597014925,0,785.74328358209,74.1238805970149,15.334328358209,4.02089552238806,0.595522388059701,1.08059701492537,18.8985074626866,15.2805970149254,1.88805970149254,1.51791044776119,31.7567164179104,6.67313432835821,14.5507462686567,31.2432835820896,2.32238805970149,2.61194029850746,2.66119402985075,0.00447761194029851,0.0358208955223881,550336.470149254,1.44029850746269,1.51194029850746
"1636",2006,56,15.810650887574,31.2781065088757,0.497041420118343,0,0,49.5266272189349,22.1479289940828,15.0828402366864,4.26627218934911,0.562130177514793,1.15384615384615,13.8757396449704,13.6331360946746,1.6094674556213,1.36686390532544,28.0828402366864,7.10059171597633,15.1005917159763,29.1952662721894,2.76331360946746,2,2.55029585798817,0,0.201183431952663,560085,1.50887573964497,1.49704142011834
"1637",2007,1,13.839603960396,29.509900990099,1.27920792079208,0.657425742574257,0.588118811881188,584.389108910891,73.5148514851485,15.590099009901,4.22178217821782,0.355445544554455,1.0990099009901,20.1316831683168,12.380198019802,1.68019801980198,1.34158415841584,27.2485148514851,6.54356435643564,55.4138613861386,62.9158415841584,2.41584158415842,4.15544554455446,2.29108910891089,0.00297029702970297,0.00099009900990099,10505.5,1.45643564356436,1.11881188118812
"1638",2007,2,34.7066666666667,44.9333333333333,0.493333333333333,0,0,938.36,105.426666666667,15.6,4.18666666666667,0.48,1.09333333333333,14.4533333333333,15.6933333333333,2.06666666666667,1.85333333333333,29.3333333333333,6.98666666666667,30.1866666666667,40.96,2.62666666666667,3,1.64,0.0133333333333333,0.106666666666667,20038.56,1.54666666666667,1.58666666666667
"1639",2007,4,42.2006302521008,52.3581932773109,3.65231092436975,2.99054621848739,2.91176470588235,197.286764705882,14.5073529411765,15.1418067226891,4.12394957983193,0.503151260504202,1.125,15.0703781512605,14.6302521008403,2.22163865546218,3.33718487394958,35.3813025210084,6.53781512605042,37.7783613445378,49.1439075630252,2.85714285714286,3,4.8813025210084,0.00315126050420168,0.524159663865546,40487.4716386555,1.52941176470588,1.44642857142857