"","YEAR","STATE","ARR_HOUR","ARR_MIN","CF1","CF2","CF3","CITY","COUNTY","DAY","DAY_WEEK","DRUNK_DR","FATALS","HARM_EV","HOUR","LGT_COND","MAN_COLL","MINUTE","MONTH","NOT_HOUR","NOT_MIN","PERSONS","RAIL","REL_ROAD","SCH_BUS","SP_JUR","ST_CASE","VE_FORMS","WEATHER"
"1640",2007,5,12.082332761578,25.21269296741,0.569468267581475,0.169811320754717,0.169811320754717,967.053173241853,78.4545454545455,15.1492281303602,4.1663807890223,0.363636363636364,1.11320754716981,18.6946826758148,13.8181818181818,1.68096054888508,1.44082332761578,27.8696397941681,6.62092624356775,11.2349914236707,24.2572898799314,2.38421955403087,4.52315608919382,2.79931389365352,0,0,50293.3962264151,1.47341337907376,1.28301886792453
"1642",2007,8,50.6240157480315,58.6850393700787,1.34842519685039,0,0,403.844488188976,55.992125984252,15.8110236220472,4.21062992125984,0.588582677165354,1.09055118110236,14.7716535433071,12.4192913385827,1.7755905511811,1.48031496062992,27.5472440944882,6.65748031496063,46.755905511811,55.8011811023622,2.63976377952756,3.3759842519685,2.18897637795276,0,0,80254.5,1.55314960629921,1.34448818897638
"1643",2007,9,34.2416356877323,45.9776951672862,0.706319702602231,0.0520446096654275,0.0557620817843866,447.066914498141,6.71003717472119,16.4609665427509,4.13011152416357,0.546468401486989,1.1003717472119,20.1598513011152,12.9702602230483,1.98513011152416,1.73234200743494,29.1115241635688,6.6728624535316,25.7546468401487,39.0743494423792,2.42379182156134,3,2.38661710037175,0,0.0148698884758364,90135.3643122677,1.52044609665427,1.2639405204461
"1644",2007,10,17.9333333333333,32.5809523809524,0.361904761904762,0,0,14.952380952381,3.2952380952381,14.0666666666667,4.27619047619048,0.485714285714286,1.11428571428571,18.552380952381,12.3809523809524,1.73333333333333,1.35238095238095,26.9238095238095,6.14285714285714,13.1047619047619,29.0952380952381,2.63809523809524,3,2.77142857142857,0.00952380952380952,0,100053.819047619,1.51428571428571,1.22857142857143
"1645",2007,11,93.5,93.5,1.11111111111111,0,0,10,1,14.8611111111111,4.16666666666667,0.666666666666667,1.22222222222222,13.9444444444444,13.9722222222222,2.33333333333333,0.916666666666667,26.5555555555556,6.41666666666667,93.5,93.5,2.61111111111111,3,1.88888888888889,0,0,110018.5,1.33333333333333,1
"1646",2007,12,31.3720693170234,44.2803261977574,0.524634726469589,0.0377166156982671,0.00645599728168536,775.506965681278,70.6371049949032,15.5643900781515,4.11926605504587,0.356439007815155,1.09174311926605,15.6187563710499,13.9884471627591,1.97077811756711,1.63030920829086,29.3625552157662,6.35847774379884,31.9418960244648,44.9622833843017,2.64763846415223,3.28134556574924,1.77811756710839,0.00305810397553517,0.0054366292898403,121508.877675841,1.55181787291879,1.140332993544
"1647",2007,13,17.2432975871314,31.847855227882,0.526809651474531,0.0864611260053619,0.0663538873994638,593.465147453083,141.757372654155,15.642091152815,4.07037533512064,0.304959785522788,1.09986595174263,19.0435656836461,12.8485254691689,1.66621983914209,1.66018766756032,29.7553619302949,6.58378016085791,16.5871313672922,31.3927613941019,2.58176943699732,3.99396782841823,2.84785522788204,0.00201072386058981,0.00871313672922252,130747.31233244,1.54222520107239,1.13069705093834
"1648",2007,15,14.472,33.816,0.096,0,0,4791.296,3.752,14.472,4.184,0.656,1.104,16.144,12.976,1.96,1.176,29.736,6.32,15.064,32.48,2.512,3,2.384,0,0.016,150065.12,1.368,1.168
"1649",2007,16,14.2018348623853,30.848623853211,2.84862385321101,1.89908256880734,1.81651376146789,181.137614678899,41.302752293578,15.5,4.1697247706422,0.389908256880734,1.15596330275229,16.1880733944954,14.5642201834862,1.76146788990826,1.11467889908257,29.1100917431193,6.90825688073395,12.9724770642202,28.6559633027523,2.40366972477064,4.01376146788991,2.60091743119266,0,0.151376146788991,160109.5,1.3348623853211,1.26146788990826
"1650",2007,17,11.9795737122558,96.2761989342806,0.397868561278863,0.00266429840142096,0,1996.21047957371,90.259325044405,15.6181172291297,4.05683836589698,0.536412078152753,1.10834813499112,17.6944937833037,12.1314387211368,1.82326820603908,1.54973357015986,29.0488454706927,6.55772646536412,11.9795737122558,28.7566607460036,2.51065719360568,3.51154529307282,2.3259325044405,0.00266429840142096,0.00710479573712256,170575.708703375,1.51776198934281,1.36234458259325
"1651",2007,18,12.6542288557214,29.9676616915423,0.610696517412935,0.0360696517412935,0,2847.35945273632,87.1393034825871,15.8383084577114,4.11318407960199,0.291044776119403,1.11691542288557,19.3756218905473,12.4266169154229,1.63059701492537,1.6181592039801,29.6592039800995,6.50124378109453,12.7649253731343,30.2300995024876,2.47388059701493,5.47636815920398,3.25497512437811,0.00746268656716418,0,180415.407960199,1.54228855721393,1.24378109452736
"1652",2007,19,12.6513994910941,28.1145038167939,0.152671755725191,0,0,971.575063613232,109.900763358779,16.4961832061069,4.18320610687023,0.249363867684478,1.13486005089059,14.7506361323155,12.3994910941476,1.66412213740458,1.51399491094148,28.676844783715,6.86005089058524,12.5547073791349,27.1984732824427,2.45801526717557,4.04580152671756,2.23918575063613,0.00508905852417303,0,190200.295165394,1.47328244274809,1.30025445292621
"1653",2007,20,13.3667546174142,29.0474934036939,0.688654353562005,0,0,1162.07124010554,115.44327176781,15.8284960422164,4.35620052770449,0.327176781002639,1.0976253298153,16.0686015831135,14.5725593667546,1.66490765171504,1.844327176781,28.5620052770449,6.83641160949868,13.2348284960422,28.5540897097625,2.65699208443272,3.44063324538259,2.29551451187335,0,0.0105540897097625,200192.226912929,1.64643799472296,1.41688654353562
"1654",2007,21,22.4545454545455,36.3051058530511,0.250311332503113,0,0,725.077210460772,124.865504358655,15.6936488169365,4.0560398505604,0.323785803237858,1.07596513075965,21.2303860523039,13.0622665006227,1.61394769613948,1.36612702366127,28.6002490660025,6.63387297633873,22.3686176836862,36.2403486924035,2.36363636363636,3.72353673723537,2.46201743462017,0.0024906600249066,0.0024906600249066,210402.442092154,1.47945205479452,1.17310087173101
"1655",2007,22,17.4811111111111,33.4222222222222,0.7,0.0311111111111111,0,491.461111111111,63.0888888888889,15.6766666666667,4.04444444444444,0.442222222222222,1.10333333333333,19.2977777777778,14.18,1.89222222222222,1.22888888888889,28.3255555555556,6.62555555555556,17.4388888888889,33.1733333333333,2.39555555555556,3.90666666666667,2.84555555555556,0.00333333333333333,0,220451.511111111,1.45222222222222,1.18222222222222
"1656",2007,23,14.8647058823529,32.6705882352941,0.329411764705882,0,0,5193.92941176471,15.4705882352941,15.4058823529412,4.02352941176471,0.447058823529412,1.07647058823529,22.0470588235294,12.4058823529412,1.81176470588235,0.929411764705882,31.0235294117647,6.90588235294118,14.9705882352941,35.0705882352941,2.21176470588235,3.97647058823529,2.22941176470588,0.0117647058823529,0.0176470588235294,230088.517647059,1.36470588235294,1.21176470588235
"1657",2007,24,99,99,0.652329749103943,0.236559139784946,0.17741935483871,394.917562724014,60.0035842293907,15.9605734767025,4.12365591397849,0.474910394265233,1.10035842293907,18.7939068100358,12.9569892473118,1.93010752688172,1.38530465949821,29.163082437276,6.82974910394265,99,99,2.43906810035842,3.05555555555556,2.78136200716846,0.003584229390681,0.025089605734767,240280.370967742,1.52150537634409,1.20071684587814
"1658",2007,25,23.9779411764706,38.3897058823529,0.281862745098039,0,0,721.075980392157,16.1029411764706,15.5294117647059,4.05147058823529,0.411764705882353,1.06372549019608,21.8357843137255,12.453431372549,2.3921568627451,2.91666666666667,30.1740196078431,6.30637254901961,23.671568627451,39.671568627451,2.20098039215686,3,2.91176470588235,0.00245098039215686,0,250210.031862745,1.39705882352941,1.93627450980392
"1659",2007,26,43.9616161616162,54.3818181818182,3.87171717171717,0.0222222222222222,0,1030.90303030303,102.343434343434,15.3989898989899,4.21212121212121,0.394949494949495,1.0979797979798,17.5979797979798,13.0616161616162,1.85555555555556,2.18787878787879,28.5919191919192,6.92424242424242,43.6141414141414,53.9959595959596,2.59090909090909,3.04343434343434,2.61717171717172,0.00303030303030303,0.00404040404040404,260506.983838384,1.55858585858586,1.41414141414141
"1660",2007,27,63.3326133909287,69.5745140388769,0.203023758099352,0,0,1704.56587473002,88.7494600431965,15.1231101511879,4.19006479481641,0.442764578833693,1.10151187904968,16.0431965442765,12.4427645788337,1.71274298056156,2.1231101511879,28.2311015118791,6.83585313174946,54.8704103671706,63.2203023758099,2.7732181425486,3.4060475161987,2.18358531317495,0.019438444924406,0.0323974082073434,270237.831533477,1.71490280777538,1.37365010799136
"1661",2007,28,22.6082089552239,28.6878109452736,0.0248756218905473,0,0,357.712686567164,77.2313432835821,15.297263681592,4.06094527363184,0.261194029850746,1.09950248756219,20.0335820895522,12.6753731343284,1.58582089552239,0.921641791044776,29.7549751243781,6.64676616915423,21.955223880597,28.1766169154229,2.15049751243781,3.41293532338308,3.24129353233831,0,0,280402.5,1.38930348258706,1.12935323383085
"1662",2007,29,50.8777777777778,60.2733333333333,0.982222222222222,0.0611111111111111,0,1742.11111111111,137.227777777778,16.3177777777778,4.27444444444444,0.458888888888889,1.10222222222222,18.9666666666667,13.4466666666667,1.64333333333333,1.38444444444444,28.4877777777778,6.65555555555556,50.9966666666667,60.3255555555556,2.40555555555556,3.51888888888889,2.52555555555556,0.00666666666666667,0.00222222222222222,290454.585555556,1.47888888888889,1.20555555555556
"1663",2007,30,15.856,29.384,0.212,0,0,39.056,51.808,15.22,4.004,0.768,1.108,14.052,13.596,1.712,0.936,28.42,6.624,14.192,31.888,2.352,3,2.708,0,0.488,300125.5,1.312,1.328
"1664",2007,31,15.5739130434783,28.9,0.3,0,0,799.413043478261,91.6347826086957,15.5173913043478,4.30869565217391,0.421739130434783,1.11304347826087,14.9521739130435,15.1304347826087,1.62608695652174,1.80869565217391,29.2652173913043,6.67826086956522,15.5913043478261,28.0521739130435,2.48695652173913,3.57826086956522,2.25217391304348,0.00434782608695652,0.0130434782608696,310115.5,1.55652173913043,1.31739130434783
"1665",2007,32,18.8680351906158,34.425219941349,0.351906158357771,0,0,44.9442815249267,10.41642228739,15.0087976539589,4.08504398826979,0.448680351906158,1.09384164222874,13.6217008797654,12.2991202346041,1.93548387096774,1.52785923753666,28.5601173020528,6.03225806451613,15.0175953079179,31.7272727272727,2.70087976539589,3,2.05278592375367,0.00293255131964809,0.00586510263929619,320171.504398827,1.50733137829912,1.07038123167155
"1666",2007,33,12.5081967213115,28.4344262295082,0.377049180327869,0,0,279.032786885246,11.0491803278689,16.6147540983607,4.47540983606557,0.385245901639344,1.05737704918033,20.8524590163934,12.5,1.61475409836066,1.24590163934426,30.2131147540984,6.47540983606557,12.3688524590164,30.5327868852459,2.11475409836066,4.36065573770492,2.21311475409836,0.0163934426229508,0,330069.06557377,1.48360655737705,1.22950819672131
"1667",2007,34,99,99,0.308605341246291,0,0,1289.91839762611,18.3976261127596,15.4629080118694,4.14094955489614,0.399109792284866,1.07418397626113,18.8545994065282,12.6439169139466,2.01038575667656,1.37091988130564,27.8545994065282,6.64243323442136,99,99,2.55489614243323,3.4272997032641,2.33086053412463,0.00593471810089021,0.0356083086053412,340345.845697329,1.49109792284866,1.25370919881306
"1668",2007,35,96.1266846361186,96.2183288409703,0.568733153638814,0.266846361185984,0.266846361185984,154.196765498652,27.4150943396226,15.088948787062,3.99460916442049,0.522911051212938,1.11320754716981,13.010781671159,13.3261455525606,1.72506738544474,2.26954177897574,27.7924528301887,6.66846361185984,96.5983827493261,96.5983827493261,2.52291105121294,3.44743935309973,2.33423180592992,0.00269541778975741,0.274932614555256,350186,1.34770889487871,1.20754716981132
"1669",2007,36,46.1026677445432,55.7938561034762,0.211802748585287,0,0,3488.43168957154,66.4729183508488,15.8415521422797,4.0250606305578,0.316087308003234,1.0767987065481,18.4155214227971,12.6620856911884,1.8698464025869,1.43654001616815,27.9078415521423,6.87712206952304,45.2142279708973,54.7316087308003,2.54810024252223,3.26677445432498,2.09135004042037,0.00646725949878739,0,360630.024252223,1.49393694421989,1.27162489894907
"1670",2007,37,71.9386138613861,77.5260726072607,0.494389438943894,0.0871287128712871,0.0653465346534653,698.749834983498,102.33201320132,15.609900990099,4.12211221122112,0.442904290429043,1.10627062706271,20.3181518151815,12.419801980198,1.73993399339934,1.45280528052805,28.1986798679868,6.64884488448845,71.757095709571,77.0547854785479,2.45742574257426,3.38349834983498,1.81518151815182,0.00528052805280528,0,370763.638283828,1.46996699669967,1.13795379537954
"1671",2007,38,15.4,31.7052631578947,0.147368421052632,0,0,213.368421052632,55.9052631578947,15.0736842105263,4.43157894736842,0.894736842105263,1.16842105263158,12.6,13.4105263157895,1.8,1.03157894736842,30.0210526315789,7.25263157894737,15.4526315789474,32.1157894736842,2.31578947368421,3.29473684210526,2.68421052631579,0,0.473684210526316,380048,1.30526315789474,1.46315789473684
"1672",2007,39,16.5701981050818,30.3832902670112,0.46167097329888,0.0852713178294574,0.0852713178294574,1374.48492678725,86.634797588286,15.2954349698536,4.15848406546081,0.472006890611542,1.08096468561585,20.8001722652885,12.6468561584841,1.76830318690784,1.97071490094746,29.1774332472007,6.67786391042205,16.8208440999139,31.0964685615848,2.36175710594315,3.2609819121447,2.62273901808786,0.00430663221360896,0.00689061154177433,390595.291989664,1.50301464254953,1.26614987080103
"1673",2007,40,43.8228043143297,54.9352850539291,0.898305084745763,0.457627118644068,0.457627118644068,1210.42064714946,88.1001540832049,16.5007704160247,4.08012326656394,0.36979969183359,1.18027734976888,18.4483821263482,12.8952234206471,1.69645608628659,1.43451463790447,28.537750385208,6.63328197226502,42.2850539291217,53.5885978428351,2.6271186440678,3.79352850539291,2.29429892141757,0,0.00154083204930663,400329.07550077,1.54391371340524,1.20647149460709
"1674",2007,41,16.6812652068127,31.8345498783455,0.97323600973236,0,0,312.445255474453,36.9172749391727,15.9318734793187,4.0705596107056,0.549878345498783,1.10705596107056,16.4330900243309,17.978102189781,1.9367396593674,1.03892944038929,32.4866180048662,6.67396593673966,14.9805352798054,30.9270072992701,2.41362530413625,3,2.54501216545012,0.0024330900243309,0.0754257907542579,410209.489051095,1.42335766423358,1.75669099756691
"1675",2007,42,72.943287867911,78.2785355348169,0.641780330222541,0.0559942569992821,0.0236898779612347,1460.18090452261,65.5226130653266,15.8851399856425,4.11916726489591,0.46159368269921,1.07035175879397,20.2720746590093,13.0689160086145,1.79109834888729,1.67552045944006,29.3316582914573,6.63531945441493,71.2907394113424,77.013639626705,2.47236180904523,3.30150753768844,2.5218951902369,0.00287150035893754,0,420698.465900933,1.55276381909548,1.35750179468772
"1676",2007,44,26.578125,39.078125,0.65625,0,0,147.109375,6.09375,15.71875,4.109375,0.484375,1.078125,21.421875,11.84375,1.953125,0.609375,25.796875,6.328125,26.484375,40.1875,2.046875,3,2.671875,0,0,440032.5,1.234375,1.078125
"1677",2007,45,99,99,0.142131979695431,0,0,166.208121827411,47.1664974619289,15.4304568527919,4.17360406091371,0.522842639593909,1.09340101522843,20.556345177665,12.1969543147208,1.71776649746193,1.33604060913706,26.8527918781726,6.58477157360406,99,99,2.44568527918782,3.44060913705584,2.47918781725888,0.00101522842639594,0,450496.887309645,1.43857868020305,1.13401015228426
"1678",2007,46,31.3846153846154,40.9461538461538,0.176923076923077,0,0,364.653846153846,74.7692307692308,16.8538461538462,4.14615384615385,0.538461538461538,1.12307692307692,12.3384615384615,13.4307692307692,1.61538461538462,1.08461538461538,25.5615384615385,6.63846153846154,31.2615384615385,39.4615384615385,2.41538461538462,3.22307692307692,2.58461538461538,0,0.869230769230769,460065.5,1.35384615384615,1.58461538461538
"1679",2007,47,94.8091809180918,95.6210621062106,0.670567056705671,0.135013501350135,0.0891089108910891,575.262826282628,97.7578757875788,15.8973897389739,4.05220522052205,0.381638163816382,1.09000900090009,21.2844284428443,13.7308730873087,1.73897389738974,1.4032403240324,28.014401440144,6.65346534653465,94.8127812781278,95.5535553555356,2.2997299729973,3.14131413141314,2.63996399639964,0.0036003600360036,0.0045004500450045,470565.249324933,1.48064806480648,1.22322232223222
"1680",2007,48,10.291935483871,20.5974193548387,0.686774193548387,0.0383870967741935,0.0319354838709677,1768.6735483871,241.446451612903,15.3670967741935,4.07483870967742,0.355161290322581,1.11806451612903,16.6729032258065,12.2177419354839,1.87161290322581,1.82258064516129,28.7122580645161,6.65870967741936,10.5154838709677,21.928064516129,2.62064516129032,3.89193548387097,2.33870967741935,0.00225806451612903,0.00451612903225806,481582.954193548,1.53161290322581,1.21387096774194
"1681",2007,49,25.2906976744186,41.1589147286822,0.244186046511628,0,0,966.112403100775,33.6201550387597,15.6085271317829,3.99612403100775,0.217054263565891,1.15891472868217,11.8217054263566,12.7248062015504,1.72868217054264,1.23643410852713,27.8875968992248,6.73255813953488,23.8565891472868,37.6744186046512,2.75581395348837,3.64341085271318,2.63178294573643,0.00387596899224806,0,490129.972868217,1.44961240310078,1.14341085271318
"1682",2007,50,14.258064516129,29.7741935483871,1.32258064516129,0.709677419354839,0,824.41935483871,14.9677419354839,16.8387096774194,4.32258064516129,0.629032258064516,1.06451612903226,18.2741935483871,18.1935483870968,1.79032258064516,1.43548387096774,33.4516129032258,6.19354838709677,12.4354838709677,33.5483870967742,2.19354838709677,3,2.2258064516129,0,0.145161290322581,500032.096774194,1.38709677419355,1.24193548387097
"1683",2007,51,98.8947927736451,98.8947927736451,0.532412327311371,0.0159404888416578,0,300.486716259299,204.197662061637,15.712008501594,4.1211477151966,0.447396386822529,1.0913921360255,19.7151965993624,12.7545164718385,1.69819341126461,1.21041445270988,28.1296493092455,6.77364505844846,98.8947927736451,98.8947927736451,2.17003188097768,3.17640807651435,2.26673751328374,0.00318809776833156,0.00743889479277365,510472.59936238,1.43570669500531,1.11370882040383
"1684",2007,53,30.1111111111111,43.1035781544256,0.408662900188324,0,0,474.19209039548,44.3973634651601,15.2278719397363,3.97928436911488,0.527306967984934,1.07532956685499,16.3145009416196,12.774011299435,1.83050847457627,1.6045197740113,28.2730696798493,6.66101694915254,29.7627118644068,43.5442561205273,2.45197740112994,3.52354048964218,3.13747645951036,0,0.175141242937853,530272.723163842,1.48587570621469,1.25800376647834
"1685",2007,54,37.421188630491,49.1266149870801,0.431524547803618,0.0568475452196382,0,417.397932816537,49.2067183462532,15.8708010335917,4.23772609819121,0.516795865633075,1.11627906976744,20.968992248062,19.0025839793282,1.6640826873385,1.35917312661499,33.5245478036176,6.4625322997416,36.9870801033592,49.8449612403101,2.23514211886305,3,4.28423772609819,0.00516795865633075,0,540206.410852713,1.40826873385013,1.34883720930233
"1686",2007,55,17.7288888888889,33.8237037037037,0.779259259259259,0.0266666666666667,0,877.957037037037,73.0592592592593,15.9422222222222,4.20888888888889,0.601481481481482,1.12,17.2459259259259,13.2518518518519,1.82222222222222,1.90074074074074,29.6162962962963,6.71555555555556,15.6281481481481,32.4918518518519,2.39407407407407,3.39259259259259,2.20740740740741,0.00592592592592593,0.0118518518518519,550339.671111111,1.49037037037037,1.44444444444444
"1687",2007,56,14.6861313868613,32.1459854014599,0.255474452554745,0,0,60.7299270072993,23.3941605839416,15.1970802919708,4.43065693430657,0.481751824817518,1.09489051094891,14.9197080291971,14.036496350365,1.67883211678832,0.875912408759124,27.014598540146,6.65693430656934,14.5401459854015,30.5620437956204,2.18978102189781,3.13138686131387,2.82481751824818,0,0.0875912408759124,560069,1.29197080291971,1.4014598540146
"1688",2008,1,13.1099887766554,27.5982042648709,0.821548821548822,0.015712682379349,0.0258136924803591,569.023569023569,74.7508417508417,15.9438832772166,4.15937149270483,0.326599326599327,1.08754208754209,21.358024691358,12.8338945005612,1.75757575757576,1.4983164983165,27.1200897867565,6.60381593714927,92.3164983164983,92.9203142536476,2.38608305274972,1.44332210998878,2.46015712682379,0.00112233445566779,0.00448933782267116,10446,1.45117845117845,1.17620650953984
"1689",2008,2,34.6363636363636,40.3818181818182,1.4,0.109090909090909,0,1433.29090909091,117.018181818182,16.4545454545455,4.09090909090909,0.454545454545455,1.12727272727273,13.4545454545455,15.0727272727273,1.83636363636364,1.96363636363636,24.2181818181818,7.50909090909091,30,36.5272727272727,3.01818181818182,1,1.69090909090909,0,0.163636363636364,20029.0727272727,1.65454545454545,1.58181818181818
"1690",2008,4,34.9193357058126,48.0688018979834,2.5017793594306,1.52550415183867,1.41281138790036,178.047449584816,14.3321470937129,15.3013048635824,4.17674970344009,0.316725978647687,1.11269276393832,14.4507710557533,14.4424673784104,2.08422301304864,2.7485172004745,34.1992882562278,6.27995255041518,29.3831553973903,41.9300118623962,2.86595492289442,1.1423487544484,4.76393831553974,0.00593119810201661,0.377224199288256,40428.7259786477,1.5005931198102,1.36773428232503
"1691",2008,5,12.1521739130435,24.1195652173913,0.630434782608696,0,0,933.730072463768,79.5688405797101,15.9076086956522,3.98731884057971,0.311594202898551,1.08695652173913,20.3768115942029,14.3804347826087,1.67572463768116,1.30797101449275,29.8007246376812,6.6286231884058,11.6992753623188,24.6648550724638,2.23188405797101,1.63586956521739,2.60144927536232,0.0036231884057971,0,50278.9076086957,1.42028985507246,1.31884057971015
"1693",2008,8,54.5348837209302,63.0063424947146,1.10993657505285,0.215644820295983,0.040169133192389,411.190274841438,53.1141649048626,16.1374207188161,4.20507399577167,0.380549682875264,1.15856236786469,15.3530655391121,12.8562367864693,1.81606765327696,1.2262156448203,27.3509513742072,6.74418604651163,49.7632135306554,59.507399577167,2.60042283298097,1.07399577167019,2.28752642706131,0,0,80239.7040169133,1.50739957716702,1.16279069767442
"1694",2008,9,29.0752688172043,42.741935483871,0.139784946236559,0,0,471.770609318996,6.82795698924731,15.6021505376344,4.18996415770609,0.333333333333333,1.08243727598566,20.2293906810036,12.4372759856631,1.88172043010753,1.27240143369176,28.9283154121864,6.57706093189964,19.1182795698925,34.4910394265233,2.31899641577061,1,2.39784946236559,0.00716845878136201,0,90140.0681003584,1.46953405017921,1.18279569892473
"1695",2008,10,21.8,36.4571428571429,0.628571428571429,0,0,36.4190476190476,3.22857142857143,14.8190476190476,4.09523809523809,0.533333333333333,1.15238095238095,17.6380952380952,13.5238095238095,1.81904761904762,1.1047619047619,28,6.64761904761905,18.4857142857143,33.3428571428571,2.46666666666667,1,2.5047619047619,0.019047619047619,0,100053,1.45714285714286,1.11428571428571
"1696",2008,11,59.09375,68,0.5,0,0,10,1,15.03125,4.125,0.21875,1.0625,16.375,11.34375,2.28125,1.34375,26.96875,6.6875,54.125,60.4375,2.28125,1,2.1875,0,0,110016.96875,1.34375,1.0625
"1697",2008,12,29.7350705754615,43.1773434672457,0.430329352153456,0.00687658342381469,0,801.71986970684,71.2960550126674,15.7187839305103,4.15019905899385,0.297502714440825,1.07853782120883,16.7307274701412,13.4140427072023,2.01266739051755,1.44516829533116,28.4455302207745,6.44625407166124,31.638798407528,44.6264929424539,2.56243213897937,1.34708650018096,1.79153094462541,0.00615273253709736,0.000723850886717336,121425.666666667,1.53203040173724,1.13065508505248
"1698",2008,13,13.2226277372263,27.7547445255474,0.801459854014599,0.0102189781021898,0,617.933576642336,140.029197080292,15.9343065693431,4.11897810218978,0.25036496350365,1.09124087591241,19.3919708029197,13.3518248175182,1.63649635036496,1.6007299270073,29.6693430656934,6.52554744525547,13.1846715328467,27.9766423357664,2.47445255474453,1.45109489051095,2.90583941605839,0.00656934306569343,0.00145985401459854,130685.6,1.51240875912409,1.15620437956204
"1699",2008,15,15.2549019607843,30.1764705882353,0.833333333333333,0,0,4668,4.13725490196078,14.6764705882353,3.99019607843137,0.450980392156863,1.04901960784314,18.7745098039216,13.0392156862745,1.93137254901961,1.17647058823529,26.8235294117647,6.34313725490196,21.8235294117647,34.8529411764706,2.34313725490196,1,2.23529411764706,0,0,150051.5,1.37254901960784,1.20588235294118
"1700",2008,16,15.2877358490566,32.7924528301887,3.44811320754717,2.80188679245283,2.80188679245283,122.608490566038,40.0660377358491,15.5141509433962,4.28301886792453,0.391509433962264,1.09433962264151,16.2264150943396,15.2122641509434,1.72641509433962,1.64150943396226,28.1698113207547,6.75943396226415,14.8301886792453,29.6320754716981,2.39622641509434,1.63207547169811,2.43867924528302,0,0.226415094339623,160106.5,1.43396226415094,1.41981132075472
"1701",2008,17,12.5715789473684,97.9663157894737,0.601052631578947,0.213684210526316,0.212631578947368,1936.62,88.2884210526316,15.6768421052632,4.04736842105263,0.385263157894737,1.09789473684211,16.7378947368421,12.2778947368421,1.78315789473684,1.45473684210526,28.1389473684211,6.71894736842105,12.5,29.5505263157895,2.48105263157895,1.89473684210526,2.38526315789474,0.00736842105263158,0.0178947368421053,170497.006315789,1.51157894736842,1.39263157894737
"1702",2008,18,12.5515818431912,28.5020632737276,0.53232462173315,0.10041265474553,0,2734.81430536451,91.5392022008253,15.8046767537827,4.05502063273728,0.277854195323246,1.12792297111417,18.8803301237964,12.3383768913343,1.59009628610729,1.70288858321871,28.5625859697387,6.85969738651994,12.4264099037139,28.8033012379642,2.43191196698762,2.74690508940853,2.98899587345254,0.00412654745529574,0,180373.566712517,1.55433287482806,1.38239339752407
"1703",2008,19,12.554347826087,26.5108695652174,0.301630434782609,0,0,702.817934782609,104.646739130435,15.3885869565217,4.17119565217391,0.195652173913043,1.1195652173913,14.6032608695652,12.679347826087,1.68478260869565,1.70380434782609,27.3641304347826,6.81521739130435,12.508152173913,24.8179347826087,2.51630434782609,1.3695652173913,2.02717391304348,0.00543478260869565,0,190189.377717391,1.55163043478261,1.4945652173913
"1704",2008,20,12.2391930835735,27.4409221902017,0.262247838616715,0.0662824207492795,0,1148.01152737752,109.772334293948,16.2593659942363,4.4149855907781,0.389048991354467,1.10662824207493,18.4610951008646,13.3458213256484,1.85878962536023,1.59942363112392,28.507204610951,7.05187319884726,12.7204610951009,28.4092219020173,2.27953890489914,1.69452449567723,2.46109510086455,0.00288184438040346,0.0230547550432277,200177.904899135,1.43227665706052,1.30259365994236
"1705",2008,21,20.3182423435419,35.0772303595206,0.307589880159787,0,0,759.805592543276,116.38482023968,16.0093209054594,4.15446071904128,0.284953395472703,1.09853528628495,21.0812250332889,13.069241011984,1.67509986684421,1.3861517976032,28.2263648468708,6.84553928095872,19.5752330226365,33.7163781624501,2.27563249001332,1.28628495339547,2.29693741677763,0.00399467376830892,0.00133155792276964,210376.82023968,1.46870838881491,1.23834886817577
"1706",2008,22,15.3605359317905,32.3422655298417,0.758830694275274,0.0462850182704019,0.0280146163215591,358.023142509135,61.42143727162,15.8757612667479,4.12302070645554,0.401948842874543,1.115712545676,20.1656516443362,13.8647990255786,1.93179049939099,1.32886723507917,27.904993909866,6.67722289890378,15.3922046285018,31.1778319123021,2.41047503045067,2.32034104750305,2.55420219244823,0.00243605359317905,0.00121802679658952,220411.819732034,1.4299634591961,1.29841656516443
"1707",2008,23,15.2569444444444,30.6527777777778,0.333333333333333,0,0,4466.96527777778,16.0138888888889,16.0763888888889,3.93055555555556,0.319444444444444,1.07638888888889,23.2916666666667,13.3333333333333,1.63194444444444,0.979166666666667,28.9444444444444,6.61805555555556,15.1041666666667,31.4305555555556,2.10416666666667,1,3.54166666666667,0,0,230076.923611111,1.41666666666667,1.44444444444444
"1708",2008,24,99,99,0.472118959107807,0.211895910780669,0.184014869888476,433.650557620818,64.6542750929368,15.8029739776952,4.21933085501859,0.295539033457249,1.09851301115242,18.4646840148699,13.4256505576208,1.94981412639405,1.8364312267658,29.5799256505576,6.62081784386617,99,99,2.50557620817844,1,2.62267657992565,0.00371747211895911,0.0278810408921933,240271.187732342,1.51486988847584,1.14498141263941