"","YEAR","STATE","ARR_HOUR","ARR_MIN","CF1","CF2","CF3","CITY","COUNTY","DAY","DAY_WEEK","DRUNK_DR","FATALS","HARM_EV","HOUR","LGT_COND","MAN_COLL","MINUTE","MONTH","NOT_HOUR","NOT_MIN","PERSONS","RAIL","REL_ROAD","SCH_BUS","SP_JUR","ST_CASE","VE_FORMS","WEATHER"
"1709",2008,25,21.2366863905325,36.5502958579882,0.357988165680473,0,0,699.550295857988,16.4260355029586,16.1627218934911,4.18047337278106,0.319526627218935,1.07692307692308,21.0650887573964,11.9408284023669,2.31360946745562,2.0414201183432,28.2455621301775,6.83431952662722,21.4349112426036,37.1775147928994,2.17159763313609,1.41420118343195,3.32544378698225,0.00591715976331361,0,250178.198224852,1.31360946745562,1.58284023668639
"1710",2008,26,43.5890710382514,54.3387978142077,5.0120218579235,0.0437158469945355,0,1219.20655737705,101.725683060109,15.0327868852459,4.16174863387978,0.326775956284153,1.07103825136612,17.479781420765,12.2262295081967,1.75628415300546,1.8,29.1912568306011,6.78907103825137,42.2349726775956,53.9803278688525,2.54863387978142,1.35628415300546,2.58251366120219,0.00327868852459016,0.00327868852459016,260468.906010929,1.54535519125683,1.42295081967213
"1711",2008,27,39.7738095238095,50.9547619047619,0.619047619047619,0.0166666666666667,0,1710.15476190476,83.0380952380952,15.9714285714286,4.01666666666667,0.366666666666667,1.08333333333333,15.2833333333333,12.3309523809524,1.7952380952381,1.86666666666667,30.1261904761905,6.90238095238095,25.3,40.3595238095238,2.62619047619048,1.2,2.39047619047619,0.00238095238095238,0.0714285714285714,270215.85952381,1.52380952380952,1.52619047619048
"1712",2008,28,28.4753867791842,33.2616033755274,0,0,0,325.614627285513,79.3066104078762,15.5330520393812,4.0210970464135,0.223628691983122,1.10126582278481,21.1054852320675,12.5091420534459,1.58931082981716,0.994374120956399,29.8818565400844,6.53305203938115,28.0112517580872,33.1181434599156,2.13783403656821,2.57524613220816,3.28129395218003,0.00281293952180028,0,280356.326300985,1.38537271448664,1.17018284106892
"1713",2008,29,51.2970414201183,60.7940828402367,0.940828402366864,0.145562130177515,0.050887573964497,1696.13727810651,129.344378698225,15.8994082840237,4.09585798816568,0.351479289940828,1.13609467455621,19.6165680473373,14.1349112426036,1.70887573964497,1.24023668639053,28.3562130177515,6.73491124260355,51.2934911242604,59.7692307692308,2.38934911242604,1.44970414201183,2.62485207100592,0.00118343195266272,0.00118343195266272,290428.250887574,1.48284023668639,1.35384615384615
"1714",2008,30,13.7596153846154,31.4471153846154,0.389423076923077,0,0,51.9519230769231,49.6057692307692,16.4038461538462,4.14423076923077,0.4375,1.10096153846154,12.8846153846154,14.0432692307692,1.62019230769231,1.50961538461538,27.3317307692308,6.8125,13.9278846153846,27.8125,2.48557692307692,1.08173076923077,2.60576923076923,0.00480769230769231,0.331730769230769,300105.081730769,1.375,1.25480769230769
"1715",2008,31,23.2606382978723,32.8936170212766,0.627659574468085,0.526595744680851,0.526595744680851,456.223404255319,85.6489361702128,15.7393617021277,4.06914893617021,0.356382978723404,1.1063829787234,13.5531914893617,20.563829787234,1.65957446808511,1.89893617021277,33.25,6.59574468085106,22.3989361702128,32.6648936170213,2.28723404255319,1.06382978723404,2.24468085106383,0,0.0159574468085106,310094.5,1.51063829787234,1.46276595744681
"1716",2008,32,21,36.0592105263158,0.585526315789474,0,0,32.8684210526316,17.3059210526316,14.4375,4.19078947368421,0.361842105263158,1.06578947368421,14.5460526315789,12.7828947368421,2,1.41776315789474,29.3092105263158,6.53947368421053,14.2894736842105,31.2072368421053,2.51644736842105,1,2,0,0.00328947368421053,320154.542763158,1.46710526315789,1.06578947368421
"1717",2008,33,13.1181102362205,29.3779527559055,0.15748031496063,0,0,273.795275590551,10.4645669291339,15.0236220472441,3.93700787401575,0.37007874015748,1.08661417322835,18.7086614173228,13.9133858267717,1.73228346456693,1.20472440944882,30.9527559055118,6.97637795275591,12.9842519685039,29.4409448818898,2.43307086614173,1,2.19685039370079,0.0078740157480315,0,330065.94488189,1.52755905511811,1.09448818897638
"1718",2008,34,66.0072072072072,72.4162162162162,0.405405405405405,0.0666666666666667,0,1674.44684684685,19.1945945945946,15.4684684684685,4.25225225225225,0.282882882882883,1.06306306306306,18.3009009009009,12.4414414414414,2.08468468468468,1.19099099099099,27.3801801801802,6.61621621621622,65.9423423423423,72.2774774774775,2.49189189189189,1,2.96936936936937,0.00720720720720721,0.0252252252252252,340303.969369369,1.45585585585586,1.18558558558559
"1719",2008,35,89.8333333333333,89.8333333333333,0.104938271604938,0,0,188.148148148148,28.5493827160494,15.0895061728395,4.32098765432099,0.320987654320988,1.12962962962963,10.1759259259259,12.7191358024691,1.6358024691358,1.33950617283951,26.4598765432099,6.83641975308642,89.8333333333333,89.8333333333333,2.71296296296296,2.69444444444444,2.29012345679012,0,0.182098765432099,350162.564814815,1.37654320987654,1.21913580246914
"1720",2008,36,46.7052810902896,56.7461669505963,0.282793867120954,0.0127768313458262,0,3610.51873935264,66.8620102214651,15.5451448040886,4.0809199318569,0.248722316865417,1.05451448040886,17.7691652470187,12.5178875638842,1.88926746166951,1.46252129471891,29.7299829642249,6.66865417376491,46.144804088586,56.8185689948893,2.5,1.59625212947189,2.23339011925043,0.00511073253833049,0,360604.255536627,1.46166950596252,1.36201022146508
"1721",2008,37,65.4192570128886,71.4147081122062,0.388172858225929,0,0,755.14253222138,103.582259287339,15.4799090219864,4.17361637604246,0.354814253222138,1.08263836239575,20.4761182714177,13.0826383623958,1.70280515542077,1.3199393479909,28.3949962092494,6.51099317664898,64.7445034116755,71.6156178923427,2.37604245640637,1.29264594389689,1.93328278999242,0.00379075056861259,0,370668.353297953,1.42911296436694,1.17892342683851
"1722",2008,38,14.2886597938144,32.1340206185567,0,0,0,239.845360824742,56.2164948453608,15.8969072164948,4.23711340206186,0.515463917525773,1.07216494845361,10.7422680412371,11.360824742268,1.68041237113402,1.42268041237113,28.9381443298969,6.78350515463918,12.4020618556701,29.4020618556701,2.23711340206186,2.09278350515464,2.47422680412371,0,0.309278350515464,380049,1.41237113402062,1.34020618556701
"1723",2008,39,16.4622383985441,30.5595996360328,0.353958143767061,0,0,1511.161055505,81.0054595086442,15.7188353048226,4.09463148316652,0.362147406733394,1.08371246587807,20.1883530482257,12.1956323930846,1.7515923566879,1.71701546860783,28.031847133758,6.84258416742493,16.5887170154686,31.852593266606,2.39763421292084,1.40127388535032,2.41765241128298,0.00818926296633303,0.000909918107370337,390575.648771611,1.50136487716106,1.26933575978162
"1724",2008,40,33.5163690476191,46.1116071428571,0.485119047619048,0,0,1302.47916666667,84.5982142857143,15.5416666666667,4.15029761904762,0.354166666666667,1.11607142857143,19.0863095238095,13.4747023809524,1.72619047619048,1.57291666666667,29.516369047619,6.79613095238095,32.6205357142857,45.2306547619048,2.48660714285714,1.6860119047619,2.49553571428571,0.00297619047619048,0.00297619047619048,400338.486607143,1.51041666666667,1.25
"1725",2008,41,14.9918699186992,30.1056910569106,1.13279132791328,0.119241192411924,0,335.983739837398,36.0569105691057,15.4254742547425,4.23306233062331,0.35230352303523,1.12737127371274,16.8617886178862,18.0813008130081,1.98915989159892,1.03523035230352,31.8021680216802,6.88617886178862,13.9349593495935,28.9837398373984,2.48238482384824,1.3360433604336,2.86178861788618,0.002710027100271,0.00542005420054201,410186.146341463,1.41192411924119,1.57181571815718
"1726",2008,42,52.5736377025037,61.5390279823269,0.990427098674521,0.272459499263623,0.221649484536082,1091.15537555228,64.6141384388807,15.6428571428571,4.14580265095729,0.38880706921944,1.08100147275405,21.0441826215022,12.7135493372607,1.78129602356406,1.49337260677467,28.519145802651,6.72017673048601,52.0390279823269,61.2371134020619,2.32179675994109,1.23122238586156,2.47275405007364,0.00441826215022091,0.0250368188512518,420680.547864507,1.49484536082474,1.3939617083947
"1727",2008,44,14.1428571428571,32.2698412698413,0.444444444444444,0.301587301587302,0,141.888888888889,6.42857142857143,14.1904761904762,4,0.365079365079365,1.03174603174603,20.984126984127,12.9047619047619,2.07936507936508,0.904761904761905,31.4761904761905,6.88888888888889,14.4444444444444,31.5714285714286,2.07936507936508,1,2.36507936507937,0,0,440032,1.28571428571429,1.19047619047619
"1728",2008,45,99,99,0.143876337693222,0,0,236.749108204518,47.2497027348395,15.2378121284185,4.1474435196195,0.442330558858502,1.09512485136742,21.8263971462545,12.5326991676576,1.81450653983353,1.15219976218787,26.7514863258026,6.40665873959572,99,99,2.3115338882283,1.48870392390012,2.61355529131986,0.00356718192627824,0,450422.738406659,1.38644470868014,1.20095124851367
"1729",2008,46,26.1834862385321,37.605504587156,0.128440366972477,0,0,350.532110091743,73.6605504587156,16.3211009174312,4.23853211009174,0.36697247706422,1.11009174311927,10.743119266055,12.4862385321101,1.57798165137615,1.26605504587156,32.1284403669725,6.98165137614679,23.1192660550459,36.5871559633027,2.67889908256881,1.22935779816514,2.44954128440367,0,0.275229357798165,460056.137614679,1.37614678899083,1.28440366972477
"1730",2008,47,96.1805845511482,96.5636743215031,0.534446764091858,0.118997912317328,0.103340292275574,635.296450939457,98.2505219206681,15.8027139874739,4.13361169102296,0.266179540709812,1.08872651356994,22.3152400835073,13.9519832985386,1.7651356993737,1.49269311064718,28.4279749478079,6.52296450939457,96.2755741127349,96.7286012526096,2.21189979123173,1.10542797494781,2.50730688935282,0.00313152400835073,0.00313152400835073,470489.322546973,1.46137787056367,1.27974947807933
"1731",2008,48,9.49454428754814,20.1043003851091,0.756739409499358,0.0555198973042362,0.00449293966623877,1873.50481386393,240.204107830552,15.7002567394095,4.11842105263158,0.337612323491656,1.11553273427471,16.6723363286264,12.1412066752246,1.8706675224647,1.64505776636714,28.5452503209243,6.66784338896021,10.3716302952503,21.2930038510911,2.63639281129653,1.38478818998716,2.33472400513479,0.00288831835686778,0.00128369704749679,481581.267008986,1.52246469833119,1.16270860077022
"1732",2008,49,31.2122448979592,42.8081632653061,0.306122448979592,0,0,1023.92244897959,36.0530612244898,15.9224489795918,4.19591836734694,0.195918367346939,1.1265306122449,13.9673469387755,13.130612244898,1.68979591836735,1.71836734693878,27.6448979591837,7.15102040816326,26.3224489795918,39.6979591836735,2.72244897959184,1,2.71428571428571,0.00408163265306122,0.0122448979591837,490124.6,1.43265306122449,1.13877551020408
"1733",2008,50,14.9393939393939,32,3.1969696969697,1.8030303030303,1.83333333333333,1113.27272727273,14.8484848484848,15.9242424242424,3.81818181818182,0.181818181818182,1.10606060606061,21.1363636363636,13.5757575757576,1.37878787878788,1.43939393939394,29,6.22727272727273,14.6818181818182,33.5757575757576,2.60606060606061,1,2.5,0,0,500033.5,1.54545454545455,1.53030303030303
"1734",2008,51,78.0484293193717,81.7041884816754,0.852094240837696,0.277486910994764,0.259162303664921,436.770942408377,218.20942408377,16.0366492146597,4.18717277486911,0.464659685863874,1.07984293193717,22.7774869109948,12.9751308900524,1.76178010471204,1.70287958115183,27.7552356020942,6.42670157068063,76.7041884816754,80.4188481675393,2.1348167539267,34.348167539267,2.47905759162304,0.00654450261780105,0.00654450261780105,510383.438481675,1.43717277486911,1.13219895287958
"1735",2008,53,20.4294605809129,35.9377593360996,0.304979253112033,0.205394190871369,0.205394190871369,486.130705394191,44.597510373444,16.1784232365145,4.21784232365145,0.435684647302905,1.08091286307054,16.8755186721992,12.8402489626556,1.84854771784232,1.39419087136929,28.4917012448133,6.46887966804979,19.7738589211618,35.8091286307054,2.39626556016598,1.03319502074689,2.26970954356846,0.0020746887966805,0.045643153526971,530247.628630705,1.47510373443983,1.35269709543568
"1736",2008,54,44.8783382789317,54.2878338278932,0.827893175074184,0.587537091988131,0.587537091988131,963.691394658754,51.0652818991098,15.1721068249258,4.23145400593472,0.412462908011869,1.12166172106825,23.0860534124629,16.326409495549,1.62908011869436,0.976261127596439,29.4896142433234,6.78635014836795,43.9406528189911,54.0979228486647,2.21364985163205,1.20474777448071,3.04451038575668,0.00593471810089021,0,540171.359050445,1.4213649851632,1.3620178041543
"1737",2008,55,25.572192513369,38.8966131907308,1.06417112299465,0,0,789.647058823529,74.4652406417112,15.9144385026738,4.28520499108734,0.418894830659537,1.07843137254902,17.319073083779,12.2156862745098,1.7843137254902,1.6541889483066,28.9180035650624,6.76827094474153,20.843137254902,36.156862745098,2.46880570409982,1.29055258467023,2.24420677361854,0.0017825311942959,0.0320855614973262,550281,1.52762923351159,1.50267379679144
"1738",2008,56,15.2661870503597,28.3741007194245,1.29496402877698,0.712230215827338,0.712230215827338,75.3956834532374,20.0791366906475,15.6330935251799,4.52517985611511,0.41726618705036,1.14388489208633,15.3021582733813,13.9856115107914,1.58992805755396,1.10071942446043,26.5971223021583,7.25179856115108,14.0647482014388,27.3165467625899,2.20863309352518,1,2.71223021582734,0,0.100719424460432,560070,1.34532374100719,1.60431654676259
"1739",2009,1,15.2945736434109,30.4625322997416,0.705426356589147,0,0,645.847545219638,72.9121447028424,16.015503875969,4.27131782945736,0.332041343669251,1.09560723514212,21.6860465116279,12.7454780361757,1.90439276485788,1.57881136950904,27.6136950904393,6.29198966408269,98.5607235142119,98.5516795865633,2.28682170542636,2.2015503875969,2.46899224806202,0.00258397932816537,0,10388.6782945736,1.47545219638243,1.15891472868217
"1740",2009,2,44.1864406779661,51.5254237288136,3,1.67796610169492,1.67796610169492,1159.59322033898,102.220338983051,13.728813559322,3.86440677966102,0.389830508474576,1.08474576271186,14.7118644067797,19.9830508474576,2.05084745762712,1.76271186440678,27.3898305084746,7.13559322033898,42.7457627118644,48.9830508474576,2.88135593220339,3.74576271186441,1.83050847457627,0,0.135593220338983,20030,1.50847457627119,1.47457627118644
"1741",2009,4,34.2538787023977,45.2073342736248,0.68688293370945,0,0,179.341325811001,15.7940761636107,15.4640338504937,4.14809590973202,0.287729196050776,1.13681241184767,16.7729196050776,17.3582510578279,2.28490832157969,4.00423131170663,33.2073342736248,6.47813822284908,32.4471086036671,46.0860366713681,2.73342736248237,2.27503526093089,8.6459802538787,0.00282087447108604,0.478138222849083,40363.4146685473,1.41889985895628,1.92383638928068
"1742",2009,5,29.9661654135338,41.968045112782,0.68609022556391,0.415413533834586,0.37218045112782,902.449248120301,78.6127819548872,15.8402255639098,4.17857142857143,0.325187969924812,1.1203007518797,19.5958646616541,14.437969924812,3,2.28383458646617,29.7161654135338,6.6203007518797,30.1936090225564,41.7537593984962,2.38345864661654,2.32706766917293,2.70300751879699,0.0018796992481203,0,50268.4078947368,1.4718045112782,1.30639097744361
"1744",2009,8,50.2173913043478,58.512585812357,1.10526315789474,0,0,359.853546910755,57.0434782608696,15.5949656750572,4.16247139588101,0.382151029748284,1.06407322654462,14.8421052631579,12.9794050343249,1.8604118993135,1.23569794050343,28.395881006865,6.65446224256293,45.6704805491991,55.7528604118993,2.5812356979405,2.23112128146453,2.31578947368421,0.0022883295194508,0,80220.8581235698,1.49885583524027,1.26773455377574
"1745",2009,9,30.7298578199052,45.0284360189573,0.540284360189573,0.0663507109004739,0,459.744075829384,6.90521327014218,15.8720379146919,3.99526066350711,0.440758293838863,1.06161137440758,21.4218009478673,12.1848341232227,1.86729857819905,1.45023696682464,32.8151658767773,6.85781990521327,16.781990521327,36.9383886255924,2.18483412322275,2.23696682464455,2.44549763033175,0,0,90107.5687203791,1.43127962085308,1.27488151658768
"1746",2009,10,18.009900990099,34.0792079207921,0.99009900990099,0,0,21.4851485148515,3.37623762376238,14.1188118811881,3.83168316831683,0.405940594059406,1.14851485148515,20.029702970297,12.8712871287129,1.65346534653465,1.02970297029703,28.5148514851485,6.84158415841584,17.2970297029703,32.6930693069307,2.71287128712871,2,2.38613861386139,0.0099009900990099,0,100051.762376238,1.52475247524752,1.12871287128713
"1747",2009,11,48.4642857142857,56.0357142857143,0,0,0,10,1,14.0714285714286,4.53571428571429,0.285714285714286,1.03571428571429,15,13.25,2.35714285714286,1.28571428571429,22.4285714285714,7.28571428571429,48.4285714285714,55.0357142857143,2.57142857142857,2,1.64285714285714,0,0,110014.5,1.32142857142857,1.03571428571429
"1748",2009,12,30.347403967919,44.1962853524694,0.371042634022794,0,0,809.046010975095,71.3406500633179,15.2401857323765,4.16884761502744,0.295483326298016,1.0806247361756,16.7969607429295,13.390460109751,2.00126635711271,1.39679189531448,28.6694807935838,6.45124525116083,33.1409877585479,46.1329674968341,2.52427184466019,2.13803292528493,2.10806247361756,0.00422119037568594,0.000844238075137189,121228.449978894,1.47572815533981,1.11143942591811
"1749",2009,13,21.121186440678,36.135593220339,0.861016949152542,0.167796610169492,0.167796610169492,803.648305084746,144.615254237288,15.5847457627119,4.17033898305085,0.246610169491525,1.09491525423729,19.7576271186441,13.5305084745763,1.68813559322034,1.7364406779661,29.5432203389831,6.36949152542373,20.8915254237288,35.7127118644068,2.4771186440678,2.23983050847458,2.75847457627119,0.00254237288135593,0.0101694915254237,130591.776271186,1.49491525423729,1.16949152542373
"1750",2009,15,15.7272727272727,34.4747474747475,0.838383838383838,0,0,4455.11111111111,3.88888888888889,15.2121212121212,4.05050505050505,0.535353535353535,1.1010101010101,20.7777777777778,12.0606060606061,1.94949494949495,1.2020202020202,30.3434343434343,6.02020202020202,15.5757575757576,35.1111111111111,2.46464646464646,2,2.46464646464646,0.0101010101010101,0,150052.212121212,1.4040404040404,1.2020202020202
"1751",2009,16,18.7386934673367,33.4623115577889,1.95477386934673,0.994974874371859,0.994974874371859,229.155778894472,38.929648241206,15.7035175879397,3.96482412060302,0.296482412060302,1.1356783919598,16.1708542713568,15.5427135678392,1.57788944723618,1.75376884422111,29.427135678392,6.95979899497487,17.5979899497487,32.7788944723618,2.60301507537688,2,2.43718592964824,0.0050251256281407,0.241206030150754,160100,1.44723618090452,1.29145728643216
"1752",2009,17,30.4387019230769,98.1742788461538,0.598557692307692,0.242788461538462,0.237980769230769,2068.18509615385,90.0865384615385,15.9579326923077,4.11658653846154,0.40625,1.09495192307692,16.8569711538462,12.0276442307692,1.85336538461538,1.640625,29.8581730769231,6.78725961538461,13.2728365384615,31.6213942307692,2.63942307692308,2.64182692307692,2.20793269230769,0.00240384615384615,0,170429.806490385,1.56370192307692,1.35456730769231
"1753",2009,18,12.3322784810127,30.8860759493671,0.732594936708861,0.0268987341772152,0,2773.35126582278,89.5253164556962,15.4161392405063,4.17405063291139,0.292721518987342,1.09651898734177,19.1629746835443,12.4034810126582,1.6503164556962,1.54588607594937,28.7389240506329,6.58860759493671,12.3939873417722,29.6044303797468,2.4493670886076,3.82594936708861,3.06487341772152,0.00474683544303797,0,180322.727848101,1.57120253164557,1.32436708860759
"1754",2009,19,24.896449704142,40.1745562130178,0.56508875739645,0.292899408284024,0.292899408284024,784.940828402367,103.869822485207,15.7899408284024,3.8905325443787,0.263313609467456,1.09763313609467,14.8047337278107,13.2603550295858,1.7810650887574,1.51183431952663,28.4881656804734,6.56804733727811,24.8431952662722,39.4289940828402,2.29289940828402,2.35798816568047,2.4792899408284,0.00887573964497041,0.00887573964497041,190175.147928994,1.48816568047337,1.30177514792899
"1755",2009,20,18.4310344827586,34.0316091954023,0.189655172413793,0,0,1120.56896551724,115.862068965517,15.8189655172414,4.13505747126437,0.350574712643678,1.10919540229885,15.7959770114943,14.3132183908046,1.87068965517241,1.88793103448276,27.9252873563218,6.54597701149425,18.4770114942529,33.5057471264368,2.38218390804598,2.20689655172414,2.71264367816092,0.0028735632183908,0.0316091954022989,200180.795977011,1.4367816091954,1.27873563218391
"1756",2009,21,22.0671232876712,35.8424657534247,0.606849315068493,0.00273972602739726,0,672.765753424658,120.775342465753,15.5260273972603,4.22054794520548,0.298630136986301,1.08356164383562,20.713698630137,12.7972602739726,1.61369863013699,1.43835616438356,28.7684931506849,6.61095890410959,21.541095890411,36.4369863013699,2.39452054794521,2.04520547945205,2.40958904109589,0.00410958904109589,0.00273972602739726,210367.031506849,1.52876712328767,1.23424657534247
"1757",2009,22,17.639231824417,34.2578875171468,1.01783264746228,0.142661179698217,0,388.694101508916,63.9382716049383,15.6159122085048,4.28257887517147,0.403292181069959,1.13031550068587,20.1742112482853,13.1687242798354,1.8641975308642,1.25377229080933,28.5061728395062,6.12345679012346,17.6227709190672,33.7366255144033,2.39917695473251,2.28395061728395,2.63648834019204,0.00411522633744856,0,220366.053497942,1.42524005486968,1.16460905349794
"1758",2009,23,15.9869281045752,30.8496732026144,0.143790849673203,0,0,5322.20261437909,15.4444444444444,16.281045751634,3.98039215686275,0.333333333333333,1.03921568627451,20.5359477124183,14.3202614379085,1.65359477124183,1.25490196078431,27.8104575163399,7.15032679738562,15.4313725490196,30.0392156862745,2.3921568627451,2,3.2483660130719,0,0,230077.169934641,1.54248366013072,1.22875816993464
"1759",2009,24,76.778640776699,81.1398058252427,0.669902912621359,0.384466019417476,0.384466019417476,167.069902912621,58.8970873786408,15.2640776699029,4.15339805825243,0.335922330097087,1.06601941747573,18.6815533980583,12.2796116504854,1.89126213592233,1.73009708737864,29.3300970873786,6.36504854368932,76.7844660194175,81.4097087378641,2.55922330097087,2,2.68155339805825,0.00776699029126214,0.0271844660194175,240258,1.5126213592233,1.19805825242718
"1760",2009,25,27.444089456869,42.2843450479233,1.43130990415335,0.94888178913738,0.94888178913738,770.370607028754,15.3961661341853,15.4632587859425,4.36421725239617,0.261980830670927,1.08626198083067,19.5463258785942,12.1821086261981,2.19488817891374,3.65814696485623,28.776357827476,6.6517571884984,27.0862619808307,42.4121405750799,2.29712460063898,2,3.50479233226837,0,0.00638977635782748,250162.284345048,1.43769968051118,1.84664536741214
"1761",2009,26,42.633209417596,53.3358116480793,4.55638166047088,0.169764560099133,0.151177199504337,1213.01486988848,103.294919454771,15.3965303593556,4.09169764560099,0.332094175960347,1.08054522924411,17.638166047088,12.731102850062,1.80049566294919,1.73977695167286,28.1313506815366,6.86245353159851,41.3258983890954,52.6109045848823,2.52664188351921,2.13506815365551,2.47459727385378,0,0.00991325898389095,260416.804213135,1.53903345724907,1.36307311028501
"1762",2009,27,33.9568733153639,45.9487870619946,0.956873315363881,0.304582210242588,0.266846361185984,1783.21293800539,85.3396226415094,16.288409703504,4.39083557951482,0.307277628032345,1.13477088948787,16.1185983827493,12.9380053908356,1.82479784366577,2.10242587601078,28.3207547169811,6.72237196765499,21.8463611859838,36.2371967654987,2.40970350404313,2.59299191374663,2.24528301886792,0.0107816711590297,0.0673854447439353,270193.762803235,1.49326145552561,1.53099730458221
"1763",2009,28,53.675118858954,61.0253565768621,0.063391442155309,0,0,309.949286846276,75.2313787638669,15.7638668779715,4.16164817749604,0.136291600633914,1.10935023771791,19.7733755942948,12.5641838351823,1.71632329635499,1.03961965134707,30.6402535657686,6.38668779714738,51.7242472266244,58.2709984152139,2.23137876386688,3.00792393026941,3.49920760697306,0.00475435816164818,0.00158478605388273,280316,1.3581616481775,1.17115689381933
"1764",2009,29,54.1870229007634,61.8918575063613,0.862595419847328,0.179389312977099,0.0292620865139949,1715.59287531807,135.763358778626,15.5050890585242,4.18320610687023,0.368956743002545,1.11704834605598,20.059796437659,13.4554707379135,1.65776081424936,1.35623409669211,28.8358778625954,6.72519083969466,53.8358778625954,62.1437659033079,2.43765903307888,2.54961832061069,2.47964376590331,0.00254452926208651,0.00254452926208651,290396.825699746,1.46055979643766,1.27608142493639
"1765",2009,30,18.7171717171717,34.4444444444444,0.444444444444444,0,0,37.0707070707071,56.4848484848485,14.9040404040404,4.02525252525253,0.444444444444444,1.11616161616162,14.1060606060606,13.8686868686869,1.52020202020202,0.858585858585859,29.6969696969697,6.77272727272727,18.1363636363636,36.1414141414141,2.33333333333333,2,2.6010101010101,0.00505050505050505,0.373737373737374,300100.873737374,1.37373737373737,1.24747474747475
"1766",2009,31,64.6536585365854,70.1512195121951,0,0,0,743.024390243902,82.6487804878049,15.2780487804878,4.03414634146341,0.4,1.08780487804878,16.0292682926829,15.9560975609756,1.85853658536585,2.01951219512195,31.1024390243902,7.03414634146341,65.009756097561,71.1121951219512,2.4780487804878,2.07317073170732,2.24878048780488,0,0.0292682926829268,310105.156097561,1.59512195121951,1.44878048780488
"1767",2009,32,18.8609865470852,35.1165919282511,0.47085201793722,0,0,32.085201793722,19.7219730941704,14.6681614349776,4.22421524663677,0.367713004484305,1.08968609865471,14.5560538116592,12.4977578475336,1.99103139013453,1.28699551569507,28.2780269058296,6.68609865470852,15.1255605381166,31.8071748878924,2.67713004484305,2,2.37219730941704,0,0.0134529147982063,320113.372197309,1.51121076233184,1.10762331838565
"1768",2009,33,14.2989690721649,31.8659793814433,0.144329896907216,0,0,271.855670103093,10.6288659793814,15.8556701030928,4.08247422680412,0.309278350515464,1.1340206185567,19.9175257731959,13.4020618556701,1.51546391752577,1.12371134020619,29.360824742268,6.8659793814433,14.1649484536082,29.9072164948454,2.2680412371134,2,2.36082474226804,0,0,330049.907216495,1.49484536082474,1.16494845360825
"1769",2009,34,46.6563636363636,55.9581818181818,0.581818181818182,0.0418181818181818,0,1441.48909090909,19.0618181818182,15.9345454545455,4.25818181818182,0.250909090909091,1.06181818181818,17.5545454545455,12.4490909090909,1.97272727272727,1.46363636363636,27.6381818181818,6.50545454545455,44.4781818181818,55.32,2.62181818181818,2.45090909090909,2.15454545454545,0.00181818181818182,0.0218181818181818,340302.92,1.50727272727273,1.20181818181818
"1770",2009,35,94.9655172413793,95.115987460815,0.106583072100313,0,0,192.592476489028,27.6583072100313,15.128526645768,4.35423197492163,0.369905956112853,1.13166144200627,10.0658307210031,13.2163009404389,1.67711598746082,1.10658307210031,27.3416927899687,6.46081504702194,95.2758620689655,95.2758620689655,2.78369905956113,2.99686520376176,2.30721003134796,0,0.122257053291536,350161.12539185,1.42633228840125,1.30407523510972
"1771",2009,36,44.5088868101029,55.4387277829747,0.225444340505145,0,0,3455.87652011225,64.1300280636109,15.8419083255379,3.97006548175865,0.245088868101029,1.08325537885875,17.6342376052385,12.621141253508,1.96351730589336,1.6267539756782,28.8306828811974,6.77268475210477,45.1272217025257,55.7595884003742,2.48175865294668,2.29747427502339,2.05799812909261,0.00187090739008419,0.000935453695042095,360541.642656689,1.42376052385407,1.28531337698784
"1772",2009,37,34.7887323943662,47.1806130903065,0.457332228666114,0,0,747.49130074565,100.562551781276,15.5973487986744,4.2029826014913,0.326429163214582,1.08782104391052,20.129246064623,12.6628003314002,1.71996685998343,1.36454018227009,29.2659486329743,6.46975973487987,34.4291632145816,47.0182270091135,2.41342170671085,2.52029826014913,2.38525269262635,0.00662800331400166,0,370607.731565866,1.47141673570837,1.19055509527755
"1773",2009,38,15.8706896551724,31.7931034482759,0.0258620689655172,0,0,112.594827586207,60.2413793103448,16.7931034482759,4.00862068965517,0.422413793103448,1.20689655172414,11.4310344827586,12.4741379310345,1.68965517241379,1.41379310344828,26.1551724137931,7.06896551724138,15.8189655172414,32.198275862069,2.39655172413793,2.28448275862069,1.86206896551724,0,0.431034482758621,380058.5,1.45689655172414,1.57758620689655
"1774",2009,39,24.8074074074074,39.3555555555556,0.613756613756614,0,0,1351.36931216931,83.3915343915344,16.2042328042328,4.13862433862434,0.378835978835979,1.08148148148148,20.3407407407407,12.6962962962963,1.74603174603175,1.9047619047619,28.9809523809524,7.02539682539683,24.8804232804233,39.2687830687831,2.4,2.0021164021164,2.41587301587302,0.00211640211640212,0,390493.204232804,1.51005291005291,1.23280423280423
"1775",2009,40,46.2523219814241,56.2631578947368,0.634674922600619,0.0278637770897833,0,1220.46904024768,87.6222910216718,15.3715170278638,4.27863777089783,0.357585139318885,1.14086687306502,19.1764705882353,14.3219814241486,1.74458204334365,1.30959752321981,29.2321981424149,6.4969040247678,46.6609907120743,55.4396284829721,2.35448916408669,2.26006191950464,2.52631578947368,0.00154798761609907,0.00464396284829721,400330.224458204,1.45820433436533,1.20743034055728