"","YEAR","STATE","ARR_HOUR","ARR_MIN","CF1","CF2","CF3","CITY","COUNTY","DAY","DAY_WEEK","DRUNK_DR","FATALS","HARM_EV","HOUR","LGT_COND","MAN_COLL","MINUTE","MONTH","NOT_HOUR","NOT_MIN","PERSONS","RAIL","REL_ROAD","SCH_BUS","SP_JUR","ST_CASE","VE_FORMS","WEATHER"
"1776",2009,41,16.0664652567976,32.1087613293051,0.851963746223565,0,0,334.178247734139,36.9033232628399,16.2477341389728,4.3595166163142,0.356495468277946,1.13897280966767,16.4320241691843,17.9848942598187,1.88821752265861,1.04229607250755,32.3111782477341,6.87009063444109,15.6978851963746,31.5438066465257,2.58006042296073,2.3202416918429,2.46223564954683,0,0.00906344410876133,410169.407854985,1.4773413897281,1.5226586102719
"1777",2009,42,45.1706036745407,54.7296587926509,0.973753280839895,0.206474190726159,0.173228346456693,1226.86614173228,65.2484689413823,15.1426071741032,4.13910761154856,0.364829396325459,1.09886264216973,20.4654418197725,12.8573928258968,1.76290463692038,1.53018372703412,27.5503062117235,6.7244094488189,43.9571303587052,54.4706911636045,2.41994750656168,2,2.51268591426072,0.00437445319335083,0.0148731408573928,420574.971128609,1.51793525809274,1.31758530183727
"1778",2009,44,53.6315789473684,61.1184210526316,0.513157894736842,0,0,134.434210526316,6.55263157894737,14.4210526315789,4.01315789473684,0.434210526315789,1.09210526315789,19.4078947368421,12.5263157894737,2.07894736842105,1,29.2631578947368,7.61842105263158,46.8684210526316,56.8552631578947,2.26315789473684,2,2.96052631578947,0.0131578947368421,0.118421052631579,440039.434210526,1.34210526315789,1.38157894736842
"1779",2009,45,99,99,0.0489596083231334,0,0,200.93023255814,46.96817625459,15.2484700122399,4.17870257037944,0.438188494492044,1.09424724602203,21.6376988984088,12.7894736842105,1.69767441860465,1.20685434516524,27.0636474908201,6.49938800489596,99,99,2.34883720930233,2.30232558139535,2.55079559363525,0.00367197062423501,0,450410.330477356,1.41615667074663,1.17625458996328
"1780",2009,46,50.1339285714286,57.5803571428571,0.660714285714286,0,0,275.089285714286,80.1071428571429,16.9732142857143,4.01785714285714,0.455357142857143,1.16964285714286,10.4017857142857,12.5178571428571,1.65178571428571,1.11607142857143,26.4464285714286,6.86607142857143,43.1071428571429,53.8571428571429,2.30357142857143,2.80357142857143,2.83928571428571,0,0.642857142857143,460056.5,1.3125,1.25
"1781",2009,47,97.3355191256831,97.807650273224,0.707103825136612,0.0830601092896175,0,614.979234972678,97.0786885245902,15.7147540983607,4.16174863387978,0.287431693989071,1.0775956284153,22.8087431693989,14.248087431694,1.7672131147541,1.3672131147541,28.0666666666667,6.74207650273224,97.3322404371585,97.7814207650273,2.30382513661202,2.15300546448087,2.83825136612022,0.00655737704918033,0.00437158469945355,470465.876502732,1.42513661202186,1.23825136612022
"1782",2009,48,39.2942225392297,49.9454350927247,0.98716119828816,0.158701854493581,0.0706134094151213,1854.53388017118,236.305278174037,15.4604136947218,4.15763195435093,0.368402282453638,1.10699001426534,17.4589871611983,12.0203281027104,1.95292439372325,1.65192582025678,28.6722539229672,6.41084165477889,39.9226105563481,50.4500713266762,2.55848787446505,2.6009272467903,2.5756062767475,0.00320970042796006,0.00356633380884451,481430.631241084,1.50962910128388,1.20363766048502
"1783",2009,49,24.1981566820277,38.8709677419355,0.788018433179724,0,0,808.322580645161,32.668202764977,14.9815668202765,3.94470046082949,0.207373271889401,1.12442396313364,12.5760368663594,12.963133640553,1.71889400921659,1.48847926267281,27.6221198156682,6.31797235023041,22.8294930875576,38.1336405529954,3.05529953917051,2,3.10138248847926,0.00460829493087558,0.0138248847926267,490109.534562212,1.59447004608295,1.28571428571429
"1784",2009,50,13.9130434782609,28.8695652173913,5.34782608695652,2.8695652173913,2.8695652173913,965.63768115942,14.9420289855072,14.231884057971,4.31884057971014,0.376811594202899,1.07246376811594,20.4202898550725,19,1.59420289855072,1.15942028985507,32.6376811594203,7.53623188405797,13.7246376811594,28.9565217391304,2.33333333333333,2.2463768115942,2.65217391304348,0,0,500035.985507246,1.40579710144928,1.50724637681159
"1785",2009,51,88.1666666666667,89.3563218390805,0.859195402298851,0.317528735632184,0.28448275862069,328.686781609195,214.563218390805,16.0574712643678,4.28304597701149,0.352011494252874,1.08908045977011,23.3620689655172,12.8261494252874,1.77442528735632,1.27873563218391,27.985632183908,6.70402298850575,95.0962643678161,95.0962643678161,2.14367816091954,2.83477011494253,2.61494252873563,0.0028735632183908,0.0028735632183908,510351.862068966,1.40086206896552,1.19971264367816
"1786",2009,53,22.476821192053,36.8256070640177,0.194260485651214,0,0,548.766004415011,46.0419426048565,15.3443708609272,4.15452538631347,0.485651214128035,1.08609271523179,16.5960264900662,12.2030905077263,1.93377483443709,1.16556291390728,27.2891832229581,6.84105960264901,22.19646799117,35.766004415011,2.44150110375276,2,2.61810154525386,0,0.0838852097130243,530229.732891832,1.39955849889625,1.35761589403974
"1787",2009,54,49.6246153846154,60.3969230769231,0.732307692307692,0.0123076923076923,0,1250.30769230769,49.6769230769231,15.5076923076923,4.14153846153846,0.4,1.09846153846154,21.4492307692308,12.8246153846154,1.63692307692308,1.04923076923077,27.3723076923077,6.45846153846154,48.8861538461538,58.7907692307692,2.20307692307692,2,2.39384615384615,0.00307692307692308,0,540163.723076923,1.38769230769231,1.33230769230769
"1788",2009,55,29.9247524752475,43.5366336633663,1.44554455445545,0.0455445544554455,0,968.441584158416,76.1524752475247,15.9841584158416,4.22376237623762,0.451485148514851,1.11089108910891,18.3009900990099,16.9445544554455,1.78613861386139,1.87524752475248,33.0336633663366,6.93861386138614,25.7683168316832,40.0851485148515,2.30693069306931,2.28118811881188,2.57623762376238,0.00594059405940594,0.0297029702970297,550253.356435644,1.44356435643564,1.34257425742574
"1789",2009,56,27.7413793103448,41.2327586206897,0.327586206896552,0,0,56.8965517241379,21.1896551724138,17.25,3.75862068965517,0.413793103448276,1.1551724137931,12.6637931034483,15.2586206896552,1.75,0.939655172413793,29.698275862069,6.78448275862069,27.5258620689655,42.2327586206897,2.72413793103448,2,2.94827586206897,0.00862068965517241,0.206896551724138,560058.5,1.27586206896552,1.61206896551724
"1790",2010,1,16.5025252525253,31.6477272727273,0.547979797979798,0.0176767676767677,0,775.664141414141,74.7676767676768,16.1944444444444,4.18686868686869,0.303030303030303,1.08838383838384,21.3421717171717,12.6313131313131,2.04040404040404,1.71590909090909,26.8181818181818,6.77525252525253,96.3901515151515,96.770202020202,2.28282828282828,2.46085858585859,2.46843434343434,0.00505050505050505,0,10398.5707070707,1.4709595959596,1.80808080808081
"1791",2010,2,61.0576923076923,65.1346153846154,1.69230769230769,0,0,983.211538461538,114.096153846154,16.4230769230769,4.28846153846154,0.365384615384615,1.07692307692308,16.3846153846154,13.7692307692308,1.75,1.5,23.25,7.28846153846154,55.9230769230769,62.7115384615385,2.40384615384615,2,2.21153846153846,0,0,20027.0192307692,1.46153846153846,4.13461538461539
"1792",2010,4,34.778417266187,46.6517985611511,1.02446043165468,0.0273381294964029,0,195.89928057554,14.3942446043165,15.4561151079137,4.26474820143885,0.277697841726619,1.09208633093525,16.9424460431655,17.4086330935252,2.31942446043165,2.01007194244604,32.7870503597122,6.6158273381295,31.8402877697842,44.2374100719424,2.50359712230216,2.27769784172662,6.64604316546763,0.00143884892086331,0.4,40366.0388489209,1.44892086330935,10.9438848920863
"1793",2010,5,30.1624758220503,43.1547388781431,1.51063829787234,0.802707930367505,0.765957446808511,974.017408123791,78.5203094777563,15.110251450677,4.22630560928433,0.340425531914894,1.10444874274662,21.468085106383,13.5435203094778,2.98065764023211,1.97678916827853,28.8588007736944,7.12959381044487,29.8858800773694,42.8955512572534,2.25531914893617,2.7852998065764,2.64603481624758,0.00193423597678917,0.00580270793036751,50260.6963249516,1.45647969052224,1.48936170212766
"1795",2010,8,50.6520681265207,61.0535279805353,1.0632603406326,0.0462287104622871,0,410.243309002433,54.6131386861314,15.5717761557178,4.18978102189781,0.316301703163017,1.09489051094891,15.6569343065693,12.7031630170316,1.85158150851582,1.52554744525547,27.7372262773723,7.24087591240876,44.8199513381995,55.9489051094891,2.33333333333333,2.53771289537713,2.33576642335766,0.0024330900243309,0,80206,1.46228710462287,1.1654501216545
"1796",2010,9,32.4749163879599,45.8327759197324,0.54180602006689,0,0,445.939799331104,6.57859531772575,15.7692307692308,4.35117056856187,0.347826086956522,1.07023411371237,21.7324414715719,12.1003344481605,1.91638795986622,1.21739130434783,29.9632107023411,6.62207357859532,17.4247491638796,33.9732441471572,2.02341137123746,2,2.43478260869565,0.00334448160535117,0,90151.1973244147,1.4247491638796,1.45150501672241
"1797",2010,10,21.3260869565217,38.0217391304348,0.369565217391304,0,0,39.7826086956522,3.19565217391304,14.5434782608696,4.06521739130435,0.402173913043478,1.09782608695652,16.6413043478261,12.7282608695652,1.57608695652174,1.8695652173913,27.3586956521739,6.71739130434783,15.0434782608696,29.0978260869565,2.16304347826087,2,2.10869565217391,0.0108695652173913,0,100047.293478261,1.47826086956522,1.67391304347826
"1798",2010,11,97.1666666666667,97.1666666666667,0,0,0,10,1,12.7916666666667,4.20833333333333,0.375,1,14.4166666666667,10.0416666666667,2.45833333333333,0.625,29.4166666666667,5.79166666666667,97.1666666666667,97.1666666666667,1.625,2,1.875,0,0.0416666666666667,110012.5,1.16666666666667,5.125
"1799",2010,12,34.8642193719593,47.1375497567448,0.473241928350287,0.0278637770897833,0,762.40203449801,72.0451127819549,15.6758071649713,4.18045112781955,0.283060592658116,1.08093763821318,16.1110128261831,13.0008845643521,1.99026979212738,1.74436090225564,28.7558602388324,6.5077399380805,36.1216275984078,48.5440070765148,2.38345864661654,2.12206988058381,2.07209199469261,0.00442282176028306,0,121170.983635559,1.52366209641751,3.11322423706325
"1800",2010,13,37.3869565217391,49.5634782608696,0.987826086956522,0.459130434782609,0.430434782608696,1111.42608695652,137.669565217391,15.2678260869565,4.16260869565217,0.24695652173913,1.08434782608696,20.1947826086957,13.6773913043478,1.68260869565217,1.83826086956522,29.0765217391304,6.69391304347826,37.1947826086957,48.7382608695652,2.26086956521739,2.36173913043478,2.71739130434783,0.00434782608695652,0.06,130579.655652174,1.48347826086957,3.21391304347826
"1801",2010,15,15.6605504587156,33.1559633027523,1.08256880733945,0,0,4264.22018348624,3.45871559633028,17.0733944954128,4.25688073394495,0.403669724770642,1.03669724770642,18.6605504587156,13.1100917431193,2.55963302752294,1.3302752293578,29.9816513761468,6.03669724770642,14.697247706422,31.2201834862385,2.29357798165138,2,2.12844036697248,0.018348623853211,0.018348623853211,150055.036697248,1.40366972477064,4.01834862385321
"1802",2010,16,18.772972972973,33.7567567567568,1.10810810810811,0.108108108108108,0,184.475675675676,37.5945945945946,16.5189189189189,4.13513513513514,0.362162162162162,1.12972972972973,18.3513513513514,17.6648648648649,1.71351351351351,1.53513513513514,32.0972972972973,7.05405405405405,17.1837837837838,32.9405405405405,2.27567567567568,2,2.54054054054054,0,0.227027027027027,160093.027027027,1.36756756756757,3.56216216216216
"1803",2010,17,97.1538461538462,98.8076923076923,0.614219114219114,0.137529137529138,0.115384615384615,1695.2972027972,90.5501165501166,15.3286713286713,4.1958041958042,0.389277389277389,1.08041958041958,17.4289044289044,12.2948717948718,1.80536130536131,1.78321678321678,28.7167832167832,6.95104895104895,12.7703962703963,29.6783216783217,2.2960372960373,2.68414918414918,2.15967365967366,0.0034965034965035,0.00116550116550117,170458.452214452,1.53030303030303,1.9020979020979
"1804",2010,18,12.679029957204,29.0912981455064,0.917261055634807,0.0328102710413695,0,2744.34236804565,88.1126961483595,15.753209700428,4.2981455064194,0.25962910128388,1.0756062767475,19.6676176890157,12.583452211127,1.6262482168331,1.8074179743224,28.4108416547789,6.79885877318117,12.6576319543509,28.9786019971469,2.40656205420827,2.82310984308131,2.73181169757489,0.00570613409415121,0,180358.014265335,1.56205420827389,3.03281027104137
"1805",2010,19,23.9109195402299,38.5890804597701,0.313218390804598,0,0,1154.69827586207,107.683908045977,15.5,4.20977011494253,0.186781609195402,1.12068965517241,15.2873563218391,12.8793103448276,1.64080459770115,2.04885057471264,29.1063218390805,7.17241379310345,23.6580459770115,38.0459770114943,2.29022988505747,2.14080459770115,2.20402298850575,0.00574712643678161,0,190175.856321839,1.56896551724138,1.35057471264368
"1806",2010,20,18.313829787234,35.2074468085106,0.295212765957447,0,0,1296.59308510638,114.148936170213,15.7526595744681,4.09574468085106,0.529255319148936,1.14627659574468,18.7925531914894,13.4601063829787,1.82446808510638,2.07446808510638,27.7287234042553,6.88563829787234,18.2686170212766,33.8510638297872,2.40957446808511,2.84840425531915,2.37765957446809,0.00265957446808511,0.00265957446808511,200195.228723404,1.52659574468085,1.99202127659574
"1807",2010,21,22.2492795389049,37.4221902017291,0.602305475504323,0,0,688.935158501441,113.694524495677,15.6902017291066,4.20317002881844,0.289625360230548,1.09510086455331,18.8818443804035,12.9308357348703,1.63400576368876,1.70028818443804,28.4092219020173,6.74207492795389,21.6945244956772,36.9265129682997,2.34293948126801,2.7521613832853,2.32853025936599,0.00432276657060519,0,210349.250720461,1.5028818443804,3.28530259365994
"1808",2010,22,19.3416149068323,35.6444099378882,1.17080745341615,0.145962732919255,0,443.400621118012,60.2888198757764,15.1288819875776,4.39906832298137,0.349378881987578,1.1195652173913,21.6211180124224,14.6040372670807,1.94875776397516,1.41459627329193,29.0139751552795,6.54503105590062,19.2344720496894,33.2593167701863,2.32453416149068,2.59006211180124,2.48447204968944,0.0062111801242236,0,220325.951863354,1.44409937888199,2.82919254658385
"1809",2010,23,15.0138888888889,30.3472222222222,0.138888888888889,0,0,4946.83333333333,15.2777777777778,15.8819444444444,4.19444444444444,0.291666666666667,1.11805555555556,23.0625,13.3125,1.875,1.38194444444444,27.5833333333333,7.04166666666667,14.8819444444444,29.8680555555556,2.13888888888889,2,3.70138888888889,0,0,230072.833333333,1.40972222222222,3.13888888888889
"1810",2010,24,79.414686825054,82.8034557235421,0.667386609071274,0.213822894168467,0.213822894168467,156.218142548596,61.5161987041037,15.0799136069114,4.02591792656587,0.356371490280778,1.07127429805616,19.3153347732181,12.488120950324,1.84665226781857,2.65874730021598,30.0950323974082,6.89200863930886,79.4298056155508,83.0302375809935,2.19870410367171,2,3.49676025917927,0.00215982721382289,0.0259179265658747,240234.293736501,1.49460043196544,1.11663066954644
"1811",2010,25,27.9848484848485,42.8484848484849,1.00606060606061,0,0,793.490909090909,15.6727272727273,16.0636363636364,4.12121212121212,0.327272727272727,1.05151515151515,20.1212121212121,12.630303030303,2.0969696969697,1.71212121212121,28.5969696969697,6.92727272727273,27.7030303030303,41.8818181818182,1.96363636363636,2.35151515151515,2.74242424242424,0,0,250167.572727273,1.36060606060606,8.65454545454545
"1812",2010,26,44.0744558991982,54.4020618556701,3.23367697594502,0.0698739977090493,0,1149.62313860252,100.821305841924,15.9839633447881,4.03550973654066,0.311569301260023,1.07903780068729,18.4936998854525,12.8774341351661,1.80183276059565,1.8659793814433,28.8591065292096,6.93127147766323,42.5830469644903,53.7479954180985,2.24054982817869,2.25200458190149,2.42611683848797,0.00229095074455899,0.0126002290950745,260450.995418099,1.51088201603666,3.91294387170676
"1813",2010,27,35.4423076923077,47.4230769230769,1.06318681318681,0,0,1587.31868131868,87.956043956044,15.9065934065934,4.08516483516483,0.321428571428571,1.12912087912088,15.021978021978,13.1208791208791,1.76923076923077,2.53021978021978,29.1868131868132,6.8489010989011,23.2032967032967,37.4725274725275,2.50549450549451,2.27472527472527,1.97527472527473,0.010989010989011,0.0384615384615385,270193.804945055,1.62912087912088,5.07142857142857
"1814",2010,28,49.6592082616179,55.0671256454389,0.0654044750430293,0,0,316.130808950086,78.0912220309811,15.4251290877797,4.10671256454389,0.242685025817556,1.10327022375215,20.0189328743546,13.0963855421687,1.65232358003442,1.58175559380379,29.5645438898451,6.64199655765921,49.2323580034423,57.6299483648881,2.14802065404475,3.39759036144578,3.69018932874355,0.00172117039586919,0.00860585197934595,280291.681583477,1.37693631669535,1.25989672977625
"1815",2010,29,49.6876606683805,59.2866323907455,0.748071979434447,0.025706940874036,0,1786.46272493573,137.401028277635,15.4087403598972,4.12982005141388,0.340616966580977,1.05526992287918,21.7159383033419,13.1426735218509,1.6452442159383,1.48714652956298,27.7056555269923,6.93316195372751,49.53470437018,58.8958868894602,2.29177377892031,2.55269922879177,2.47557840616967,0.0051413881748072,0.0154241645244216,290398.652956298,1.48071979434447,3.96401028277635
"1816",2010,30,17.2981366459627,34.2732919254658,0.807453416149068,0,0,44.7204968944099,53.1863354037267,17.1552795031056,4.15527950310559,0.490683229813665,1.17391304347826,17.0372670807453,12.9751552795031,1.70186335403727,1.63354037267081,26.7577639751553,7.1304347826087,16.0993788819876,34.1242236024845,2.24844720496894,2.67080745341615,2.59006211180124,0.0062111801242236,0.391304347826087,300081,1.36024844720497,3.18633540372671
"1817",2010,31,96.4156626506024,96.4156626506024,0.355421686746988,0,0,655.66265060241,95.9879518072289,15.933734939759,3.90963855421687,0.307228915662651,1.14457831325301,16.789156626506,13.9578313253012,1.57831325301205,2.12650602409639,31.2530120481928,6.77710843373494,96.4156626506024,96.4156626506024,2.22289156626506,2.7289156626506,2.34939759036145,0.00602409638554217,0,310083.5,1.5,3.26506024096386
"1818",2010,32,20.4425531914894,34.0936170212766,0.659574468085106,0.0638297872340425,0,34.0340425531915,11.9574468085106,14.8468085106383,4.09787234042553,0.331914893617021,1.0936170212766,14.9744680851064,12.4851063829787,1.83404255319149,1.38297872340426,28.1276595744681,6.97446808510638,16.5234042553192,31.2297872340426,2.3063829787234,2,2.34468085106383,0.00851063829787234,0.00425531914893617,320121.608510638,1.47659574468085,3.07234042553192
"1819",2010,33,14.625,29.825,0.166666666666667,0,0,261.933333333333,10.9666666666667,16.8416666666667,4.39166666666667,0.341666666666667,1.06666666666667,20.7333333333333,13.55,1.7,1.06666666666667,30.6833333333333,6.26666666666667,14.8333333333333,32.2916666666667,2.00833333333333,2,2.64166666666667,0,0,330060.5,1.4,3.09166666666667
"1820",2010,34,41.6377358490566,53.4075471698113,0.969811320754717,0.107547169811321,0,1454.0320754717,19.9245283018868,15.7264150943396,4.06792452830189,0.266037735849057,1.04905660377358,17.2867924528302,12.2471698113208,1.95471698113208,1.49433962264151,28.9943396226415,6.80943396226415,41.0603773584906,52.9547169811321,2.22641509433962,2.16792452830189,2.2377358490566,0.00377358490566038,0.0358490566037736,340282.726415094,1.51132075471698,1.43018867924528
"1821",2010,35,96.3943217665615,96.4921135646688,0.312302839116719,0,0,339.170347003155,27.7444794952681,16.0473186119874,3.99053627760252,0.369085173501577,1.10094637223975,13.6529968454259,13.0347003154574,1.79179810725552,1.70031545741325,27.5930599369085,6.58359621451104,96.6403785488959,96.6403785488959,2.52365930599369,2.74763406940063,2.5205047318612,0,0.277602523659306,350163.892744479,1.41324921135647,1.17350157728707
"1822",2010,36,43.6551418439716,54.3599290780142,0.254432624113475,0.122340425531915,0.0877659574468085,3552.69237588653,64.0797872340426,15.8156028368794,3.94769503546099,0.24113475177305,1.06471631205674,18.8776595744681,12.6400709219858,1.86524822695035,1.29698581560284,28.7154255319149,6.73758865248227,43.1489361702128,53.8102836879433,2.13652482269504,2.10283687943262,2.17198581560284,0.00797872340425532,0.0106382978723404,360574.850177305,1.39716312056738,3.6604609929078
"1823",2010,37,35.35960591133,46.8128078817734,0.490968801313629,0,0,737.784072249589,102.472906403941,15.3981937602627,4.30213464696223,0.344006568144499,1.08374384236453,20.4392446633826,13.0796387520525,1.73234811165846,1.60837438423645,29.2536945812808,6.75287356321839,35.1190476190476,47.7405582922824,2.29310344827586,2.0615763546798,2.26929392446634,0.00246305418719212,0.0246305418719212,370612.876847291,1.47290640394089,2.20607553366174
"1824",2010,38,15.0217391304348,33.2391304347826,0.576086956521739,0,0,230.923913043478,49.6521739130435,15.445652173913,4.19565217391304,0.467391304347826,1.14130434782609,12.4891304347826,11.3913043478261,1.8695652173913,1.41304347826087,28.5869565217391,7.18478260869565,14.445652173913,32.9347826086956,2.53260869565217,3.23913043478261,2.42391304347826,0,0.554347826086957,380046.5,1.57608695652174,10.2717391304348
"1825",2010,39,28.8628048780488,41.650406504065,0.306910569105691,0,0,1363.67987804878,86.5467479674797,15.9715447154472,4.07012195121951,0.384146341463415,1.09756097560976,20.9258130081301,12.6361788617886,1.77845528455285,2.01016260162602,28.2540650406504,6.90853658536585,28.5182926829268,42.5223577235772,2.31707317073171,2.17378048780488,2.51219512195122,0.0040650406504065,0,390521.717479675,1.53150406504065,4.17479674796748
"1826",2010,40,22.9204545454545,36.6720779220779,0.847402597402597,0.099025974025974,0.0227272727272727,1215.28084415584,90.2564935064935,15.3571428571429,4.1461038961039,0.366883116883117,1.08441558441558,19.1331168831169,13.5909090909091,1.77435064935065,1.61201298701299,27.4074675324675,6.86201298701299,22.1769480519481,35.7581168831169,2.25811688311688,2.40584415584416,2.45292207792208,0.00487012987012987,0.0162337662337662,400311.582792208,1.45292207792208,3.53571428571429
"1827",2010,41,17.0787671232877,32.208904109589,1.1986301369863,0,0,366.982876712329,35.8767123287671,16.5719178082192,4.24315068493151,0.23972602739726,1.08561643835616,16.9383561643836,17.7020547945205,1.95890410958904,1.3527397260274,32.1061643835616,6.85616438356164,15.6335616438356,31.5445205479452,2.28082191780822,2,2.30821917808219,0.00342465753424658,0.0102739726027397,410151.065068493,1.43493150684932,6.73972602739726
"1828",2010,42,44.3824503311258,55.5695364238411,1.25413907284768,0.184602649006623,0.0182119205298013,1367.89569536424,63.8096026490066,16.0099337748344,4.17466887417219,0.347682119205298,1.09602649006623,21.0852649006623,12.3683774834437,1.73344370860927,1.59602649006623,27.9254966887417,6.95281456953642,43.3501655629139,54.625,2.19619205298013,2.04635761589404,2.44619205298013,0.00745033112582781,0.00745033112582781,420606.216887417,1.47599337748344,1.69701986754967
"1829",2010,44,15,33.6769230769231,2.52307692307692,1.52307692307692,1.52307692307692,153.692307692308,6.53846153846154,14.3230769230769,4.03076923076923,0.461538461538462,1.03076923076923,19.7230769230769,11.5538461538462,2.21538461538462,1.32307692307692,29.3384615384615,6.4,14.9230769230769,32.1846153846154,2.01538461538462,2,2.66153846153846,0,0,440035.6,1.35384615384615,2.06153846153846
"1830",2010,45,98.7213333333333,98.7213333333333,0.309333333333333,0,0,207.278666666667,47.3893333333333,15.1506666666667,4.21466666666667,0.432,1.07866666666667,21.3266666666667,12.6293333333333,1.74266666666667,1.81866666666667,26.9666666666667,6.69466666666667,98.7213333333333,98.7213333333333,2.21066666666667,2.53066666666667,2.39066666666667,0.004,0,450382.16,1.444,1.728
"1831",2010,46,49.741935483871,58,0.580645161290323,0.185483870967742,0,254.556451612903,79.3225806451613,15.5725806451613,4.33064516129032,0.395161290322581,1.12903225806452,11.9596774193548,12.3467741935484,1.65322580645161,1.57258064516129,28.5967741935484,6.74193548387097,48.2661290322581,57.1129032258064,2.5241935483871,2,2.31451612903226,0,0.491935483870968,460063.427419355,1.49193548387097,2.62096774193548
"1832",2010,47,97.2379958246347,97.5855949895616,1.06680584551148,0.305845511482255,0.206680584551148,612.934237995825,97.5427974947808,15.7505219206681,4.11795407098121,0.293319415448852,1.07724425887265,21.5762004175365,15.3256784968685,1.78705636743215,1.60020876826722,30.570981210856,6.49791231732777,97.3371607515658,97.7787056367432,2.20459290187891,2.17954070981211,2.52296450939457,0.00208768267223382,0.0156576200417537,470493.995824635,1.45198329853862,2.6419624217119
"1833",2010,48,51.772396212673,60.4304442825929,1.02476329206118,0.0633648943918427,0,1832.11289147851,237.900218499636,15.615804806992,4.18681718863802,0.374726875455208,1.10087399854334,17.356518572469,11.6008739985433,1.92097596504006,1.89038601602331,28.6001456664239,6.67115804806992,52.8834668608886,61.6514930808449,2.41041514930808,2.28732702112163,2.39439184268026,0.00546249089584851,0.00728332119446468,481406.140203933,1.52257829570284,2.77203204661326
"1834",2010,49,25.5091743119266,39.6192660550459,0.655963302752294,0.0917431192660551,0,1061.04128440367,34.0550458715596,16.1926605504587,4.30275229357798,0.211009174311927,1.1605504587156,15.697247706422,13.1009174311927,1.61467889908257,1.84862385321101,28.9174311926606,7.11467889908257,23.0779816513761,37.3990825688073,2.62844036697248,3.02293577981651,2.54128440366972,0.00458715596330275,0.0321100917431193,490109.5,1.49082568807339,4.08715596330275
"1835",2010,50,14.9365079365079,30.3015873015873,1.07936507936508,0,0,1196.01587301587,14.1428571428571,16.3650793650794,3.87301587301587,0.396825396825397,1.12698412698413,19.2539682539683,11.8888888888889,1.53968253968254,1.44444444444444,29.1904761904762,7.33333333333333,14.7619047619048,29.2539682539683,2.23809523809524,2,2.6031746031746,0,0,500032,1.38095238095238,2.95238095238095
"1836",2010,51,98.9840348330914,98.9840348330914,0.811320754716981,0.165457184325109,0.143686502177068,315.962264150943,218.081277213353,15.8505079825835,4.22496371552975,0.332365747460087,1.07402031930334,22.0725689404935,12.7910014513788,1.7155297532656,1.60812772133527,27.8127721335268,6.65602322206096,98.9840348330914,98.9840348330914,1.95645863570392,3.25834542815675,2.5021770682148,0.00435413642960813,0.00145137880986938,510347.184325109,1.43976777939042,1.1988388969521
"1837",2010,53,17.4454976303318,33.324644549763,0.258293838862559,0,0,602.13981042654,43.8767772511848,16.3909952606635,4.21090047393365,0.417061611374408,1.09004739336493,18.6706161137441,12.978672985782,1.89336492890995,1.44549763033175,28.6611374407583,6.90521327014218,17.4218009478673,34.3104265402844,2.239336492891,2.27488151658768,2.74407582938389,0.0023696682464455,0.146919431279621,530216.447867299,1.46919431279621,4.04265402843602
"1838",2010,54,58.0851063829787,66.3936170212766,0.783687943262411,0.351063829787234,0.351063829787234,1366.37943262411,51.468085106383,14.758865248227,4.13120567375887,0.365248226950355,1.11702127659574,20.6347517730496,12.6028368794326,1.59929078014184,1.43617021276596,27.8333333333333,6.79787234042553,57.6524822695035,66.9397163120567,2.19148936170213,2.39716312056738,2.61702127659574,0,0,540143.925531915,1.43971631205674,3.00354609929078
"1839",2010,55,32.7935606060606,46.4299242424242,1.37878787878788,0,0,981.223484848485,72.2424242424242,15.3143939393939,4.10606060606061,0.418560606060606,1.08333333333333,17.3977272727273,14.5056818181818,1.80871212121212,1.88257575757576,30.6041666666667,6.95643939393939,28.2462121212121,42.4034090909091,2.20643939393939,2.07954545454545,2.25189393939394,0.00378787878787879,0.0340909090909091,550268.136363636,1.54166666666667,5.45265151515152
"1840",2010,56,29.1726618705036,42.0575539568345,0.402877697841727,0,0,55.5395683453237,21.3597122302158,15.6115107913669,3.85611510791367,0.41726618705036,1.11510791366906,19.4532374100719,14.4604316546763,1.53956834532374,1.1294964028777,29.8201438848921,7.38129496402878,29.2374100719424,41.8561151079137,2.02877697841727,2,2.75539568345324,0,0.136690647482014,560070,1.33093525179856,3.23741007194245
"1841",2011,1,16.039457459926,30.8051787916153,0.557336621454994,0.0357583230579531,0.0283600493218249,654.405672009864,74.7065351418002,15.249075215783,4.33168927250308,0.298397040690506,1.1035758323058,21.1701602959309,12.9087546239211,2.09371146732429,1.71516646115906,27.521578298397,6.54870530209618,72.8754623921085,78.5030826140567,2.36251541307028,2.68680641183724,2.37237977805179,0.0061652281134402,0,10407.4032059186,1.50308261405672,2.78175092478422