"","YEAR","STATE","ARR_HOUR","ARR_MIN","CF1","CF2","CF3","CITY","COUNTY","DAY","DAY_WEEK","DRUNK_DR","FATALS","HARM_EV","HOUR","LGT_COND","MAN_COLL","MINUTE","MONTH","NOT_HOUR","NOT_MIN","PERSONS","RAIL","REL_ROAD","SCH_BUS","SP_JUR","ST_CASE","VE_FORMS","WEATHER"
"2045",2015,1,17.9732142857143,32.7410714285714,1.07397959183673,0.119897959183673,0.0637755102040816,683.692602040816,74.484693877551,14.9209183673469,4.13647959183673,0.281887755102041,1.08418367346939,20.1530612244898,12.75,1.80102040816327,1.66581632653061,27.9948979591837,6.92091836734694,79.6734693877551,83.4834183673469,2.24234693877551,3.36989795918367,2.35076530612245,0.00510204081632653,0,10393.3737244898,1.51020408163265,3.26275510204082
"2046",2015,2,33.4,46.3166666666667,1.51666666666667,0.233333333333333,0,1025.35,90.1166666666667,15.2333333333333,4.56666666666667,0.4,1.08333333333333,16.9333333333333,17.0666666666667,2.03333333333333,1.15,30.2,6.88333333333333,33.3166666666667,44.5333333333333,2.41666666666667,3,2.11666666666667,0,0,20030.5,1.46666666666667,3.86666666666667
"2047",2015,4,29.0567200986436,42.5635018495684,1.22194821208385,0.0826140567200986,0.0345252774352651,247.023427866831,16.2305795314427,15.806411837238,4.2059186189889,0.298397040690506,1.10604192355117,15.6831072749692,14.7176325524044,2.34401972872996,5.2059186189889,29.7262638717633,6.44882860665845,28.1627620221948,41.1639950678175,2.44512946979038,3,5.96177558569667,0.00246609124537608,0.443896424167694,40423.4549938348,1.5363748458693,13.0850801479655
"2048",2015,5,25.5437881873727,39.7637474541752,1.21384928716904,0.456211812627291,0.403258655804481,925.59266802444,75.3217922606925,15.5071283095723,4.07331975560081,0.289205702647658,1.12016293279022,21.1446028513238,12.8207739307536,1.68228105906314,1.72097759674134,28.7942973523422,6.78615071283096,25.2423625254582,39.8024439918534,2.27698574338086,3.53360488798371,2.31364562118126,0.00203665987780041,0.00407331975560081,50254.099796334,1.54582484725051,2.65580448065173
"2050",2015,8,57.1360946745562,65.7909270216962,1.28402366863905,0.193293885601578,0.0453648915187377,458.986193293886,54.0118343195266,15.2998027613412,4.12031558185404,0.347140039447732,1.07889546351085,15.767258382643,12.6883629191321,1.79487179487179,1.65285996055227,28.8402366863905,6.55818540433925,53.6883629191322,62.7593688362919,2.37475345167653,3.00986193293886,2.30966469428008,0,0,80257.5759368836,1.56015779092702,1.23076923076923
"2051",2015,9,54.0933852140078,61.2295719844358,1.44357976653696,0.132295719844358,0,432.630350194553,6.87548638132296,14.8054474708171,4.10505836575875,0.381322957198444,1.05058365758755,19.1945525291829,12.0856031128405,1.95330739299611,1.44357976653696,29.6887159533074,6.96887159533074,43.0194552529183,53.295719844358,2.25291828793774,3,2.57587548638132,0.00778210116731518,0.0311284046692607,90132.1478599222,1.47081712062257,2.94552529182879
"2052",2015,10,26.4488188976378,40.6220472440945,1.26771653543307,0.779527559055118,0.779527559055118,119.125984251969,3.18897637795276,13.992125984252,4.1496062992126,0.307086614173228,1.03149606299213,16.251968503937,11.9055118110236,1.85826771653543,1.91338582677165,29.5748031496063,7.14173228346457,26.3307086614173,41.8188976377953,2.17322834645669,3,1.74803149606299,0.0078740157480315,0.0708661417322835,100064,1.55905511811024,2.44094488188976
"2053",2015,11,25.9130434782609,38.0869565217391,1,0,0,10,1,16.3913043478261,4.04347826086957,0.217391304347826,1,12.2608695652174,12.1739130434783,1.8695652173913,5.65217391304348,22.3913043478261,7.30434782608696,15.5652173913043,30.695652173913,1.95652173913043,3,5.8695652173913,0,0,110012,1.30434782608696,1.04347826086957
"2054",2015,12,96.8992219340496,97.3323453130789,0.682845498332716,0.0340866987773249,0,766.733605038903,70.4075583549463,15.7413856984068,4.14227491663579,0.238606891441275,1.08855131530196,15.9036680251945,13.1115227862171,2.07410151908114,1.75250092626899,28.7462022971471,6.76509818451278,96.895887365691,97.2512041496851,2.29825861430159,3.25750277880697,1.91663579103372,0.00370507595405706,0.00703964431270841,121413.404223787,1.54279362726936,3.19785105594665
"2055",2015,13,49.0647103085026,58.1534988713318,0.806621519939804,0.0639578630549285,0,1110.25131677953,135.960120391272,15.5492851768247,4.01956358164033,0.228743416102333,1.07750188111362,19.5387509405568,13.0090293453725,1.72009029345372,1.71557562076749,27.7960872836719,6.69902182091798,48.6508653122649,57.757712565839,2.30549285176825,3.2829194883371,2.16854778028593,0.00300978179082017,0.00601956358164033,130669.484574868,1.54176072234763,3.31677953348382
"2056",2015,15,13.7882352941176,34.3058823529412,1.82352941176471,0.164705882352941,0,4417.11764705882,3.94117647058824,13.1764705882353,4.07058823529412,0.317647058823529,1.09411764705882,17.0352941176471,11.8117647058824,2.28235294117647,1.6,29.9882352941176,6.36470588235294,13.6941176470588,32.2705882352941,2.29411764705882,3,1.95294117647059,0,0.0117647058823529,150044.247058824,1.45882352941176,3.27058823529412
"2057",2015,16,15.2424242424242,30.5050505050505,1.09090909090909,0.095959595959596,0,652.49494949495,33.6767676767677,16.0909090909091,4.0959595959596,0.363636363636364,1.09090909090909,16.020202020202,14.8535353535354,1.63636363636364,1.83333333333333,31.1818181818182,7.06565656565657,15.010101010101,32.5,2.28787878787879,3.88383838383838,2.47979797979798,0.00505050505050505,0.186868686868687,160100.161616162,1.41414141414141,2.64141414141414
"2058",2015,17,98.1619256017506,98.2833698030635,1.74398249452954,0.388402625820569,0.238512035010941,1931.77133479212,92.9518599562363,15.7286652078775,4.11269146608315,0.331509846827133,1.09190371991247,18.0798687089716,12.54704595186,1.89059080962801,1.7253829321663,28.7067833698031,6.96498905908096,14.0776805251641,30.1061269146608,2.16411378555799,3.36761487964989,2.28446389496718,0.00328227571115974,0.00218818380743982,170491.761487965,1.49124726477024,3.37308533916849
"2059",2015,18,98.8829787234042,98.9029255319149,0.840425531914894,0.0678191489361702,0,2581.39494680851,87.7872340425532,15.6037234042553,4.13164893617021,0.195478723404255,1.08643617021277,18.3098404255319,12.968085106383,1.67287234042553,1.86835106382979,28.2898936170213,6.77792553191489,98.8829787234042,98.8962765957447,2.3563829787234,3.95877659574468,2.1781914893617,0.00531914893617021,0.00132978723404255,180399.666223404,1.54521276595745,3.1688829787234
"2060",2015,19,56.6737588652482,63.4219858156028,0.840425531914894,0.432624113475177,0.351063829787234,1020.41489361702,108.326241134752,15.9964539007092,3.98936170212766,0.290780141843972,1.13475177304965,15.9078014184397,13.1241134751773,1.79078014184397,1.74822695035461,28.7695035460993,6.80141843971631,56.5815602836879,64.4503546099291,2.23758865248227,3,2.35106382978723,0,0.00709219858156028,190142.567375887,1.49290780141844,4.45035460992908
"2061",2015,20,18.9782608695652,35.2919254658385,0.93167701863354,0.0714285714285714,0,1705.04037267081,116.037267080745,15.4254658385093,4.2111801242236,0.226708074534162,1.10248447204969,17.7049689440994,15.3664596273292,1.8167701863354,1.4472049689441,29.804347826087,6.96583850931677,18.5714285714286,33.3447204968944,2.24844720496894,3.00931677018634,2.5527950310559,0,0.0124223602484472,200167.204968944,1.45031055900621,1.70496894409938
"2062",2015,21,23.1988472622478,37.8112391930836,1.09510086455331,0.263688760806916,0.142651296829971,810.322766570605,116.210374639769,15.9553314121037,4.06772334293948,0.282420749279539,1.09654178674352,20.3025936599424,12.5749279538905,1.7507204610951,1.76080691642651,27.3789625360231,6.84582132564841,22.5317002881844,37.0172910662824,2.28962536023055,3.24207492795389,2.32420749279539,0.00432276657060519,0,210348.280979827,1.55619596541787,3.46829971181556
"2063",2015,22,24.8767908309456,39.9699140401146,2.10601719197708,0.616045845272206,0.359598853868195,979.650429799427,62.1117478510029,15.4856733524355,4.05873925501433,0.36676217765043,1.07736389684814,19.8438395415473,14.9498567335244,1.95988538681948,1.66045845272206,29.8710601719198,6.63610315186246,23.025787965616,37.8223495702006,2.20630372492837,3.17191977077364,2.39255014326648,0.00143266475644699,0,220365.181948424,1.48853868194842,3.95988538681948
"2064",2015,23,17.0625,33.6388888888889,1.125,0.6875,0.6875,4895.36111111111,15.7638888888889,15.3958333333333,4.19444444444444,0.5,1.08333333333333,21.9097222222222,13.0486111111111,1.76388888888889,1,30.8888888888889,7.625,17.0555555555556,34.1527777777778,1.97222222222222,3,2.99305555555556,0,0.111111111111111,230074.041666667,1.31944444444444,2.86111111111111
"2065",2015,24,52.6638830897704,60.6346555323591,0.910229645093946,0.0855949895615866,0.0793319415448852,40.5511482254697,62.643006263048,15.6304801670146,4.10229645093946,0.319415448851775,1.08559498956159,18.6701461377871,12.9624217118998,1.97286012526096,2.90396659707724,29.2609603340292,7.0187891440501,52.4885177453027,60.9436325678497,2.21294363256785,3,2.32776617954071,0.00626304801670146,0.0751565762004175,240240.922755741,1.52818371607516,3.2651356993737
"2066",2015,25,40.1498470948012,50.1100917431193,7.14678899082569,6.05504587155963,6.05504587155963,684.957186544343,16.480122324159,14.8012232415902,4.12844036697248,0.238532110091743,1.0519877675841,19.0061162079511,17.3180428134557,2.13149847094801,1.36085626911315,29.0519877675841,6.88379204892966,39.5932721712538,48.9785932721713,1.88379204892966,3,2.8256880733945,0.00611620795107034,0.186544342507645,250168.770642202,1.40366972477064,6.68501529051988
"2067",2015,26,50.3392857142857,59.7712053571429,3.97991071428571,0.0736607142857143,0,1293.95758928571,104.080357142857,15.1696428571429,4.18638392857143,0.2890625,1.07924107142857,17.7823660714286,13.1808035714286,1.90513392857143,1.765625,29.1908482142857,7.04910714285714,48.3125,57.75,2.38169642857143,3.12276785714286,2.06808035714286,0.00111607142857143,0.00111607142857143,260458.926339286,1.61160714285714,3.59375
"2068",2015,27,36.4666666666667,48.384,1.29066666666667,0.376,0.264,1572.57066666667,85.4586666666667,15.6853333333333,4.03466666666667,0.333333333333333,1.096,17.7946666666667,13.4453333333333,1.97333333333333,2.49066666666667,29.144,7.02133333333333,24.1653333333333,37.4026666666667,2.40533333333333,3.06133333333333,2.23466666666667,0.00266666666666667,0.0613333333333333,270192.216,1.584,4.84266666666667
"2069",2015,28,29.3543046357616,42.3443708609271,0.379139072847682,0.16887417218543,0.163907284768212,313.162251655629,74.5397350993377,16.1274834437086,4,0.210264900662252,1.12086092715232,21.3890728476821,12.6754966887417,1.65397350993377,1.5612582781457,27.2632450331126,6.85596026490066,29.1109271523179,40.9370860927152,2.24172185430464,3.14403973509934,2.47516556291391,0.00827814569536424,0.00165562913907285,280303.279801324,1.4453642384106,2.81622516556291
"2070",2015,29,48.2079701120797,57.1980074719801,0.887920298879203,0.0759651307596513,0,2131.08592777086,140.631382316314,15.480697384807,4.04856787048568,0.266500622665006,1.08343711083437,20.1556662515567,12.9626400996264,1.73972602739726,1.68991282689913,27.2303860523039,6.84184308841843,48.1195516811955,57.1332503113325,2.30386052303861,3.23038605230386,2.30635118306351,0.0012453300124533,0,290413.97011208,1.53051058530511,4.54047322540473
"2071",2015,30,18.093137254902,33.1911764705882,0.377450980392157,0,0,40.7843137254902,51.4705882352941,16.1078431372549,4.02941176470588,0.446078431372549,1.09803921568627,15.0343137254902,13.6911764705882,1.73529411764706,1.25980392156863,26.0441176470588,7.36274509803922,17.8627450980392,32.4264705882353,2.12745098039216,3.6078431372549,2.65196078431373,0.00490196078431373,0.333333333333333,300102.5,1.32352941176471,4.66666666666667
"2072",2015,31,95.5183486238532,95.5183486238532,0.463302752293578,0,0,1125.16055045872,87.4403669724771,15.9357798165138,3.93577981651376,0.325688073394495,1.12844036697248,15.4816513761468,25.9954128440367,1.89449541284404,2.24311926605505,37.6834862385321,6.59174311926605,95.5183486238532,95.5183486238532,2.25229357798165,3.45412844036697,2.17889908256881,0,0.00458715596330275,310110.266055046,1.52293577981651,3.20183486238532
"2073",2015,32,47.8249158249158,56.6464646464646,1.38383838383838,0,0,43.7878787878788,12.2592592592593,15.8787878787879,4.09427609427609,0.333333333333333,1.0976430976431,15.8821548821549,13.2626262626263,2.12457912457912,1.77441077441077,28.7272727272727,6.94276094276094,38.9461279461279,50.7878787878788,2.42424242424242,3,2.3973063973064,0.00336700336700337,0.0101010101010101,320149,1.53535353535354,3.26599326599327
"2074",2015,33,14.2815533980583,27.5436893203883,2.00970873786408,0.495145631067961,0,249.854368932039,11.5825242718447,15.252427184466,4.00970873786408,0.320388349514563,1.10679611650485,19.9223300970874,14.0970873786408,1.6504854368932,1.27184466019417,28.4077669902913,7.48543689320388,14.0970873786408,28.9611650485437,1.95145631067961,3,2.29126213592233,0,0,330052,1.38834951456311,2.58252427184466
"2075",2015,34,47.9616122840691,57.3071017274472,1.14779270633397,0.211132437619962,0,1554.9980806142,19.2149712092131,16.3723608445298,4.22648752399232,0.182341650671785,1.0767754318618,17.4069097888676,12.9289827255278,1.97504798464491,1.30518234165067,29.4222648752399,6.93282149712092,44.957773512476,54.4952015355086,2.14587332053743,3.29174664107486,2.94625719769674,0.00767754318618042,0.0345489443378119,340266.355086372,1.44913627639155,1.77159309021113
"2076",2015,35,42.9256505576208,54.6654275092937,0.349442379182156,0,0,249.513011152416,24.8624535315985,15.4646840148699,4.12267657992565,0.312267657992565,1.10780669144981,14.4014869888476,13.1635687732342,1.69144981412639,2.62825278810409,27.5836431226766,6.93308550185874,47.817843866171,58.7583643122677,2.36802973977695,2.99628252788104,2.18959107806691,0,0.442379182156134,350137.706319703,1.42379182156134,2.34200743494424
"2077",2015,36,48.1225259189444,57.7851083883129,0.398680490103676,0.106503298774741,0.0933081998114986,3530.45334590009,66.9076343072573,15.4128180961357,4.0311027332705,0.211121583411876,1.07068803016023,17.1715362865221,12.9773798303487,1.95947219604147,1.34213006597549,29.5758718190386,6.98774740810556,41.6852026390198,52.6409048067861,2.17153628652215,3.0923656927427,2.08671065032988,0.00377002827521206,0.0056550424128181,360533.679547597,1.4373232799246,3.51366635249764
"2078",2015,37,24.918431372549,38.3513725490196,0.829019607843137,0.0776470588235294,0,916.382745098039,102.957647058824,15.2054901960784,4.05803921568627,0.312941176470588,1.08156862745098,20.1309803921569,13.1270588235294,1.75372549019608,1.7921568627451,28.9835294117647,6.79529411764706,24.796862745098,38.5498039215686,2.27137254901961,3.10274509803922,2.23137254901961,0.00235294117647059,0.0125490196078431,370642.810196078,1.52862745098039,2.45960784313725
"2079",2015,38,32.2342342342342,46.1351351351351,0.702702702702703,0,0,220.495495495496,60.8018018018018,16.2522522522523,4.33333333333333,0.459459459459459,1.18018018018018,12.7567567567568,13.9009009009009,1.74774774774775,1.4954954954955,29.0990990990991,6.84684684684685,32.0810810810811,44.9189189189189,2.53153153153153,3.38738738738739,2.3963963963964,0.018018018018018,0.351351351351351,380059.612612613,1.51351351351351,8.31531531531532
"2080",2015,39,21.3605442176871,36.8921282798834,0.93488824101069,0.0680272108843537,0,1754.83090379009,84.1389698736638,15.575315840622,4.13411078717201,0.322643343051506,1.07871720116618,19.6384839650146,12.6909620991254,1.79008746355685,1.94266277939747,28.6297376093294,6.8620019436346,20.4625850340136,36.1049562682216,2.27502429543246,3.18950437317784,2.47230320699708,0.000971817298347911,0.0262390670553936,390539.091350826,1.59280855199223,4.18270165208941
"2081",2015,40,24.6983050847458,40.1966101694915,1.28813559322034,0.201694915254237,0.0457627118644068,1479.54915254237,89.8406779661017,15.8305084745763,4.18983050847458,0.276271186440678,1.09322033898305,17.6186440677966,14.0067796610169,1.71016949152542,1.77627118644068,29.471186440678,6.68474576271186,24.7152542372881,38.6152542372881,2.37457627118644,3.13050847457627,2.22881355932203,0.00169491525423729,0.00169491525423729,400298,1.5135593220339,4.13728813559322
"2082",2015,41,27.0583941605839,39.8564476885645,0.785888077858881,0,0,405.167883211679,37.5401459854015,16.0900243309002,3.97566909975669,0.37956204379562,1.08515815085158,17.1484184914842,14.6958637469586,1.91484184914842,2.17274939172749,29.7907542579075,6.71532846715328,23.8515815085158,38.1046228710462,2.2360097323601,3.77858880778589,2.60827250608272,0.0048661800486618,0.0072992700729927,410207.323600973,1.45742092457421,10.8004866180049
"2083",2015,42,50.7495462794918,59.8575317604356,1.22776769509982,0.104355716878403,0,1226.59528130672,64.5444646098004,15.431941923775,4.00725952813067,0.304900181488203,1.08892921960073,19.9128856624319,13.2268602540835,1.7940108892922,1.87205081669691,29.2468239564428,6.88384754990926,50.1451905626134,60.3711433756806,2.24954627949183,3.14065335753176,2.51814882032668,0.00725952813067151,0.0127041742286751,420552.450090744,1.52359346642468,1.6950998185118
"2084",2015,44,12.7317073170732,28.9512195121951,0.51219512195122,0,0,154.19512195122,6.51219512195122,17.6341463414634,3.78048780487805,0.439024390243902,1.09756097560976,23.9268292682927,12.7560975609756,2.02439024390244,1.19512195121951,25.609756097561,7.14634146341463,12.609756097561,28.3658536585366,2.46341463414634,3,2.4390243902439,0,0,440021.731707317,1.41463414634146,1.58536585365854
"2085",2015,45,68.0625686059276,73.1437980241493,0.473106476399561,0.0417124039517014,0,248.866081229418,46.7431394072448,15.4017563117453,4.21844127332602,0.332601536772777,1.07464324917673,20.5916575192097,13.1163556531284,2.00439077936334,1.63336992316136,28.0933040614709,6.68825466520307,67.9110867178924,72.7727771679473,2.31613611416026,3.34248079034029,2.2788144895719,0.00329308452250274,0,450457.801317234,1.54665203073546,2.24149286498353
"2086",2015,46,27.9655172413793,39.9568965517241,0.775862068965517,0,0,320.086206896552,74.9310344827586,14.5258620689655,4.27586206896552,0.353448275862069,1.1551724137931,12.7931034482759,12.5,1.62068965517241,1.62068965517241,27.4310344827586,7.12931034482759,26.3706896551724,40.1810344827586,2.44827586206897,3,2.60344827586207,0,0.198275862068966,460059.172413793,1.46551724137931,2.66379310344828
"2087",2015,47,97.6677927927928,97.8963963963964,1.18693693693694,0.370495495495495,0.137387387387387,616.936936936937,97.0653153153153,15.5213963963964,4.23648648648649,0.309684684684685,1.08333333333333,20.6362612612613,17.4234234234234,1.87612612612613,1.51351351351351,31.7511261261261,6.96171171171171,97.6914414414414,97.9538288288288,2.25900900900901,3.2286036036036,2.35923423423423,0.00337837837837838,0.0236486486486486,470465.809684685,1.53716216216216,3.65878378378378
"2088",2015,48,64.7078369905956,71.0532915360502,1.30595611285266,0.210344827586207,0.0357366771159875,1741.85548589342,235.77053291536,15.5394984326019,4.04137931034483,0.273040752351097,1.12288401253919,16.6263322884013,12.2219435736677,1.92727272727273,1.89686520376176,28.2708463949843,6.71034482758621,64.5909090909091,70.8564263322884,2.43322884012539,3.23949843260188,2.31943573667712,0.00250783699059561,0.000626959247648903,481634.634482759,1.56551724137931,3.22319749216301
"2089",2015,49,23.6472868217054,36.9147286821705,0.934108527131783,0.0775193798449612,0,1428.29069767442,35.5891472868217,16.2635658914729,4.24031007751938,0.170542635658915,1.07751937984496,14.3062015503876,13.1589147286822,1.86821705426357,1.54651162790698,27.6317829457364,6.75581395348837,22.3333333333333,36.2596899224806,2.54651162790698,4.23643410852713,2.0077519379845,0.00387596899224806,0.0426356589147287,490132.11627907,1.64341085271318,4.06976744186047
"2090",2015,50,19.24,29.3,1.66,0,0,1143.82,14.32,14.58,4.36,0.28,1.14,18.28,15.92,1.64,1.16,29.16,7.7,20.72,36.1,2.08,3,2.44,0,0,500025.5,1.4,1.58
"2091",2015,51,48.002808988764,57.7261235955056,0.804775280898876,0,0,293.491573033708,203.627808988764,15.5547752808989,4.0252808988764,0.313202247191011,1.05898876404494,22.2443820224719,12.4957865168539,1.69101123595506,1.28932584269663,28.4213483146067,6.89325842696629,52.1306179775281,61.7682584269663,2.06039325842697,3.10533707865169,2.57022471910112,0.00140449438202247,0.00561797752808989,510356.858146067,1.42977528089888,9.04634831460674
"2092",2015,53,72.4669338677355,76.7254509018036,0.6312625250501,0.094188376753507,0,568.01002004008,44.12625250501,14.7895791583166,4.1122244488978,0.326653306613226,1.10420841683367,16.3406813627255,13.3547094188377,1.85571142284569,1.79959919839679,28.7254509018036,6.93587174348697,71.7134268537074,76.1603206412826,2.5310621242485,3.23046092184369,2.13827655310621,0.00400801603206413,0.170340681362725,530263.346693387,1.53907815631263,3.59118236472946
"2093",2015,54,59.8252032520325,66.6829268292683,0.882113821138211,0.402439024390244,0.402439024390244,1313.87398373984,52.0731707317073,15.9430894308943,4.1260162601626,0.284552845528455,1.08943089430894,20.390243902439,12.6788617886179,1.68292682926829,1.45121951219512,27.7073170731707,6.63821138211382,59.7235772357724,67.4634146341463,2.14634146341463,3,2.90243902439024,0,0,540124.682926829,1.44308943089431,2.36991869918699
"2094",2015,55,51.8738049713193,60.5047801147228,1.16826003824092,0.225621414913958,0.0439770554493308,1352.04971319312,75.5009560229445,15.7208413001912,4.19885277246654,0.353728489483748,1.08221797323136,19.527724665392,13.3269598470363,1.79541108986616,1.95602294455067,30.5697896749522,6.88527724665392,41.6424474187381,53.9923518164436,2.26577437858509,3.19885277246654,2.26003824091778,0.00764818355640535,0.0458891013384321,550266.005736138,1.53346080305927,4.76673040152964
"2095",2015,56,21.077519379845,36.4883720930233,1.3953488372093,0.217054263565891,0,50.5426356589147,19.8527131782946,14.9147286821705,4.33333333333333,0.418604651162791,1.12403100775194,15.4341085271318,15.8682170542636,1.63565891472868,1.34883720930233,29.7364341085271,6.68992248062016,20.8759689922481,35.4883720930233,2.49612403100775,3,2.62790697674419,0,0.147286821705426,560065.651162791,1.48837209302326,3.41860465116279
"2096",2016,1,18.7068437180797,33.9713993871297,1.21246169560776,0.0898876404494382,0.0377936670071502,692.266598569969,72.0398365679265,15.8171603677222,4.13993871297242,0.288049029622063,1.10623084780388,21.4106230847804,13.3605720122574,1.76915219611849,1.55362614913177,28.2574055158325,6.82431052093973,59.5679264555669,67.58835546476,2.1879468845761,1.70275791624106,2.42390194075587,0.00102145045965271,0.00102145045965271,10492.9039836568,1.44637385086823,2.98467824310521
"2097",2016,2,30.9358974358974,44.7948717948718,5.64102564102564,4.08974358974359,3.80769230769231,1211.4358974359,124.948717948718,16.7307692307692,4.06410256410256,0.461538461538462,1.07692307692308,17.8846153846154,17.5384615384615,2.08974358974359,2.65384615384615,30.7307692307692,7.02564102564103,28.8717948717949,41.2564102564103,2.33333333333333,1,2.42307692307692,0,0,20039.5,1.3974358974359,6.24358974358974
"2098",2016,4,27.6530373831776,41.1261682242991,1.45560747663551,0.227803738317757,0.0338785046728972,236.92523364486,15.1343457943925,15.6682242990654,4.11915887850467,0.245327102803738,1.11214953271028,15.1483644859813,14.3282710280374,2.29906542056075,5.0338785046729,29.8434579439252,6.5268691588785,27.0876168224299,40.9264018691589,2.46845794392523,1,5.29906542056075,0.00350467289719626,0.360981308411215,40440.4123831776,1.53971962616822,8.23598130841122
"2099",2016,5,25.1805555555556,37.8730158730159,1.01388888888889,0.0277777777777778,0,931.507936507937,78.1865079365079,16.0337301587302,4.00198412698413,0.244047619047619,1.11309523809524,20.0515873015873,13.2936507936508,1.66666666666667,1.81349206349206,29.4702380952381,6.8234126984127,24.8234126984127,39.4246031746032,2.25793650793651,2.06746031746032,2.28769841269841,0.00396825396825397,0.00198412698412698,50258.5535714286,1.52579365079365,2.78968253968254
"2101",2016,8,50.4086021505376,59.1254480286738,1.52688172043011,0.0340501792114695,0,514.360215053763,53.6451612903226,15.8136200716846,4.02508960573477,0.347670250896057,1.08960573476703,15.4336917562724,13.1971326164875,1.82616487455197,1.85483870967742,28.4068100358423,6.86021505376344,46.4014336917563,56.3548387096774,2.38888888888889,1.20967741935484,2.13799283154122,0,0.003584229390681,80279.9444444444,1.584229390681,85.1164874551971
"2102",2016,9,30.9417808219178,45.0068493150685,2.6027397260274,1.77397260273973,1.69520547945205,442.876712328767,6.24657534246575,15.9794520547945,4.31506849315068,0.311643835616438,1.04109589041096,19.8630136986301,13.5513698630137,1.94178082191781,1.56164383561644,30.8561643835616,6.86301369863014,27.3219178082192,41.8458904109589,2.22602739726027,1,2.3013698630137,0.00342465753424658,0.0410958904109589,90147.9246575342,1.53082191780822,2.07534246575342
"2103",2016,10,23.0948275862069,37.7586206896552,3.30172413793103,1.31896551724138,0.853448275862069,34.0086206896552,3.06896551724138,15.9224137931034,4.49137931034483,0.336206896551724,1.02586206896552,18.5689655172414,13.5172413793103,1.88793103448276,2.39655172413793,30.5948275862069,6.47413793103448,22.2068965517241,37.301724137931,2.22413793103448,1,3.06034482758621,0,0,100058.5,1.47413793103448,2.25
"2104",2016,11,37.2307692307692,51.5,39.1153846153846,35.5769230769231,34.2692307692308,10,1,16.2307692307692,4.42307692307692,0.384615384615385,1.03846153846154,18.0384615384615,10.1153846153846,2.88461538461538,0.692307692307692,31.1153846153846,7.26923076923077,20.5769230769231,40.5769230769231,2.15384615384615,5.92307692307692,2.19230769230769,0,0.0384615384615385,110013.5,1.46153846153846,4.88461538461539
"2105",2016,12,97.9076660988075,98.1638841567291,0.515843270868825,0.0442930153321976,0,776.577512776831,70.6984667802385,15.7127768313458,4.08517887563884,0.226575809199319,1.08211243611584,15.7206132879046,12.7376490630324,2.08313458262351,1.82657580919932,28.6095400340715,6.60340715502555,97.8800681431005,98.0991482112436,2.31039182282794,1.22930153321976,1.95502555366269,0.0030664395229983,0.000681431005110733,121564.520272572,1.56763202725724,2.70391822827939
"2106",2016,13,55.9543539325843,64.3068820224719,0.986657303370786,0.171348314606742,0.139044943820225,1329.24297752809,136.48595505618,15.5414325842697,4.12570224719101,0.221207865168539,1.09269662921348,18.9683988764045,12.9564606741573,1.72542134831461,1.71418539325843,29.875702247191,6.7001404494382,55.6776685393258,63.9613764044944,2.27036516853933,1.15519662921348,2.18679775280899,0.00561797752808989,0.00912921348314607,130718.212078652,1.52106741573034,3.30758426966292
"2107",2016,15,18.6880733944954,32.9174311926606,0.697247706422018,0,0,4528.57798165138,3.84403669724771,14.7706422018349,4.15596330275229,0.302752293577982,1.10091743119266,19.1467889908257,12.8990825688073,2.02752293577982,1.29357798165138,28.5137614678899,6.96330275229358,17.7522935779816,33.0642201834862,1.98165137614679,1,3.02752293577982,0,0,150057.357798165,1.42201834862385,3.67889908256881
"2108",2016,16,15.5775862068966,31.1163793103448,1.02155172413793,0.168103448275862,0,175.034482758621,38.8448275862069,16.7241379310345,4.17241379310345,0.280172413793103,1.09051724137931,15.6336206896552,13.5646551724138,1.80603448275862,1.41379310344828,29.2068965517241,7.00431034482759,15.8706896551724,32.6939655172414,2.22844827586207,1,2.39224137931034,0,0.0905172413793103,160117.262931034,1.40086206896552,3.96120689655172
"2109",2016,17,98.242,98.342,1.298,0.155,0.05,2092.215,90.268,15.596,4.136,0.315,1.078,17.446,12.538,1.898,1.884,28.111,6.624,97.468,97.73,2.259,1.601,2.164,0.001,0,170533.114,1.568,2.406
"2110",2016,18,98.9716494845361,98.8466494845361,0.952319587628866,0.0708762886597938,0.0592783505154639,2634.80670103093,89.3092783505155,15.659793814433,4.06314432989691,0.198453608247423,1.06829896907216,19.2925257731959,12.7989690721649,1.80025773195876,1.92010309278351,28.0876288659794,6.87371134020619,98.9716494845361,98.8479381443299,2.32216494845361,1.63788659793814,2.25257731958763,0.00257731958762887,0.00128865979381443,180406.429123711,1.56056701030928,3.84536082474227
"2111",2016,19,58.4422535211268,66.2507042253521,0.994366197183099,0,0,972.921126760563,105.670422535211,15.5746478873239,4.21408450704225,0.270422535211268,1.13239436619718,16.1492957746479,12.1408450704225,1.78591549295775,2.02535211267606,29.2507042253521,6.88732394366197,58.369014084507,65.8366197183099,2.33521126760563,1.19154929577465,2.33521126760563,0.00845070422535211,0,190179.622535211,1.53239436619718,4.63943661971831
"2112",2016,20,19.9842519685039,35.1574803149606,0.748031496062992,0.0866141732283465,0.0603674540682415,1842.68766404199,121.566929133858,15.511811023622,4.08398950131234,0.223097112860892,1.1259842519685,16.9632545931759,15.6981627296588,1.73490813648294,1.86351706036745,30.0656167979003,6.93175853018373,19.3123359580052,34.755905511811,2.08398950131234,1.51706036745407,2.28083989501312,0,0,200193.039370079,1.46719160104987,63.8556430446194