"","YEAR","STATE","ARR_HOUR","ARR_MIN","CF1","CF2","CF3","CITY","COUNTY","DAY","DAY_WEEK","DRUNK_DR","FATALS","HARM_EV","HOUR","LGT_COND","MAN_COLL","MINUTE","MONTH","NOT_HOUR","NOT_MIN","PERSONS","RAIL","REL_ROAD","SCH_BUS","SP_JUR","ST_CASE","VE_FORMS","WEATHER"
"2113",2016,21,22.5845347313237,37.1245085190039,1.22149410222805,0.154652686762779,0.129750982961992,898.284403669725,121.626474442988,15.4521625163827,4.10484927916121,0.252948885976409,1.09305373525557,19.5923984272608,13.0117955439056,1.6959370904325,1.82961992136304,28.4495412844037,6.82306684141547,22.1559633027523,36.6356487549148,2.34469200524246,1.12975098296199,2.25950196592398,0.00393184796854522,0,210383.714285714,1.54259501965924,2.96330275229358
"2114",2016,22,22.9076704545455,37.6107954545455,1.76988636363636,0.457386363636364,0.211647727272727,977.583806818182,61.375,15.9417613636364,4.01278409090909,0.325284090909091,1.07528409090909,18.3963068181818,14.4488636363636,1.95454545454545,1.828125,28.8721590909091,6.58096590909091,22.1036931818182,36.9204545454545,2.30255681818182,1.65767045454545,2.31960227272727,0.00568181818181818,0.0227272727272727,220362.203125,1.53977272727273,3.1875
"2115",2016,23,17.68,33.1333333333333,0,0,0,4936.79333333333,15.7466666666667,15.4466666666667,4.33333333333333,0.38,1.06666666666667,23.54,13.0866666666667,1.71333333333333,1.08666666666667,29.9533333333333,7.30666666666667,17.7133333333333,31.74,2.02,1,3.1,0,0.0266666666666667,230078.133333333,1.36666666666667,2.66
"2116",2016,24,48.3181818181818,58.2520661157025,1.62603305785124,0.572314049586777,0.440082644628099,4.33884297520661,68.4380165289256,15.9876033057851,4.25206611570248,0.258264462809917,1.07851239669421,18.1384297520661,13.0144628099174,2.1198347107438,2.58884297520661,30.1074380165289,6.76859504132231,47.7190082644628,57.6363636363636,2.24586776859504,1,2.2004132231405,0.00413223140495868,0.0165289256198347,240248.200413223,1.57851239669421,6.05371900826446
"2117",2016,25,45.9410112359551,56.3988764044944,4.15168539325843,3.09831460674157,3.05898876404494,740.252808988764,16.0056179775281,16.1994382022472,4.18539325842697,0.300561797752809,1.08707865168539,19.6292134831461,15.7837078651685,2.05898876404494,1.76123595505618,29.6067415730337,6.87078651685393,45.935393258427,57.247191011236,2.01123595505618,1,2.69943820224719,0.0112359550561798,0.0561797752808989,250189.261235955,1.40730337078652,4.92696629213483
"2118",2016,26,53.1651376146789,62.2293577981651,15.5575942915392,13.1233435270133,12.9174311926606,1233.63404689093,103.546381243629,15.4617737003058,4.16309887869521,0.262996941896024,1.08562691131498,17.1151885830785,13.098878695209,1.91029561671764,2.05912334352701,28.4780835881753,7.05402650356779,51.546381243629,61.0662589194699,2.32925586136595,1.18654434250765,1.93170234454638,0,0.00101936799184506,260501.303771662,1.56676860346585,4.0927624872579
"2119",2016,27,20.2156862745098,35.1652661064426,1.04761904761905,0.277310924369748,0.277310924369748,1732.3837535014,79.6666666666667,15.6834733893557,4.08683473389356,0.274509803921569,1.09803921568627,15.7114845938375,12.6442577030812,1.83193277310924,2.23249299719888,31.0252100840336,6.94117647058824,16.2521008403361,32.9803921568627,2.27170868347339,1.49859943977591,2.19047619047619,0.00560224089635854,0.0336134453781513,270186.952380952,1.59943977591036,4.98319327731092
"2120",2016,28,39.7744,51.3632,0.5456,0.1584,0.1584,314.7248,79.736,15.456,4.128,0.1712,1.0992,20.6384,12.7216,1.6816,1.36,27.2352,6.6976,38.4112,49.8688,2.2048,1.408,2.4672,0.0032,0.0048,280320.9264,1.4688,2.5968
"2121",2016,29,47.8130733944954,56.9529816513761,0.569954128440367,0.0607798165137615,0,1929.72935779817,139.792431192661,15.4827981651376,4.24082568807339,0.285550458715596,1.08600917431193,20.2488532110092,13.0928899082569,1.63761467889908,1.59747706422018,28.0504587155963,6.87155963302752,47.6697247706422,56.8394495412844,2.19954128440367,1.29816513761468,2.38302752293578,0.00114678899082569,0,290451.356651376,1.48967889908257,3.75114678899083
"2122",2016,30,18.1286549707602,34.7543859649123,0.269005847953216,0,0,21.4327485380117,53.2456140350877,14.1929824561404,4.06432748538012,0.47953216374269,1.11111111111111,15.5263157894737,12.233918128655,1.78947368421053,0.783625730994152,26.6432748538012,6.5906432748538,15.9824561403509,31.7134502923977,1.98245614035088,1,2.73684210526316,0,0.491228070175439,300086,1.24561403508772,5.04678362573099
"2123",2016,31,47.9123711340206,57.7216494845361,0.324742268041237,0,0,921.984536082474,86.6907216494845,15.7010309278351,4.01546391752577,0.402061855670103,1.12371134020619,17.8453608247423,25.2628865979381,1.81958762886598,2.52577319587629,38.5360824742268,6.78865979381443,48.3041237113402,58.4639175257732,2.22164948453608,2.31958762886598,2.28865979381443,0,0.0515463917525773,310098.402061856,1.56701030927835,2.74226804123711
"2124",2016,32,48.0592105263158,58.7467105263158,1.70394736842105,0,0,56.6480263157895,20.8585526315789,15.4243421052632,4.36842105263158,0.319078947368421,1.08223684210526,14,13.8684210526316,2.04934210526316,1.50657894736842,28.3190789473684,6.70723684210526,41.6973684210526,52.3519736842105,2.35855263157895,1,1.86842105263158,0.00328947368421053,0.0723684210526316,320153.052631579,1.53618421052632,2.60855263157895
"2125",2016,33,14.1769230769231,30.6615384615385,0.892307692307692,0.261538461538462,0,245.746153846154,10.8769230769231,15.9923076923077,4.07692307692308,0.3,1.04615384615385,22.3,13.9230769230769,1.63846153846154,0.923076923076923,33.4076923076923,6.85384615384615,13.9384615384615,33.4307692307692,1.86153846153846,1,2.63076923076923,0,0,330065.5,1.33846153846154,3.39230769230769
"2126",2016,34,60.5947368421053,67.9245614035088,1.00350877192982,0.119298245614035,0.0245614035087719,1527.90877192982,18.4947368421053,16.1438596491228,4.21754385964912,0.236842105263158,1.05614035087719,18.0719298245614,12.2666666666667,2.02982456140351,2.01754385964912,28.6526315789474,6.82280701754386,58.8631578947368,66.3719298245614,2.16842105263158,1.24561403508772,3.25087719298246,0.012280701754386,0,340288.592982456,1.46315789473684,2.66491228070175
"2127",2016,35,24.4764542936288,38.0775623268698,0.57617728531856,0.202216066481994,0,346.709141274238,23.8254847645429,15.382271468144,4.21606648199446,0.299168975069252,1.1218836565097,12.8698060941828,13.7534626038781,1.9196675900277,1.52354570637119,29.4819944598338,6.62049861495845,24.4598337950139,38.5429362880886,2.48199445983379,1.07479224376731,2.84487534626039,0,0.362880886426593,350181.783933518,1.41551246537396,3.53739612188366
"2128",2016,36,42.8980632008155,53.5708460754332,0.701325178389399,0,0,3539.83995922528,63.9683995922528,15.7115188583078,4.15596330275229,0.18144750254842,1.0611620795107,17.217125382263,12.927624872579,1.93374108053007,1.40570846075433,28.9531090723751,6.81957186544343,39.4525993883792,50.6890927624873,2.05708460754332,1.14576962283384,1.94903160040775,0.00509683995922528,0,360493.347604485,1.4230377166157,3.76146788990826
"2129",2016,37,28.9962908011869,42.6876854599407,0.615727002967359,0.0422848664688427,0,918.899851632047,103.448071216617,15.8449554896142,4.08753709198813,0.298219584569733,1.07566765578635,20.2959940652819,13.0830860534125,1.74851632047478,1.64020771513353,29.4807121661721,6.76854599406528,28.9525222551929,42.1283382789317,2.16988130563798,1.06750741839763,2.26928783382789,0.00370919881305638,0.013353115727003,370679.451038576,1.50074183976261,2.40949554896142
"2130",2016,38,30.1960784313725,43.6078431372549,1.04901960784314,0,0,340.93137254902,52.843137254902,15.0490196078431,4.36274509803922,0.490196078431373,1.1078431372549,14.2549019607843,14.8823529411765,1.87254901960784,1.47058823529412,29.3137254901961,6.95098039215686,28.4607843137255,40.6274509803922,2.06862745098039,1.23529411764706,2.53921568627451,0,0.441176470588235,380051.5,1.36274509803922,6.7843137254902
"2131",2016,39,15.2497625830959,32.1101614434948,1.0664767331434,0.191832858499525,0.094017094017094,1608.22032288699,83.7958214624881,15.6780626780627,4.22032288698955,0.346628679962013,1.07502374169041,20.0674264007597,13.1329534662868,1.80436847103514,1.8698955365622,29.4093067426401,6.88129154795821,15.3561253561254,32.042735042735,2.30579297245964,1.20987654320988,2.32003798670465,0.00284900284900285,0.0360873694207028,390552.356125356,1.55840455840456,4.42165242165242
"2132",2016,40,24.8264331210191,38.9251592356688,1.48726114649682,0.25796178343949,0,1484.60828025478,86.3535031847134,15.3519108280255,4.15286624203822,0.28343949044586,1.09394904458599,18.7738853503185,14.5891719745223,1.78343949044586,1.78343949044586,30.2229299363057,6.72133757961783,24.4203821656051,39.0859872611465,2.2515923566879,1.42675159235669,2.3312101910828,0,0,400316.482484076,1.5031847133758,5.1640127388535
"2133",2016,41,26.8861607142857,41.5334821428571,0.426339285714286,0.102678571428571,0,374.636160714286,36.9285714285714,16.3080357142857,4.12276785714286,0.290178571428571,1.11160714285714,16.1294642857143,14.4888392857143,1.84821428571429,1.57589285714286,29.21875,6.78571428571429,23.9397321428571,38.7165178571429,2.23883928571429,1.53125,2.15848214285714,0,0.00669642857142857,410225.390625,1.50223214285714,10.5357142857143
"2134",2016,42,44.5422794117647,54.8878676470588,1.05422794117647,0.121323529411765,0.0128676470588235,1474.58272058824,63.6930147058824,15.8777573529412,4.17738970588235,0.255514705882353,1.09191176470588,19.3556985294118,12.7959558823529,1.74724264705882,1.65625,29.3253676470588,6.76746323529412,42.0220588235294,53.2545955882353,2.25183823529412,1.11764705882353,2.31617647058824,0.00643382352941176,0,420546.532169118,1.56066176470588,3.50091911764706
"2135",2016,44,11.9166666666667,28.8333333333333,1.04166666666667,0,0,127.479166666667,6.58333333333333,15.25,4.10416666666667,0.375,1.0625,19.7708333333333,11.8125,1.85416666666667,0.8125,28.4166666666667,6.5625,11.8125,29.25,1.9375,1,2.45833333333333,0,0,440024.5,1.375,1.875
"2136",2016,45,74.0138150903294,77.8310308182784,0.564293304994687,0.0159404888416578,0,276.839532412327,47.0212539851222,15.7863974495218,4.18278427205101,0.344314558979809,1.08395324123273,19.5557917109458,12.6099893730074,1.95749202975558,1.71413390010627,27.8682252922423,6.62911795961743,73.9585547290117,78.2093517534538,2.1519659936238,1.08926673751328,2.24760892667375,0.00425079702444208,0,450471.917109458,1.49840595111583,1.95324123273114
"2137",2016,46,38.0194174757282,49.3592233009709,0,0,0,175.145631067961,80.4757281553398,15.2815533980583,4.0873786407767,0.427184466019417,1.12621359223301,12.3009708737864,14.0582524271845,1.76699029126214,1.19417475728155,31.1941747572816,6.88349514563107,35.6310679611651,49.2135922330097,2.15533980582524,1,2.64077669902913,0,0.407766990291262,460052,1.3495145631068,2.53398058252427
"2138",2016,47,61.2484407484407,67.8960498960499,0.996881496881497,0.11954261954262,0,670.89501039501,100.717255717256,15.7785862785863,4.15176715176715,0.244282744282744,1.07796257796258,19.7442827442827,16.6237006237006,1.82120582120582,1.83991683991684,31.2255717255717,6.76299376299376,61.002079002079,67.8284823284823,2.25571725571726,1.15488565488565,2.46569646569647,0.00415800415800416,0.0436590436590437,470495.702702703,1.51975051975052,3.26923076923077
"2139",2016,48,65.9591479428071,72.2780857893201,1.48847388386344,0.184709658593522,0.0507732710825795,1894.4484972279,230.894951852933,15.8187919463087,4.09833673767143,0.267872775021885,1.10796615115261,16.8476801867523,12.1622410271374,1.9290925007295,1.89962065946892,27.9430989203385,6.62503647505106,65.8850306390429,71.9553545374963,2.39743215640502,1.19258826962358,2.3276918587686,0.00262620367668515,0.00787861103005544,481767.373504523,1.55412897578057,2.90487306682229
"2140",2016,49,25.1969111969112,39.7142857142857,0.640926640926641,0.0888030888030888,0,963.146718146718,33.6177606177606,15.9420849420849,4.16988416988417,0.200772200772201,1.08494208494208,14.4440154440154,13.2779922779923,1.76061776061776,1.95366795366795,28.5405405405405,6.75289575289575,24.8494208494208,38.9150579150579,2.61003861003861,1.98455598455598,3.51737451737452,0.00386100386100386,0.0617760617760618,490134.722007722,1.55212355212355,6.62162162162162
"2141",2016,50,20.7543859649123,34.9473684210526,0.912280701754386,0,0,983.894736842105,14.719298245614,16.3859649122807,4.15789473684211,0.491228070175439,1.08771929824561,20.7017543859649,12.9649122807018,1.64912280701754,1,28.3508771929825,6.87719298245614,17.4561403508772,31,1.91228070175439,1,2.80701754385965,0,0,500029,1.35087719298246,4.29824561403509
"2142",2016,51,51.0360110803324,60.48891966759,0.844875346260388,0.0900277008310249,0,332.360110803324,219.925207756233,16.1246537396122,4.18698060941828,0.300554016620499,1.05263157894737,21.4792243767313,12.7465373961219,1.7617728531856,1.32548476454294,28.1925207756233,6.97645429362881,48.3462603878116,57.6592797783934,2.00692520775623,1,2.37257617728532,0.00415512465373961,0.00692520775623269,510365.641274238,1.44875346260388,87.5512465373961
"2143",2016,53,79.4503968253968,82.0972222222222,0.906746031746032,0,0,609.238095238095,42.7579365079365,15.7162698412698,4.07539682539683,0.319444444444444,1.06349206349206,16.5833333333333,13.2281746031746,1.92261904761905,1.87896825396825,29.9007936507937,6.87698412698413,79.4702380952381,82.3988095238095,2.3015873015873,1.08928571428571,2.36904761904762,0.00396825396825397,0.113095238095238,530264.597222222,1.5218253968254,5.51785714285714
"2144",2016,54,62.84,69.56,1.12,0,0,1251.908,50.384,15.712,4.192,0.276,1.076,18.664,13.1,1.552,1.308,26.456,6.924,62.08,68.068,2.092,1,2.42,0.004,0.004,540127.644,1.452,2.328
"2145",2016,55,49.2058823529412,59.1360294117647,1.18198529411765,0.386029411764706,0.229779411764706,1039.50735294118,74.1691176470588,15.3915441176471,4.18933823529412,0.334558823529412,1.11580882352941,19.3198529411765,15.4227941176471,1.73713235294118,1.84742647058824,30.0790441176471,6.68566176470588,40.8933823529412,51.8143382352941,2.24816176470588,1.26286764705882,2.35845588235294,0.00551470588235294,0.03125,550275.115808823,1.46875,5.45220588235294
"2146",2016,56,18.47,35.34,1.35,0,0,63.1,22.88,14.71,3.83,0.3,1.12,12.55,12.93,1.56,1.28,26.64,7.1,18.23,32.96,2.63,1,2.46,0,0.16,560050.5,1.53,1.48
"2147",2017,1,19.3032407407407,33.8564814814815,1.23263888888889,0.121527777777778,0,670.934027777778,73.0162037037037,16.2395833333333,4.06018518518519,0.252314814814815,1.09722222222222,20.943287037037,13.0833333333333,1.85532407407407,1.84837962962963,28.681712962963,6.5162037037037,32.2847222222222,72.5925925925926,2.07291666666667,1.71643518518519,2.47337962962963,0,0,10436.6226851852,1.46180555555556,3.78819444444444
"2148",2017,2,35.0266666666667,42.9066666666667,2.08,1.32,1.32,1160.29333333333,112.253333333333,15.64,4.34666666666667,0.293333333333333,1.05333333333333,18.0666666666667,21.9733333333333,2.32,2.85333333333333,37.2,6.74666666666667,35.84,49.6666666666667,2.28,1,3.65333333333333,0,0.12,20038,1.37333333333333,7.82666666666667
"2149",2017,4,31.6946564885496,44.7928026172301,1.34678298800436,0.221374045801527,0,204.002181025082,14.412213740458,15.5910577971647,4.22355507088332,0.25845147219193,1.08833151581243,15.0447110141767,14.0501635768811,2.21919302071974,3.26826608505998,29.4263904034896,6.64776444929117,30.4220283533261,43.2115594329335,2.37513631406761,1.00872410032715,5.78080697928026,0.0054525627044711,0.378407851690294,40476.3086150491,1.52235550708833,9.113413304253
"2150",2017,5,23.0061728395062,37.4012345679012,1.25720164609054,0.088477366255144,0,905.286008230453,80.4897119341564,15.7139917695473,4.21604938271605,0.265432098765432,1.08024691358025,20.7757201646091,12.582304526749,1.74279835390946,1.77572016460905,27.8559670781893,6.52674897119342,22.701646090535,37.1152263374486,2.14609053497942,1.71810699588477,2.54115226337449,0,0,50252.4711934156,1.4917695473251,2.25102880658436
"2152",2017,8,55.9633333333333,63.5366666666667,1.26166666666667,0.07,0.0383333333333333,442.596666666667,53.3683333333333,15.3766666666667,4.09666666666667,0.335,1.08,16.1383333333333,13.1533333333333,1.77166666666667,1.75333333333333,27.9616666666667,6.81,47.925,56.9666666666667,2.31,1.46333333333333,2.17333333333333,0.00166666666666667,0.0116666666666667,80303.0416666667,1.57333333333333,82.745
"2153",2017,9,37.9467680608365,49.4866920152091,3.87072243346008,2.25855513307985,2.25855513307985,448.74144486692,6.35361216730038,15.7946768060837,4.14068441064639,0.387832699619772,1.06844106463878,20.1825095057034,14.3269961977186,2.02281368821293,2.01901140684411,30.1254752851711,6.56653992395437,36.1406844106464,48.6577946768061,2.06463878326996,1,2.20152091254753,0.00380228136882129,0,90136.4182509506,1.4638783269962,2.19011406844106
"2154",2017,10,21.9107142857143,36.4107142857143,4.69642857142857,1.26785714285714,0.883928571428571,45.2232142857143,3.32142857142857,16.8125,4.25892857142857,0.232142857142857,1.0625,15.6071428571429,12.5089285714286,1.89285714285714,2.00892857142857,27.9196428571429,7.30357142857143,21.0178571428571,34.1964285714286,2.10714285714286,1,2.67857142857143,0.00892857142857143,0,100056.5,1.54464285714286,2.64285714285714
"2155",2017,11,51.3448275862069,55.2068965517241,5.58620689655172,3.41379310344828,3.41379310344828,10,1,18.3103448275862,3.86206896551724,0.448275862068966,1.06896551724138,17.9655172413793,12.7241379310345,2.62068965517241,1.20689655172414,26.2068965517241,6.75862068965517,30.5172413793103,39.2758620689655,1.82758620689655,1,2.48275862068966,0,0,110015.620689655,1.31034482758621,1.06896551724138
"2156",2017,12,95.7531623931624,96.511452991453,0.620512820512821,0.054017094017094,0.00512820512820513,764.990769230769,72.1138461538462,15.5063247863248,4.15692307692308,0.228034188034188,1.06529914529915,15.8601709401709,12.9938461538462,2.06051282051282,1.92888888888889,28.0762393162393,6.46905982905983,95.7569230769231,96.4984615384615,2.31350427350427,1.37982905982906,2.01641025641026,0.00170940170940171,0.000341880341880342,121545.745299145,1.58632478632479,2.67111111111111
"2157",2017,13,53.8895833333333,61.975,0.835416666666667,0.0416666666666667,0,1259.79444444444,140.841666666667,15.3131944444444,4.12916666666667,0.206944444444444,1.06944444444444,18.5979166666667,12.90625,1.67708333333333,1.90208333333333,28.5125,6.52430555555556,53.7430555555556,62.1805555555556,2.37777777777778,1.175,2.12083333333333,0.00486111111111111,0.00625,130722.436805556,1.59583333333333,3.00833333333333
"2158",2017,15,16.4166666666667,29.40625,0.9375,0,0,4507.44791666667,3.3125,15.5833333333333,4.23958333333333,0.385416666666667,1.11458333333333,19.15625,15.6875,2.14583333333333,1.72916666666667,31.3541666666667,6.78125,16.6770833333333,33.7604166666667,2.16666666666667,1,2.11458333333333,0,0.0208333333333333,150050.59375,1.5,6.0625
"2159",2017,16,18.8616071428571,36.0535714285714,1.16964285714286,0,0,286.058035714286,38.9910714285714,16.15625,4.10714285714286,0.294642857142857,1.09375,15.7857142857143,14.0446428571429,1.75446428571429,1.98660714285714,29.6651785714286,7.17857142857143,17.8035714285714,34.2767857142857,2.35267857142857,2.57142857142857,2.42410714285714,0,0.142857142857143,160112.5,1.47321428571429,3.28125
"2160",2017,17,98.3787575150301,98.4058116232465,1.52805611222445,0.294589178356713,0.137274549098196,2112.47194388778,91.2725450901804,15.3967935871743,4.1372745490982,0.326653306613226,1.09218436873748,17.9028056112224,13.4939879759519,1.84168336673347,2.01603206412826,28.9539078156313,6.69539078156313,97.8707414829659,98.062124248497,2.34068136272545,1.44488977955912,2.21743486973948,0.00200400801603206,0.00100200400801603,170524.813627255,1.57014028056112,2.1372745490982
"2161",2017,18,99,98.8031026252983,0.889021479713604,0.0727923627684964,0,2650.6861575179,87.381861575179,15.9021479713604,4.23508353221957,0.196897374701671,1.09307875894988,18.9033412887828,13.0775656324582,1.70763723150358,2.39498806682578,28.1109785202864,6.6527446300716,99,98.8031026252983,2.26252983293556,1.71241050119332,2.17541766109785,0.0035799522673031,0,180430.683770883,1.57159904534606,2.84009546539379
"2162",2017,19,57.1926910299003,64.1860465116279,0.661129568106312,0,0,829.784053156146,109.033222591362,15.2458471760797,4.01993355481728,0.26578073089701,1.09634551495017,13.78073089701,13.109634551495,1.74418604651163,1.66777408637874,29.7774086378738,6.87707641196013,57.1661129568106,64.8272425249169,2.08305647840532,1.42857142857143,2.36212624584718,0.00664451827242525,0.00996677740863787,190156.607973422,1.49833887043189,5.40531561461794
"2163",2017,20,18.3882063882064,32.9017199017199,1.42506142506143,0.28992628992629,0.243243243243243,1737.1769041769,114.144963144963,15.4643734643735,4.11793611793612,0.211302211302211,1.13267813267813,16.9017199017199,15.1498771498772,1.76904176904177,2.14496314496314,29.4275184275184,6.54545454545455,17.3366093366093,33.1891891891892,2.27764127764128,1.87714987714988,2.26289926289926,0,0.00491400491400491,200207.574938575,1.53808353808354,66.1523341523341
"2164",2017,21,20.2260748959778,34.374479889043,0.821081830790569,0,0,865.640776699029,111.812760055479,15.7253814147018,4.06380027739251,0.262135922330097,1.08460471567268,20.5880721220527,13.4507628294036,1.74479889042996,2.19833564493759,28.6823855755895,6.7628294036061,19.5547850208044,35.1553398058252,2.23439667128988,1.39667128987517,2.24826629680999,0,0,210363.156726768,1.52427184466019,3.11095700416089
"2165",2017,22,21.8624113475177,38.0652482269504,1.65106382978723,0.568794326241135,0.421276595744681,1278.6,62.9375886524823,15.9744680851064,4.24397163120567,0.330496453900709,1.09219858156028,19.5375886524823,13.090780141844,1.92624113475177,1.49219858156028,29.8695035460993,6.41843971631206,21.0028368794326,37.3148936170213,2.13049645390071,1.39290780141844,2.38439716312057,0,0.0113475177304965,220362.639716312,1.51063829787234,3.10921985815603
"2166",2017,23,21.5705521472393,37.4539877300613,0.331288343558282,0,0,4609.80368098159,14.8895705521472,15.3496932515337,4.16564417177914,0.294478527607362,1.06134969325153,19.6625766871166,13.3435582822086,1.74233128834356,1.79141104294479,29.159509202454,7.20858895705521,21.5705521472393,36.6993865030675,2.15337423312883,1,2.36196319018405,0.0122699386503067,0.0552147239263804,230084.631901841,1.5398773006135,2.44171779141104
"2167",2017,24,50.4864864864865,60.7471042471042,0.71042471042471,0.0617760617760618,0,3.57142857142857,62.5965250965251,15.7027027027027,4.13899613899614,0.308880308880309,1.07722007722008,18.2972972972973,13.1138996138996,2.12162162162162,2.77606177606178,30.2606177606178,6.65444015444015,50.3397683397683,60.4671814671815,2.24517374517375,1.26640926640927,2.81467181467181,0.00579150579150579,0.055984555984556,240265.561776062,1.53667953667954,10.2722007722008
"2168",2017,25,14.8798798798799,31.2942942942943,14.5555555555556,13.1261261261261,13.0810810810811,672.576576576577,16.1951951951952,15.8168168168168,3.80780780780781,0.321321321321321,1.04204204204204,20.3213213213213,15.1591591591592,2.09309309309309,1.43843843843844,28.8318318318318,6.37537537537538,14.3633633633634,30.3753753753754,1.91891891891892,1.64864864864865,2.44144144144144,0,0.333333333333333,250176.972972973,1.41141141141141,3.64264264264264
"2169",2017,26,50.7978723404255,60.3648936170213,24.3297872340426,19.8234042553191,19.5085106382979,1262.92021276596,103.225531914894,15.3425531914894,4.17765957446808,0.342553191489362,1.0968085106383,17.2287234042553,13.4202127659574,1.82765957446809,1.89574468085106,28.9734042553191,6.74148936170213,49.2021276595745,59.4734042553191,2.32978723404255,1.07340425531915,1.96063829787234,0.00319148936170213,0.00957446808510638,260476.239361702,1.59787234042553,3.80531914893617
"2170",2017,27,20.3548387096774,35.5923753665689,1.29032258064516,0.0674486803519062,0,1857.06744868035,82.900293255132,16.9120234604106,4.04985337243402,0.30791788856305,1.04985337243402,16.7595307917889,12.6187683284457,1.75366568914956,2.36656891495601,29.8504398826979,6.81818181818182,17.2609970674487,33.3607038123167,2.27859237536657,1,2.12023460410557,0,0.0410557184750733,270179.586510264,1.56598240469208,4.11143695014663
"2171",2017,28,84.9885057471264,87.3431855500821,23.7684729064039,23.4088669950739,23.4088669950739,451.407224958949,79.9885057471264,15.487684729064,4.07881773399015,0.187192118226601,1.1247947454844,19.6075533661741,13.1149425287356,1.7192118226601,1.59113300492611,28.615763546798,6.72085385878489,80.7914614121511,83.9852216748769,2.30213464696223,1.23973727422003,2.6256157635468,0.00492610837438424,0.00492610837438424,280310.183908046,1.5303776683087,3.24137931034483
"2172",2017,29,42.0658959537572,52.9861271676301,0.941040462427746,0.132947976878613,0.0312138728323699,2213.40809248555,141.209248554913,15.5803468208092,4.1907514450867,0.277456647398844,1.07745664739884,20.914450867052,12.6300578034682,1.68323699421965,1.6242774566474,28.4543352601156,6.81271676300578,41.8161849710983,52.757225433526,2.35953757225434,1.20924855491329,2.34335260115607,0.00578034682080925,0,290444.158381503,1.54335260115607,4.97687861271676
"2173",2017,30,19.0828402366864,35.0532544378698,0.70414201183432,0,0,48.2248520710059,51.6627218934911,14.7692307692308,4.15976331360947,0.402366863905325,1.10059171597633,15.3727810650888,13.8461538461538,1.56804733727811,1.17751479289941,26.094674556213,6.87573964497041,17.0473372781065,32.0473372781065,2.2603550295858,1,3.26627218934911,0.0118343195266272,0.42603550295858,300085,1.36686390532544,3.71005917159763
"2174",2017,31,44.5380952380952,53.3095238095238,0.371428571428571,0.10952380952381,0,1007.07142857143,91.5809523809524,15.9809523809524,4.13333333333333,0.323809523809524,1.08571428571429,15.6428571428571,23.9285714285714,1.83809523809524,1.81904761904762,37.6380952380952,6.73333333333333,44.0761904761905,53.1,2.1,1.15714285714286,2.35238095238095,0.00476190476190476,0.0428571428571429,310107.957142857,1.51904761904762,5.02857142857143
"2175",2017,32,63.0308219178082,69.6815068493151,1.26712328767123,0.0650684931506849,0,43.3972602739726,13.8116438356164,14.7020547945205,4.18150684931507,0.256849315068493,1.06506849315068,13.0205479452055,12.9212328767123,2.02397260273973,1.67123287671233,30.5753424657534,6.45547945205479,59.6198630136986,68.8972602739726,2.3527397260274,1,1.82876712328767,0.00342465753424658,0.0650684931506849,320146.955479452,1.57534246575342,2.71232876712329
"2176",2017,33,14.6530612244898,31.5102040816327,2.22448979591837,0.336734693877551,0,260.204081632653,10.3877551020408,14.8979591836735,4.13265306122449,0.244897959183673,1.04081632653061,22.2244897959184,14.2755102040816,1.6734693877551,1.07142857142857,28.1224489795918,6.40816326530612,15.030612244898,29.6632653061224,2.04081632653061,1,3.31632653061224,0,0,330050.265306122,1.44897959183673,3.40816326530612
"2177",2017,34,36.7631133671743,48.1235194585448,1.76480541455161,0.609137055837564,0.50253807106599,1634.50592216582,19.1218274111675,15.6751269035533,3.98646362098139,0.204737732656514,1.05583756345178,18.0592216582064,13.0253807106599,2.06260575296108,1.39424703891709,29.2842639593909,7.09306260575296,35.668358714044,47.0490693739425,2.08460236886633,1.23011844331641,2.01522842639594,0.00338409475465313,0.0169204737732657,340301.837563452,1.47038917089679,2.27580372250423
"2178",2017,35,31.8152492668622,44.3724340175953,1.64222873900293,0.190615835777126,0,487.709677419355,24.1231671554252,15.7478005865103,4.19941348973607,0.299120234604106,1.11436950146628,13.3782991202346,13.7155425219941,1.91495601173021,4.00879765395894,29.0205278592375,6.7624633431085,31.8005865102639,43.891495601173,2.55131964809384,1.01759530791789,2.1466275659824,0,0.378299120234604,350172.630498534,1.57478005865103,2.64222873900293
"2179",2017,36,46.4941427050053,56.7923322683706,0.373801916932907,0,0,3517.99787007455,64.3056443024494,16.2577209797657,4.03301384451544,0.182108626198083,1.07135250266241,17.3205537806177,13.073482428115,1.93716719914803,1.70394036208733,28.7976570820021,6.73056443024494,43.9233226837061,54.3354632587859,2.20660276890309,1.26517571884984,1.9531416400426,0.00319488817891374,0.00319488817891374,360480.223642173,1.4653887113951,4.72843450479233
"2180",2017,37,29.6225114854518,43.0398162327718,0.487748851454824,0.0153139356814701,0,1193.0819295559,99.8575803981623,15.3399693721286,4.05972434915773,0.284839203675345,1.08116385911179,20.2029096477795,12.9471669218989,1.73736600306279,1.71286370597243,29.3139356814701,6.59035222052067,29.2856049004594,42.8575803981623,2.28254211332312,1.39433384379786,2.21133231240429,0.00229709035222052,0.00842266462480858,370657.918070444,1.54441041347626,2.28790199081164