"","YEAR","STATE","ARR_HOUR","ARR_MIN","CF1","CF2","CF3","CITY","COUNTY","DAY","DAY_WEEK","DRUNK_DR","FATALS","HARM_EV","HOUR","LGT_COND","MAN_COLL","MINUTE","MONTH","NOT_HOUR","NOT_MIN","PERSONS","RAIL","REL_ROAD","SCH_BUS","SP_JUR","ST_CASE","VE_FORMS","WEATHER"
"2181",2017,38,26.5188679245283,40.7641509433962,3.35849056603774,2.80188679245283,2.80188679245283,786.216981132075,60.0566037735849,14.7452830188679,3.94339622641509,0.462264150943396,1.09433962264151,14.5094339622642,18.2924528301887,2.5,1.59433962264151,30.7452830188679,6.44339622641509,25,38.8301886792453,2.08490566037736,1.60377358490566,4.16037735849057,0,0.349056603773585,380053.5,1.41509433962264,15.8207547169811
"2182",2017,39,17.3775137111517,32.2513711151737,0.853747714808044,0.106032906764168,0,1682.22212065814,84.5557586837294,15.6106032906764,4.05575868372943,0.321755027422303,1.07769652650823,20.0859232175503,12.8382084095064,1.8180987202925,1.75137111517367,29.3107861060329,6.87751371115174,17.3939670932358,33.5228519195612,2.327239488117,1.27787934186472,2.22943327239488,0.000914076782449726,0.0274223034734918,390566.255941499,1.54021937842779,4.09597806215722
"2183",2017,40,25.3148450244698,39.7389885807504,1.45350734094617,0.212071778140294,0,1524.88417618271,84.6933115823817,15.4225122349103,4.1810766721044,0.262642740619902,1.07177814029364,18.0783034257749,14.9184339314845,1.77814029363785,1.74877650897227,29.4225122349103,6.83849918433932,24.8564437194127,38.7748776508972,2.32137030995106,1.27406199021207,2.14029363784666,0.0032626427406199,0,400308.66721044,1.52691680261011,4.16965742251223
"2184",2017,41,25.9354838709677,40.7096774193548,0.277915632754342,0,0,463.466501240695,36.3548387096774,15.9751861042184,4.05707196029777,0.330024813895782,1.0893300248139,17.0992555831265,14.9503722084367,1.83374689826303,1.40942928039702,30.8138957816377,7.10669975186104,24.6153846153846,39.7593052109181,2.13647642679901,1,2.50620347394541,0.00248138957816377,0.0223325062034739,410205.920595534,1.48138957816377,8.17369727047146
"2185",2017,42,52.2308402585411,61.3628808864266,1.09141274238227,0.117266851338874,0,1411.48476454294,64.3795013850416,15.9316712834718,4.08310249307479,0.255771006463527,1.04986149584488,20.247460757156,12.5881809787627,1.76454293628809,1.76269621421976,28.202216066482,6.6398891966759,50.601108033241,59.5512465373961,2.21698984302862,1.09418282548476,2.26131117266851,0.00461680517082179,0.000923361034164358,420543.237303786,1.57987072945522,57.6962142197599
"2186",2017,44,12.6623376623377,28.9350649350649,1.58441558441558,0,0,148.142857142857,6.32467532467532,16.2857142857143,4.02597402597403,0.38961038961039,1.09090909090909,21.1428571428571,12.9480519480519,2.12987012987013,1.09090909090909,31.1948051948052,6.79220779220779,12.5324675324675,30.1428571428571,1.8961038961039,1,2.2987012987013,0,0,440039,1.38961038961039,1.85714285714286
"2187",2017,45,79.8864864864865,82.8908108108108,0.437837837837838,0,0,256.844324324324,46.4572972972973,15.4356756756757,4.17189189189189,0.336216216216216,1.06918918918919,18.9891891891892,13.1124324324324,2.00972972972973,1.46594594594595,26.8454054054054,6.50486486486486,79.8616216216216,82.7372972972973,2.16540540540541,1.43351351351351,2.30810810810811,0.00324324324324324,0,450468.635675676,1.47459459459459,1.67027027027027
"2188",2017,46,36.1081081081081,46.6126126126126,0.378378378378378,0,0,415,82.4414414414414,15.6216216216216,3.99099099099099,0.351351351351351,1.16216216216216,12.0900900900901,14.7657657657658,1.64864864864865,1.56756756756757,28.8378378378378,7.72972972972973,33.4594594594595,45.6216216216216,2.01801801801802,1,2.37837837837838,0,0.351351351351351,460056.540540541,1.43243243243243,4.0990990990991
"2189",2017,47,16.9564755838641,32.3237791932059,0.803609341825902,0.229299363057325,0,609.238853503185,102.428874734607,15.7059447983015,4.1104033970276,0.235668789808917,1.08704883227176,19.9097664543524,16.7473460721868,1.77070063694268,1.64543524416136,31.692144373673,6.59554140127389,16.5382165605096,32.8397027600849,2.27070063694268,1.49787685774947,2.3036093418259,0,0.0138004246284501,470486.014861996,1.53609341825902,3.28131634819533
"2190",2017,48,70.8192124105012,76.0187947494033,1.45733890214797,0.164081145584726,0.0363961813842482,1829.32338902148,236.184367541766,15.647076372315,4.06652744630072,0.278341288782816,1.11336515513126,17.1706443914081,12.6336515513126,1.92303102625298,1.82398568019093,28.7127088305489,6.70405727923628,70.7807279236277,75.8359188544153,2.37052505966587,1.12171837708831,2.39021479713604,0.00387828162291169,0.00119331742243437,481722.752386635,1.5763723150358,2.91109785202864
"2191",2017,49,16.1457489878543,31.7894736842105,0.566801619433198,0,0,1504.86234817814,32.3684210526316,15.3724696356275,4.29959514170041,0.222672064777328,1.10526315789474,15.0647773279352,13.4412955465587,1.76923076923077,1.8582995951417,30.6842105263158,6.91902834008097,15.2024291497976,33.1457489878542,2.51417004048583,1,2.78947368421053,0,0.0566801619433198,490128.510121458,1.60728744939271,4.20242914979757
"2192",2017,50,17.2063492063492,33.8095238095238,0.317460317460317,0,0,815.52380952381,16.4285714285714,15.015873015873,4.31746031746032,0.333333333333333,1.0952380952381,21.3015873015873,13.6190476190476,1.6984126984127,1.42857142857143,30.3333333333333,7.09523809523809,16.1269841269841,30.6507936507937,1.96825396825397,1,2.3968253968254,0,0.0158730158730159,500032,1.49206349206349,4.33333333333333
"2193",2017,51,86.610472541507,88.9757343550447,0.978288633461047,0.0625798212005109,0,376.74840357599,227.372924648787,15.9808429118774,4.11366538952746,0.292464878671775,1.07151979565773,21.2630906768838,13.4291187739464,1.71647509578544,1.45721583652618,27.5121328224776,6.85312899106003,87.2273307790549,91.0676883780332,2.04214559386973,1.2183908045977,2.34610472541507,0.00510855683269476,0,510394.035759898,1.48786717752235,87.9795657726692
"2194",2017,53,72.2397003745318,76.2228464419476,0.749063670411985,0.0805243445692884,0,630.052434456929,43.6516853932584,15.7621722846442,4.02059925093633,0.323970037453184,1.05430711610487,16.565543071161,12.8689138576779,2.00187265917603,1.63670411985019,28.8071161048689,6.84456928838951,72.1947565543071,76.5580524344569,2.1685393258427,1.84269662921348,2.11797752808989,0,0.168539325842697,530276.237827715,1.52996254681648,3.68913857677903
"2195",2017,54,70.6607142857143,76.2607142857143,0.203571428571429,0.0821428571428571,0,1367.48928571429,51.6214285714286,14.8678571428571,3.98571428571429,0.267857142857143,1.08571428571429,21.3607142857143,13.325,1.64285714285714,1.27142857142857,27.5285714285714,6.91071428571429,70.1107142857143,75.2607142857143,2.03571428571429,1,2.60357142857143,0,0,540144.942857143,1.42142857142857,3.24642857142857
"2196",2017,55,38.2710951526032,50.9658886894075,1.28366247755835,0.400359066427289,0.177737881508079,1315.14003590664,74.8384201077199,15.4542190305206,4.10771992818671,0.37342908438061,1.10053859964093,18.8456014362657,13.6840215439856,1.83303411131059,1.97845601436266,28.2280071813285,6.7342908438061,31.3572710951526,44.3895870736086,2.1903052064632,1.42190305206463,2.23339317773788,0.00359066427289048,0.0323159784560144,550280.211849192,1.50628366247756,5.43626570915619
"2197",2017,56,19.9619047619048,36.5142857142857,1.25714285714286,0.180952380952381,0,59.7142857142857,20.6952380952381,16.2761904761905,4.04761904761905,0.371428571428571,1.17142857142857,17.0095238095238,13.5809523809524,1.82857142857143,2.13333333333333,26.7714285714286,6.27619047619048,17.7428571428571,31.5809523809524,2.13333333333333,1,2.76190476190476,0,0.219047619047619,560053,1.38095238095238,4.00952380952381
"2198",2018,1,17.8904109589041,32.2134703196347,1.20547945205479,0.116438356164384,0.0171232876712329,698.511415525114,72.5730593607306,15.8230593607306,4.12671232876712,0.242009132420091,1.087899543379,20.5045662100457,13.2374429223744,1.79908675799087,1.7203196347032,29.0833333333333,6.49429223744292,30.8219178082192,54.7956621004566,2.19063926940639,1.49657534246575,2.26712328767123,0.00228310502283105,0,10442.8824200913,1.50799086757991,3.68036529680365
"2199",2018,2,46.4347826086956,54.536231884058,2.36231884057971,0,0,1364.72463768116,105.478260869565,15.9855072463768,3.85507246376812,0.463768115942029,1.15942028985507,17.0724637681159,13.7971014492754,1.84057971014493,1.66666666666667,27.9420289855072,6.91304347826087,44.0724637681159,54.2608695652174,2.3768115942029,1,2.1304347826087,0,0,20035,1.50724637681159,5.57971014492754
"2200",2018,4,41.9901746724891,53.07096069869,6.10698689956332,5.25545851528384,5.10043668122271,327.46615720524,15.6473799126638,15.6550218340611,4.14301310043668,0.210698689956332,1.10262008733624,16.561135371179,15.6266375545852,2.65393013100437,6.02183406113537,31.5480349344978,6.31004366812227,41.5655021834061,53.2183406113537,2.31441048034934,1.1146288209607,8.32969432314411,0.00436681222707424,0.296943231441048,40474.4858078603,1.53275109170306,22.9945414847162
"2201",2018,5,24.5572033898305,37.760593220339,1.11864406779661,0.0529661016949153,0,954.652542372881,77.1228813559322,16.0932203389831,4.04237288135593,0.269067796610169,1.09322033898305,20.0254237288136,13.271186440678,1.65677966101695,1.60805084745763,27.0677966101695,6.625,24.8008474576271,37.9491525423729,2.38135593220339,1.82415254237288,2.53601694915254,0.00423728813559322,0.00847457627118644,50246.9957627119,1.55720338983051,3.33686440677966
"2203",2018,8,56.4387755102041,63.3350340136054,0.930272108843537,0.204081632653061,0,509.574829931973,53.8962585034014,15.5204081632653,4.18197278911565,0.33843537414966,1.07482993197279,15.6479591836735,13.3333333333333,1.79931972789116,1.72959183673469,28.7261904761905,6.79761904761905,46.6955782312925,56.8146258503401,2.25850340136054,1.38605442176871,2.21428571428571,0.00510204081632653,0.00680272108843537,80296.7363945578,1.52551020408163,86.921768707483
"2204",2018,9,45.2717391304348,54.7608695652174,4.71014492753623,2.61594202898551,2.51086956521739,435.336956521739,6.6304347826087,15.8260869565217,4.15579710144928,0.235507246376812,1.06521739130435,20.0942028985507,14.0869565217391,1.99275362318841,1.48913043478261,28.8695652173913,6.83333333333333,45.0434782608696,54.7173913043478,2.11231884057971,1,2.52536231884058,0,0.0289855072463768,90140.2210144928,1.51086956521739,2.01449275362319
"2205",2018,10,19.9519230769231,35.0673076923077,3.92307692307692,0,0,135.355769230769,3.17307692307692,13.6346153846154,4.40384615384615,0.269230769230769,1.06730769230769,16.8846153846154,13.1153846153846,1.66346153846154,1.69230769230769,29.9134615384615,6.92307692307692,20.6153846153846,36.2211538461538,2.27884615384615,1.63461538461538,1.81730769230769,0.00961538461538462,0,100052.817307692,1.61538461538462,3.16346153846154
"2206",2018,11,72.8666666666667,78.3,0.466666666666667,0,0,10,1,13.2666666666667,4.36666666666667,0.166666666666667,1.03333333333333,13.7666666666667,13.3,2.13333333333333,1.76666666666667,32.5,7.1,70.0666666666667,75.3666666666667,2,1,1.53333333333333,0,0.0666666666666667,110016.466666667,1.46666666666667,1.1
"2207",2018,12,96.5468267581475,96.9554030874786,0.65557461406518,0.0373927958833619,0,786.523499142367,71.4305317324185,15.3152658662093,4.04665523156089,0.212349914236707,1.07478559176672,15.6401372212693,12.9114922813036,2.08096054888508,1.82778730703259,27.8322469982847,6.53138936535163,96.5186963979417,96.8672384219554,2.23293310463122,1.08301886792453,1.88507718696398,0.00205831903945111,0.00274442538593482,121568.946826758,1.56569468267581,2.80514579759863
"2208",2018,13,39.0241648898365,50.2857142857143,1.02558635394456,0.126510305614783,0.070362473347548,1076.87846481876,135.133617626155,15.6851457000711,4.20326936744847,0.196162046908316,1.06894100923952,18.9346126510306,12.8514570007107,1.76261549395878,1.76048329779673,28.0504619758351,6.64321250888415,37.997867803838,49.0341151385928,2.2544420753376,1.29921819474058,2.19402985074627,0.00639658848614072,0.007818052594172,130715.221748401,1.53873489694385,4.07178393745558
"2209",2018,15,13.7727272727273,30.2181818181818,1.32727272727273,0,0,4162.9,3.45454545454545,14.9363636363636,4.16363636363636,0.263636363636364,1.06363636363636,16.2818181818182,13.3454545454545,2.2,1.3,30.1727272727273,6.90909090909091,13.3727272727273,32.6,1.98181818181818,1,2.93636363636364,0,0.0181818181818182,150056.327272727,1.42727272727273,4.66363636363636
"2210",2018,16,17.1981132075472,34.2264150943396,0.764150943396226,0,0,325.533018867925,37.5188679245283,14.9622641509434,4.20283018867925,0.25,1.08962264150943,14.5707547169811,12.6367924528302,1.71698113207547,1.52358490566038,28.3018867924528,6.88679245283019,15.8537735849057,31.4245283018868,2.34433962264151,2.7311320754717,2.27830188679245,0,0,160109.372641509,1.49056603773585,2.93396226415094
"2211",2018,17,98.4282700421941,98.6149789029536,1.7795358649789,0.356540084388186,0.208860759493671,2112.18565400844,92.3966244725738,16.1708860759494,4.02848101265823,0.309071729957806,1.08755274261603,17.337552742616,13.5822784810127,1.97679324894515,1.58016877637131,28.9166666666667,6.53586497890295,96.831223628692,97.2257383966245,2.35864978902954,1.31962025316456,2.32489451476793,0.00210970464135021,0,170494.528481013,1.56223628691983,2.84915611814346
"2212",2018,18,99,98.8372093023256,1.05813953488372,0.0891472868217054,0.0180878552971576,2672.2015503876,87.28165374677,15.3811369509044,4.16795865633075,0.158914728682171,1.10852713178295,17.7467700258398,12.6860465116279,1.75322997416021,2.28940568475452,29.3850129198966,6.79586563307494,99,98.8372093023256,2.26485788113695,2.14987080103359,2.02842377260982,0.00645994832041344,0,180408.143410853,1.57364341085271,3.01291989664083
"2213",2018,19,55.7353951890034,62.6975945017182,0.804123711340206,0.0790378006872852,0,780.360824742268,103.666666666667,15.7560137457045,3.95189003436426,0.233676975945017,1.09278350515464,15.2199312714777,13.4845360824742,1.86254295532646,1.88316151202749,28.2439862542955,6.69415807560137,55.3573883161512,63.7491408934708,2.24742268041237,1.49828178694158,2.09278350515464,0,0.0343642611683849,190149.030927835,1.61168384879725,4.38487972508591
"2214",2018,20,26.5437158469945,41,1.08469945355191,0.0628415300546448,0.0382513661202186,1503.5,119.491803278689,15.2622950819672,4.01092896174863,0.169398907103825,1.10382513661202,16.3469945355191,18.7568306010929,1.72677595628415,2.45355191256831,33.9918032786885,6.53551912568306,24.6912568306011,39.7459016393443,2.19125683060109,1.33879781420765,2.52185792349727,0.00273224043715847,0.0355191256830601,200189.584699454,1.55191256830601,59
"2215",2018,21,14.8147590361446,30.7740963855422,1.22289156626506,0.0421686746987952,0,895.957831325301,121.009036144578,15.8584337349398,4.17319277108434,0.233433734939759,1.09036144578313,20.6430722891566,12.8765060240964,1.71686746987952,2.08885542168675,28.4789156626506,6.85240963855422,14.4879518072289,30.5496987951807,2.23042168674699,1.11596385542169,2.43975903614458,0.00301204819277108,0.00602409638554217,210338.096385542,1.55572289156627,4.06475903614458
"2216",2018,22,22.3561452513966,35.7039106145251,1.98463687150838,0.899441340782123,0.710893854748603,5435.65083798883,59.8324022346369,15.5405027932961,4.13268156424581,0.297486033519553,1.07262569832402,17.3421787709497,13.3826815642458,1.89664804469274,1.66340782122905,28.8519553072626,6.68854748603352,22.213687150838,36.4497206703911,2.24720670391061,1.25977653631285,2.25558659217877,0.00418994413407821,0,220365.138268156,1.49441340782123,3.02234636871508
"2217",2018,23,18.375,33.5703125,0.1328125,0,0,5100.8671875,15.921875,15.421875,3.9609375,0.328125,1.0703125,21.0625,12.828125,1.6875,1.2578125,28.6796875,7.2109375,18.5078125,35.6328125,2.0625,1,3.046875,0.015625,0.0703125,230066.890625,1.3984375,3.1015625
"2218",2018,24,99,99,1.11181434599156,0.040084388185654,0,4.36708860759494,55.0991561181435,15.4662447257384,3.9831223628692,0.257383966244726,1.05696202531646,17.7805907172996,12.5042194092827,1.9789029535865,1.48945147679325,29.8122362869198,6.82278481012658,99,99,2.31434599156118,1.05063291139241,2.02742616033755,0.00210970464135021,0.0590717299578059,240250.47257384,1.56329113924051,6.37130801687764
"2219",2018,25,13.9591836734694,30.6239067055394,3.50145772594752,2.39650145772595,2.30903790087464,779.043731778426,16.3760932944606,15.8571428571429,4.19533527696793,0.329446064139942,1.04956268221574,20.2274052478134,13.3294460641399,2.02040816326531,1.67638483965015,29.0087463556851,6.59475218658892,13.731778425656,30.4927113702624,1.86880466472303,1.23906705539359,2.3731778425656,0,0.364431486880466,250179.763848397,1.43148688046647,4.46355685131195
"2220",2018,26,53.7359116022099,62.5580110497238,26.5933701657459,22.8640883977901,22.4662983425414,1140.80331491713,103.187845303867,15.2055248618785,4.02983425414365,0.306077348066298,1.07624309392265,17.3381215469613,12.9314917127072,1.87292817679558,2.04088397790055,30.153591160221,6.87292817679558,52.7922651933702,62.4419889502762,2.38453038674033,1,2.02983425414365,0.00441988950276243,0,260460.187845304,1.6353591160221,3.84530386740331
"2221",2018,27,20.1203438395415,35.7392550143266,1.51002865329513,0.326647564469914,0.283667621776504,2010.13467048711,74.0028653295129,15.4412607449857,4.29226361031519,0.329512893982808,1.09169054441261,17.4240687679083,13.4928366762178,1.87679083094556,2.04011461318052,29.5444126074499,7.13467048710602,18.3724928366762,34.2750716332378,2.21776504297994,1.09169054441261,2.39255014326648,0.00286532951289398,0.0573065902578797,270178.87965616,1.54154727793696,4.68767908309456
"2222",2018,28,50.750418760469,60.8123953098827,1.35845896147404,0.994974874371859,0.994974874371859,411.793969849246,78.3333333333333,15.4807370184255,4.15075376884422,0.179229480737018,1.11222780569514,19.2026800670017,12.7638190954774,1.81742043551089,1.67169179229481,29.0033500837521,6.61809045226131,50.750418760469,60.1675041876047,2.22445561139028,1.44556113902848,2.28140703517588,0.0050251256281407,0.0067001675041876,280302.824120603,1.50418760469012,4.33668341708543
"2223",2018,29,37.4658018867925,48.4952830188679,1.47051886792453,0.247641509433962,0,2068.76297169811,137.034198113208,15.3066037735849,4.02948113207547,0.259433962264151,1.08608490566038,19.8915094339623,14.123820754717,1.66981132075472,1.5872641509434,27.8632075471698,6.68632075471698,37.3643867924528,48.8549528301887,2.41627358490566,1.56839622641509,2.31957547169811,0.00471698113207547,0.0035377358490566,290430.4375,1.58490566037736,5.2936320754717
"2224",2018,30,17.9940476190476,32.1547619047619,0.904761904761905,0.136904761904762,0,59.4047619047619,56.5476190476191,15.8095238095238,4.25,0.482142857142857,1.08333333333333,17.297619047619,12.3988095238095,1.5952380952381,1.51785714285714,26.5654761904762,7.20833333333333,16.8452380952381,32.9107142857143,2.05357142857143,1.13095238095238,3.85714285714286,0,0.511904761904762,300084.5,1.27380952380952,4.40476190476191
"2225",2018,31,47.81592039801,57.1393034825871,0.537313432835821,0.114427860696517,0,946.36815920398,90.0945273631841,15.1890547263682,4.01492537313433,0.323383084577114,1.14427860696517,14.8208955223881,21.771144278607,1.92039800995025,2.09452736318408,35.910447761194,6.85572139303483,47.3432835820896,56.4875621890547,2.61691542288557,3.20398009950249,1.96517412935323,0.00497512437810945,0,310101.676616915,1.75621890547264,4.22388059701493
"2226",2018,32,78.2,83.4666666666667,1.45333333333333,0.376666666666667,0.33,53.9833333333333,12.1333333333333,15.14,4.01666666666667,0.26,1.1,13.96,12.87,2.00666666666667,1.77333333333333,30.96,6.51333333333333,78.58,83.9533333333333,2.19333333333333,1,1.89,0.00333333333333333,0.02,320151.426666667,1.50666666666667,2.86333333333333
"2227",2018,33,13.5149253731343,28.3134328358209,0.694029850746269,0,0,233.34328358209,10.8955223880597,16.6119402985075,3.99253731343284,0.305970149253731,1.09701492537313,22.2910447761194,13.2462686567164,1.73134328358209,1.36567164179104,29.365671641791,7.26119402985075,13.3358208955224,29.6194029850746,2.03731343283582,1,3.15671641791045,0.0149253731343284,0,330067.5,1.44029850746269,3.61940298507463
"2228",2018,34,98.7942857142857,98.8628571428571,1.0247619047619,0.0552380952380952,0.0285714285714286,1566.06857142857,18.6152380952381,16.1885714285714,3.93333333333333,0.211428571428571,1.07428571428571,16.1904761904762,13.2,2.04571428571429,1.54666666666667,30.5847619047619,6.78095238095238,98.7942857142857,98.8552380952381,2.20380952380952,1.36,2.8952380952381,0.00380952380952381,0,340266.695238095,1.48952380952381,2.19238095238095
"2229",2018,35,37.16,47,1.34285714285714,0.122857142857143,0,510.525714285714,24.5085714285714,15.3342857142857,4.21428571428571,0.285714285714286,1.11714285714286,13.3542857142857,13.2885714285714,1.91714285714286,2.35428571428571,28.9485714285714,6.85714285714286,37.64,49.7428571428571,2.64,1.01714285714286,2.07428571428571,0,0.437142857142857,350176.914285714,1.48571428571429,2.33428571428571
"2230",2018,36,42.6096737907762,53.1923509561305,0.596175478065242,0.015748031496063,0,3542.82114735658,64.7255343082115,15.3757030371204,4.21597300337458,0.231721034870641,1.0607424071991,17.9325084364454,13.2980877390326,1.92350956130484,1.68841394825647,28.7007874015748,7.03712035995501,41.5140607424072,51.9606299212598,2.04274465691789,1,2.07086614173228,0.0078740157480315,0.0146231721034871,360456.285714286,1.45219347581552,4.41169853768279
"2231",2018,37,31.5420136260409,44.6260408781226,0.726722180166541,0.060560181680545,0,873.735806207419,99.996214988645,15.1203633610901,4.14610143830432,0.274034822104466,1.08781226343679,19.2346707040121,13.3845571536715,1.75018925056775,1.7221801665405,29.7910673732021,6.47615442846329,31.44360333081,44.4958364875095,2.27327781983346,1.26495079485238,2.10598031794095,0.00378501135503407,0.00681302043906132,370662.959121877,1.56320968962907,2.58213474640424
"2232",2018,38,33.178947368421,47.1368421052632,0.357894736842105,0,0,434.210526315789,52.8947368421053,16.3789473684211,3.97894736842105,0.336842105263158,1.10526315789474,16.6526315789474,15.8105263157895,1.92631578947368,1.48421052631579,27.8,7.37894736842105,32.2105263157895,44.5157894736842,2.2,1.57894736842105,2.15789473684211,0,0.0947368421052632,380048,1.51578947368421,6.06315789473684
"2233",2018,39,15.0190763052209,32.6987951807229,1.14357429718876,0.0682730923694779,0.0230923694779116,1632.87148594378,84.0240963855422,15.5220883534137,4.214859437751,0.30421686746988,1.07228915662651,20.1676706827309,12.8805220883534,1.87550200803213,1.9859437751004,28.4116465863454,6.66164658634538,14.8935742971888,30.789156626506,2.29417670682731,1.23694779116466,2.31526104417671,0.00100401606425703,0.0552208835341365,390517.654618474,1.58232931726908,4.28815261044177
"2234",2018,40,47.6832504145937,57.0099502487562,1.32504145936982,0.27363184079602,0,1452.94361525705,86.6417910447761,15.7860696517413,4.07462686567164,0.247097844112769,1.08623548922056,17.3565505804312,14.1658374792703,1.75953565505804,2.08457711442786,30.0199004975124,6.5257048092869,47.441127694859,57.2072968490879,2.31177446102819,1.4742951907131,2.08291873963516,0.00165837479270315,0,400302.991708126,1.61691542288557,5.0016583747927
"2235",2018,41,34.82,47.1133333333333,8.41777777777778,7.92,7.92,420.957777777778,36.7111111111111,15.2511111111111,4.08888888888889,0.257777777777778,1.12444444444444,16.5911111111111,14.9533333333333,2.58,2.84666666666667,30.6666666666667,6.94,32.5711111111111,45.3866666666667,2.14444444444444,1,8.22888888888889,0,0.0333333333333333,410228.008888889,1.47777777777778,25.2
"2236",2018,42,49.7588395285585,59.3145965548504,1.46328195829556,0.13780598368087,0.0244786944696283,1670.72620126927,63.9972801450589,15.6808703535811,4.18766999093382,0.249320036264733,1.07887579329102,19.2892112420671,13.1178603807797,1.77153218495014,1.80598368087035,29.2320942883046,6.74433363553944,49.5394378966455,59.0815956482321,2.1713508612874,1.1350861287398,2.46056210335449,0.00453309156844968,0.014505893019039,420552.798730734,1.52855847688123,74.3336355394379
"2237",2018,44,21.0178571428571,34.25,2.73214285714286,1.76785714285714,1.76785714285714,316.357142857143,23.8571428571429,13.4464285714286,4.17857142857143,0.375,1.05357142857143,22.4107142857143,14.7857142857143,2.46428571428571,3.46428571428571,29.5178571428571,6.89285714285714,20.9285714285714,34.0892857142857,2.01785714285714,1,4.05357142857143,0,0.160714285714286,440028.857142857,1.46428571428571,3.875
"2238",2018,45,95.6886597938144,95.6639175257732,0.657731958762887,0.0237113402061856,0,284.524742268041,48.5773195876289,15.3371134020619,4.19175257731959,0.278350515463918,1.06907216494845,19.6649484536082,12.8,1.98453608247423,1.47422680412371,27.2515463917526,6.69484536082474,95.6886597938144,95.6639175257732,2.18247422680412,1.18865979381443,2.19690721649485,0,0,450486.80927835,1.52061855670103,1.9
"2239",2018,46,42.6181818181818,53.9909090909091,0.445454545454545,0,0,243.227272727273,74.1636363636364,14.5272727272727,4.13636363636364,0.363636363636364,1.18181818181818,14.9363636363636,13.2818181818182,1.7,1.44545454545455,30.0454545454545,6.93636363636364,38.7272727272727,50.2272727272727,2.44545454545455,1.25454545454545,2.4,0.00909090909090909,0.327272727272727,460056.218181818,1.34545454545455,3.76363636363636
"2240",2018,47,16.2207392197125,31.8562628336756,0.913757700205339,0.344969199178645,0.231006160164271,697.113963039014,99.0759753593429,15.4158110882957,4.18993839835729,0.211498973305955,1.06878850102669,19.0903490759754,16.6036960985626,1.8911704312115,1.99075975359343,31.0523613963039,6.82956878850103,16.0338809034908,32.3634496919918,2.27926078028747,1.21149897330595,2.15503080082136,0,0.00102669404517454,470497.875770021,1.55852156057495,2.92915811088296
"2241",2018,48,75.5089258698941,79.7993948562784,1.5821482602118,0.188502269288956,0.0308623298033283,1726.11921331316,238.013010590015,15.6759455370651,4.04962178517398,0.254765506807867,1.10196671709531,16.7549167927383,12.209984871407,1.93827534039334,1.92375189107413,28.6036308623298,6.48804841149773,75.5052950075643,79.6689863842663,2.33797276853253,1.11376701966717,2.38729198184569,0.00121028744326778,0.000605143721633888,481700.106505295,1.58003025718608,3.08532526475038
"2242",2018,49,14.6286919831224,30.6835443037975,0.510548523206751,0.080168776371308,0,1880.68776371308,34.3502109704641,16.6835443037975,4.042194092827,0.248945147679325,1.09704641350211,15.7172995780591,13.0042194092827,1.89451476793249,1.54430379746835,29.464135021097,6.54430379746835,14.2658227848101,31.084388185654,2.56540084388186,1.9746835443038,2.19831223628692,0.0126582278481013,0.0210970464135021,490127.312236287,1.58649789029536,5.10548523206751
"2243",2018,50,15.9166666666667,32.7166666666667,0.533333333333333,0,0,1060.68333333333,14.9,14.0333333333333,4.3,0.316666666666667,1.13333333333333,21.8166666666667,12.0166666666667,1.65,1.68333333333333,29.1166666666667,7.51666666666667,14.7333333333333,33.75,2.21666666666667,1,2.41666666666667,0,0,500030.5,1.43333333333333,3.45
"2244",2018,51,99,99,0.727506426735218,0.0539845758354756,0,375.632390745501,228.496143958869,15.3933161953728,4.16066838046272,0.30719794344473,1.05398457583548,21.1580976863753,12.8431876606684,1.80077120822622,1.39460154241645,28.8483290488432,6.70565552699229,99,99,2.08097686375321,1.18508997429306,2.35218508997429,0.0051413881748072,0.0012853470437018,510391.510282776,1.48329048843188,84.9717223650386
"2245",2018,53,98.0684104627767,97.4426559356137,0.704225352112676,0,0,731.050301810865,43.0120724346076,14.7162977867203,4.05030181086519,0.301810865191147,1.09859154929577,15.6579476861167,13.0945674044266,2.01207243460765,1.82494969818913,28.3239436619718,6.90543259557344,98.0684104627767,97.3843058350101,2.16700201207243,1.25352112676056,2.36016096579477,0.00402414486921529,0.120724346076459,530253.577464789,1.53319919517103,3.8430583501006
"2246",2018,54,70.5547169811321,74.8339622641509,0.486792452830189,0.0566037735849057,0,1253.59245283019,47.0754716981132,15.1735849056604,4.10943396226415,0.218867924528302,1.10943396226415,19.2641509433962,13.5396226415094,1.56981132075472,1.93962264150943,26.8301886792453,6.84150943396226,70.8150943396226,74.6037735849057,2.18490566037736,1,3.06792452830189,0.00754716981132075,0,540137.864150943,1.54339622641509,2.8
"2247",2018,55,36.9094339622642,50.9,1.60754716981132,0.30377358490566,0.0867924528301887,1037.46603773585,72.422641509434,15.777358490566,4.17358490566038,0.392452830188679,1.10943396226415,19.4320754716981,13.0962264150943,1.78867924528302,1.76792452830189,29.0188679245283,6.6188679245283,30.9811320754717,45.6150943396226,2.15283018867925,1.05094339622642,2.46037735849057,0.00377358490566038,0.0132075471698113,550282.722641509,1.50754716981132,5.2377358490566
"2248",2018,56,27.54,39.61,0.4,0.23,0,55.5,19.52,15.14,4.23,0.33,1.11,11.61,12.23,1.72,1.41,26.19,6.77,26.35,39.69,2.14,1,2.44,0,0.15,560050.6,1.37,3.25