"","YEAR","STATE","ARR_HOUR","ARR_MIN","CF1","CF2","CF3","CITY","COUNTY","DAY","DAY_WEEK","DRUNK_DR","FATALS","HARM_EV","HOUR","LGT_COND","MAN_COLL","MINUTE","MONTH","NOT_HOUR","NOT_MIN","PERSONS","RAIL","REL_ROAD","SCH_BUS","SP_JUR","ST_CASE","VE_FORMS","WEATHER"
"5",75,6,86.6195800381783,86.8535587673848,4.66975729479138,3.88819198254704,3.77965639487319,1136.08399236433,55.3599672757022,15.5972184346878,4.12735205890374,0.407144805017726,1.11589855467685,13.639214616853,12.9181892555222,1.95827652031633,1.09244614125989,26.7867466593946,6.69511862557949,86.9154622307063,87.0684483228797,2.5994000545405,1,1.96836651213526,0,0.000818107444777748,61834,1.42023452413417,1.25906735751295
"59",76,6,89.3573812580231,89.5011553273427,8.59743260590501,7.5617458279846,7.43080872913992,1127.5784338896,55.4621309370988,15.8228498074454,4.13324775353017,0.397175866495507,1.12836970474968,13.6983311938383,13.2017971758665,1.95096277278562,1.13684210526316,26.3925545571245,6.74557124518614,89.7026957637997,89.7915275994865,2.64313222079589,1,1.88703465982028,0,0.00102695763799743,61948,1.41181001283697,1.13401797175866
"110",77,6,89.5920478051023,89.7032866007814,6.73753160193059,5.73109629970122,5.63134911514594,1121.00137899333,54.7715467708573,15.6143415306826,4.14801195127557,0.504711560560791,1.11215812456906,13.5504481728338,13.0790622845323,1.97885543553206,1.12571822569524,26.8506090553896,6.84831073316479,89.8533670420593,89.908067111009,2.57320156285911,1,1.90553895656171,0.00160882555734314,0.00321765111468628,62979.5152838428,1.43989887382211,1.18892208687658
"162",78,6,90.8575359864522,90.9805249788315,7.21295512277731,5.88018628281118,5.75211685012701,1148.93395427604,55.7900084674005,15.7639712108383,4.04911092294666,0.4614733276884,1.12404741744284,13.4661303979678,12.8890770533446,1.95999153259949,1.17654530059272,26.3793395427604,6.8452582557155,91.0393734123624,91.108382726503,2.55630821337849,1,1.79953429297206,0.0010584250635055,0.00423370025402202,62400.7188823031,1.45512277730737,1.22904318374259
"213",79,6,92.4229145728643,92.4952763819095,7.36643216080402,6.49949748743719,6.41407035175879,1200.73447236181,55.724824120603,15.64,4.16221105527638,0.497286432160804,1.11396984924623,13.9515577889447,13.084824120603,1.98713567839196,1.14753768844221,26.6769849246231,6.78934673366834,92.6134673366834,92.6741708542714,2.52221105527638,4.73407035175879,1.90894472361809,0.00180904522613065,0.000201005025125628,62510.495678392,1.44743718592965,1.1686432160804
"264",80,6,93.4918864097363,93.6484787018256,7.03265720081136,5.98904665314402,5.90304259634888,1229.36713995943,56.1097363083164,15.7655172413793,4.11886409736308,0.543813387423935,1.11480730223124,13.9087221095335,12.9608519269777,1.95760649087221,1.03103448275862,26.3985801217039,6.69574036511156,94.3993914807302,94.4354969574037,2.50770791075051,3.50081135902637,1.952738336714,0.00202839756592292,0.00243407707910751,62473.8111561866,1.41561866125761,1.14503042596349
"315",81,6,93.1877944325482,93.4379014989293,7.53190578158458,6.44346895074946,6.38094218415418,1182.57794432548,55.9259100642398,15.4952890792291,4.14475374732334,0.558886509635974,1.10706638115632,13.7905781584582,12.971948608137,1.95995717344754,1.04111349036403,26.3867237687366,6.60192719486081,94.1494646680942,94.1989293361884,2.58522483940043,2.82847965738758,1.91798715203426,0.0012847965738758,0.00107066381156317,62350.7586723769,1.43019271948608,1.14111349036403
"366",82,6,93.2534595775674,93.6423889293518,5.39257101238165,5.36028162175285,5.35979606700656,1167.67370721049,56.2493323622238,15.7817431415392,4.14008254430687,0.533624666181112,1.12041757708182,16.4253459577567,13.0347171643603,1.97183782471474,1.01917941247876,26.3292061179898,6.71425103180384,94.3631949502306,94.5243991260015,2.66399611556203,3.06360767176499,1.91138625880068,0.00097110949259529,0.000242777373148823,62074.4272881767,1.45035202719107,1.17431415392085
"417",83,6,93.8412814869161,94.238933724627,4.52824651504035,4.34189288334556,4.33382245047689,1201.43727072634,56.1303497187576,15.6642210809489,4.16312056737589,0.499388603570555,1.11836634874052,16.004402054292,13.6451455123502,1.92809977989729,1.02592320860846,27.2264612374664,6.77965272682808,95.1083394472976,95.2695035460993,2.79701638542431,1.92320860846173,1.97823428711176,0.00171191000244559,0.000733675715333822,62050.1870873074,1.49596478356566,1.16776718023967
"468",84,6,92.1642683196812,92.7139694487492,4.13061766659287,3.95040956386983,3.94576046048262,1171.54483063981,55.7283595306619,15.7706442328979,4.10117334514058,0.50387425282267,1.11135709541731,16.5065308833296,13.8492362187292,1.92229355767102,1.03121540845694,27.6012840380784,6.69338056232012,93.6174452069958,93.8244410006642,2.70201461146779,3.4131060438344,2.06597299092318,0.00132831525348683,0.000885543502324552,62269.1733451406,1.478857648882,1.14301527562542
"519",85,6,92.9026309871824,93.5295704969642,3.43265122554531,3.26129975264223,3.25028108837419,1202.70901731504,55.9759388351698,15.7153136946256,4.14706543737351,0.462109287159883,1.11535866876546,16.0398021137846,13.9244434450191,1.92399370362042,1.05711715763436,27.9300652125028,6.57859230942208,94.8612547785024,95.087249831347,2.72700697099168,2.2381380706094,2.00652125028109,0.00157409489543512,0.0184393973465257,62240.2648976838,1.48796941758489,1.17764785248482
"570",86,6,91.8972880632073,92.4563314114884,3.49775784753363,3.28122998078155,3.25560538116592,1153.08562887038,56.5142002989537,16.0890454836643,4.12598761477685,0.459534486440316,1.12171684817425,15.2788810591501,14.5778347213325,1.9075379030536,1.10335255178305,28.4697843262866,6.80674781123212,93.5545590433483,93.7787742899851,2.71663463591715,2.56523595985479,2.14221652786675,0.00128122998078155,0.02477044629511,62359.6186205424,1.49284646594064,1.13666453128337
"621",87,6,90.4243161094225,91.2182370820669,3.21985815602837,3.00911854103343,3.00911854103343,1159.37507598784,56.3540020263424,15.5219858156028,4.13941236068896,0.478014184397163,1.11529888551165,15.4459979736575,14.3906788247214,1.90881458966565,1.07659574468085,28.5011144883485,6.74062816616008,92.6275582573455,92.9720364741641,2.76818642350557,2.31691995947315,2.24964539007092,0.00263424518743668,0.0125633232016211,62480.7651469098,1.50354609929078,1.12725430597771
"672",88,6,91.5161025641026,92.1979487179487,2.93907692307692,2.72123076923077,2.72123076923077,1176.46256410256,56.0260512820513,15.7234871794872,4.12717948717949,0.437538461538462,1.10605128205128,14.9450256410256,13.8404102564103,1.92471794871795,1.06974358974359,28.0523076923077,6.83179487179487,93.3497435897436,93.6685128205128,2.78953846153846,2.98666666666667,2.12615384615385,0.00102564102564103,0.0174358974358974,62448.5021538462,1.50482051282051,1.11569230769231
"723",89,6,88.9040393684642,90.0104572483084,3.29895427516916,2.87779372565101,2.86221037523067,1171.17756817716,56.6953044904655,15.6046750051261,4.12364158294033,0.446791060077917,1.10969858519582,15.2788599548903,14.3949149067049,1.90834529423826,1.0760713553414,27.9454582735288,6.69284396145171,90.8806643428337,91.5171211810539,2.81484519171622,3.20647939306951,2.21058027475907,0.00123026450686898,0.0116875128152553,62451.1847447201,1.49149067049416,1.13573918392454
"774",90,6,89.1652081109925,90.4830309498399,3.49007470651014,3.04311632870864,3.02177161152615,1202.47684098186,55.3043756670224,15.6288153681964,4.06467449306297,0.44162219850587,1.10821771611526,15.7481323372465,13.881750266809,1.90608324439701,1.05933831376734,27.5677694770544,6.63116328708645,91.1449306296692,91.9810032017076,2.84439701173959,3.05165421558164,2.18569903948773,0.00064034151547492,0.0226254002134472,62351.2490928495,1.47257203842049,1.08046958377801
"825",91,6,88.8712446351931,90.0884597043395,3.44682880305198,2.8755364806867,2.85622317596567,1192.43824511206,54.7544110634239,15.3185503099666,4.06628516928946,0.41106342393896,1.11778731521221,15.6509298998569,14.206008583691,1.90605627086314,1.06151645207439,28.4039103481164,6.76132570338579,90.6890796375775,91.6137339055794,2.92608488316643,2.77443967572723,2.18168812589413,0.00381497377205532,0.0236051502145923,62101.7861230329,1.5102527420124,1.1413924654268
"876",92,6,90.9779688339602,92.0343901128426,3.5107469102633,2.9218162278345,2.89924771628157,1255.1695325094,55.2659860290167,15.6297689414293,4.10397635679742,0.400322407307899,1.12627619559377,15.5685115529285,14.3412144008598,1.90112842557765,1.1579795808705,27.9747447608812,6.66980118216013,93.0153143471252,93.5908113917249,2.96587855991402,3.51773240193444,2.1488447071467,0.00107469102632993,0.0104782375067168,61874.2678667383,1.51504567436862,1.12090274046212
"927",93,6,94.3094656902631,94.9161920260374,2.01952807160293,1.38323840520749,1.34662327095199,1213.38920531598,55.8147545429889,15.5877407106048,4.10387849199892,0.352318958502848,1.12937347436941,15.3349606726336,14.0756712774614,1.8931380526173,1.06590724165989,28.2872253864931,6.80933007865473,95.5728234336859,95.8855438025495,2.87388120423108,3.11011662598318,2.00515324111744,0.0010848928668294,0.0143748304854896,61852.0282072145,1.48440466503933,1.1179820992677
"978",94,6,94.880908370742,95.5122788486929,1.41616054924743,0.481911803538421,0.449432268286242,1235.61975178241,55.9025613942435,15.7560073937153,4.04594665962503,0.336149986796937,1.11750726168471,15.275415896488,14.6226564562979,1.86110377607605,1.08423554264589,28.3828888302086,6.78109321362556,96.3277000264061,96.6363876419329,2.91682070240296,2.44098230789543,1.98679693688936,0.0023765513599155,0.025349881172432,61897.8196461579,1.5122788486929,1.12173224188012
"1029",95,6,96.5175797219951,96.8476424093759,1.49604796947397,0.685200327064595,0.647587898609975,1219.30171708913,55.8798037612428,15.5412919051513,4.0509675660943,0.339329517579722,1.14254565276642,15.7159989097847,14.1804306350504,1.86917416189697,1.09975470155356,28.2461161079313,6.95938947942219,97.5382938130281,97.7465249386754,2.91414554374489,3.16271463614064,2.04306350504225,0.00163532297628782,0.0119923684927773,61845.5388389207,1.50122649223222,1.15235759062415
"1080",96,6,96.1526845637584,96.5833333333333,3.80480984340045,2.95693512304251,2.90687919463087,1226.40296420582,56.6020693512304,15.7287472035794,4.13031319910515,0.32662192393736,1.11549217002237,15.6093400447427,13.7983780760626,1.90436241610738,1.08668903803132,28.4549776286353,6.53551454138703,97.2153243847875,97.4267337807606,2.93372483221477,4.97371364653244,2.03104026845638,0.000559284116331096,0.00643176733780761,61793.9818232662,1.51034675615213,1.14485458612975
"1131",97,6,96.423604757548,96.9161329673681,2.53949374809393,1.78255565721256,1.75114364135407,1190.63342482464,56.2034156755108,15.488868557487,4.10003049710278,0.294602012808783,1.12473315035072,15.7355901189387,14.3174748398902,1.85544373284538,1.08539188777066,28.6215309545593,6.70204330588594,97.7569380908814,98.0073193046661,2.89234522720342,4.5416285452882,2.05611466910643,0.00213479719426654,0.00884415980481854,61643.0533699299,1.49710277523635,1.11741384568466
"1182",1998,6,96.7920951156812,97.172236503856,2.44762210796915,1.76060411311054,1.72236503856041,1186.43284061697,56.6825192802057,15.2615681233933,4.08772493573265,0.307519280205656,1.12275064267352,15.7165809768638,13.9646529562982,1.84961439588689,1.0530205655527,29.4302699228792,6.70308483290488,97.8441516709512,98.0379177377892,2.96433161953727,4.05526992287918,2.10347043701799,0.0012853470437018,0.0115681233933162,61557.9235218509,1.53020565552699,1.16677377892031
"1233",1999,6,96.0984752223634,96.5238246505718,3.97141041931385,3.0146124523507,2.9561626429479,1188.66963151207,56.1232528589581,15.7598475222363,4.05749682337992,0.474904701397713,1.13055908513342,16.5012706480305,14.1670902160102,1.86975857687421,0.978716645489199,29.1153113087675,6.78494282083863,97.0930749682338,97.2484116899619,2.8656289707751,3.6861499364676,2.20997458703939,0.00127064803049555,0.00476493011435832,61577.1934561626,1.46950444726811,1.15152477763659
"1284",2000,6,96.4701314217443,96.8515531660693,3.92921146953405,2.94593787335723,2.86827956989247,1270.80973715651,57.415770609319,15.7497013142174,4.0421146953405,0.473416965352449,1.12096774193548,16.2658303464755,14.0910991636798,1.85603345280765,1.10065710872162,28.9725209080048,6.7078853046595,97.1054360812425,97.3823178016726,2.89277180406213,1.85394265232975,2.19802867383513,0.00149342891278375,0.00985663082437276,61678.8655913979,1.53016726403823,1.14097968936679
"1335",2001,6,97.2074513124471,97.5001411233418,3.65255433248659,2.46881174146204,2.4030482641829,1188.45469940728,57.1865650578606,15.4465142534575,4.0194750211685,0.47699689528648,1.11656788032741,16.695455828394,14.0485464295795,1.87016652554332,1.037538808919,29.1430990685859,6.68162574089754,97.8495625176404,98.0149590742309,2.8650860852385,1.85266723116003,2.37595258255715,0.00254022015241321,0.0107253739768558,61773.956251764,1.50635055038103,1.14705052215636
"1386",2002,6,98.1666666666667,98.3152709359606,3.88177339901478,2.68171866447729,2.55883962780515,1161.37301587302,56.80021893815,15.4384236453202,4.06048166392994,0.479474548440066,1.11877394636015,16.5043787629995,13.9337712096333,1.90065681444992,1.33497536945813,28.4611384783799,6.66584564860427,98.5339354132458,98.6067323481117,2.86097427476738,2.59113300492611,2.23782156540777,0.00191570881226054,0.00246305418719212,61828.5418719212,1.52189381499726,1.14915161466886
"1437",2003,6,98.1114982578397,98.2578397212544,3.50522648083624,2.49504154382203,2.41892254087376,1186.25033503082,56.7303671937818,15.7601179308496,4.04315196998124,0.451889573840793,1.1321361565264,16.0541409809702,14.3419994639507,1.84749396944519,1.4902170999732,29.5068346287858,6.78397212543554,98.4020369874028,98.4886089520236,2.93996247654784,2.7126775663361,2.15733047440365,0.00268024658268561,0.00964888769766819,61868.9289734656,1.53953363709461,1.14124899490753
"1488",2004,6,98.2326267775691,98.3445130131473,3.13361953313657,2.2106251676952,2.11671585725785,1197.55325999463,57.3536356318755,15.9106519989268,4.12342366514623,0.459082371880869,1.10544674000537,16.5221357660317,13.931848671854,1.88999195063053,1.46927823987121,29.346391199356,6.577944727663,98.4668634290314,98.5041588408908,2.80627850818353,2.4775959216528,2.21357660316609,0.000536624631070566,0.00456130936409981,61865.4094445935,1.52803863697344,1.15186477059297
"1539",2005,6,98.5604053000779,98.6360093530787,1.41101584827228,0.553650298778904,0.493634710314367,1235.56014549234,57.7638347622759,15.7916341906989,4.15250714471291,0.458300857365549,1.12574694725903,16.3463237204469,13.6955053260587,1.8997142114835,1.45362431800468,28.9407638347623,6.85970381917381,98.6944660950896,98.7612366848532,2.83476227591582,1.39101065211743,2.26396466614705,0.0012990387113536,0.0153286567939725,61926.6393868537,1.51208106001559,1.14653156664069
"1590",2006,6,98.3743162281844,98.4561083615525,1.48450117218026,0.478510028653295,0.416254232873144,1247.29434748632,56.7582703829122,15.56889815056,4.06590257879656,0.463401927585309,1.10445428497004,16.6204740817921,14.2531909351394,1.93045063818703,1.43579057046106,29.4149518103673,6.67178952852305,98.5420682469393,98.5738473560823,2.77389945298255,2.54076582443345,2.34748632456369,0.00286532951289398,0.00833550403750977,61920.3482677781,1.51810367283147,1.12763740557437
"1641",2007,6,98.4592035644667,98.5485937064884,0.866332497911445,0.116959064327485,0.0827067669172932,1236.98217766639,56.6101364522417,15.6215538847118,4.09189640768588,0.479253689780006,1.11250348092453,16.8242829295461,14.1801726538569,1.9317738791423,1.41047062099694,29.7373990531885,6.59147869674185,97.8440545808967,98.1258702311334,2.79699248120301,3.42049568365358,2.48760790866054,0.00139236981342244,0.00445558340295182,61798.9203564467,1.54831523252576,1.11500974658869
"1692",2008,6,98.2384737678855,98.3214626391097,1.0368839427663,0.213672496025437,0.0747217806041336,1272.47027027027,56.1987281399046,15.9399046104928,4.15389507154213,0.336089030206677,1.09189189189189,16.8302066772655,14.1767885532591,1.90651828298887,1.34753577106518,29.5475357710652,6.63942766295707,98.1761526232115,98.40826709062,2.71764705882353,1.25532591414944,2.260413354531,0.00222575516693164,0.00794912559618442,61573,1.51001589825119,1.11923688394277
"1743",2009,6,98.4941592920354,98.5932743362832,1.07150442477876,0.172035398230088,0.0368141592920354,1279.39044247788,56.5164601769912,15.6700884955752,4.11469026548673,0.346548672566372,1.09380530973451,16.9635398230089,13.7553982300885,1.94371681415929,1.27008849557522,28.978407079646,6.60495575221239,98.7026548672566,98.769203539823,2.70407079646018,2.3670796460177,2.28070796460177,0.00247787610619469,0.00460176991150442,61416.4824778761,1.49345132743363,1.10654867256637
"1794",2010,6,97.9896166134185,98.1681309904153,1.38099041533546,0.279552715654952,0.101437699680511,1291.73881789137,56.6261980830671,15.9269169329073,4.09664536741214,0.308306709265176,1.08626198083067,16.9341054313099,13.9520766773163,1.99520766773163,1.4508785942492,29.1150159744409,6.76357827476038,94.0874600638978,95.0459265175719,2.35662939297125,2.20886581469649,2.17052715654952,0.00279552715654952,0.00479233226837061,61255.5495207668,1.47603833865815,2.74361022364217
"1845",2011,6,98.2583110431792,98.3630110813909,1.29881543752388,0.131448223156286,0.0523500191058464,1343.0481467329,57.7015666794039,15.3851738632021,4.04929308368361,0.299579671379442,1.0760412686282,16.843714176538,13.9155521589606,1.95567443637753,1.35804356132977,29.1650745128009,6.70806266717616,97.8746656476882,98.1234237676729,2.27932747420711,2.23538402751242,2.0875047764616,0.000764233855559801,0.00534963698891861,61310.4661826519,1.45892243026366,2.82919373328238
"1896",2012,6,98.5067691181851,98.5744603000366,1.20270764727406,0.127698499817051,0,1392.61983168679,56.0032930845225,15.7493596780095,4.08781558726674,0.30150018294914,1.08525429930479,16.7200878155873,14.1825832418588,1.96450786681303,1.335528723015,30.0900109769484,6.7094767654592,98.5733626051958,98.6406878887669,2.23929747530187,1.32564946944749,2.24844493230882,0.00292718624222466,0.00365898280278083,61373.280643981,1.46395901939261,2.37102085620198
"1947",2013,6,98.3353146853147,98.427972027972,1.89160839160839,0.293006993006993,0.0905594405594406,1376.53041958042,56.6307692307692,15.5587412587413,4.03006993006993,0.30034965034965,1.08636363636364,16.484965034965,13.9898601398601,1.96748251748252,1.38776223776224,29.9314685314685,6.75454545454545,98.6094405594406,98.6986013986014,2.30804195804196,1.21433566433566,2.19230769230769,0.00174825174825175,0.00594405594405594,61433.956993007,1.49055944055944,2.36888111888112
"1998",2014,6,98.1766351871284,98.4011892270024,1.80622595313047,0.273172437915355,0.0846449807625044,1398.14060860441,57.0657572577824,15.4851346624694,4.14270724029381,0.303602658272123,1.08499475341028,16.9933543196922,14.305351521511,2.02623294858342,1.48268625393494,30.0598111227702,6.71353620146905,97.8926197971319,98.1035327037426,2.3238894718433,2.19307450157398,2.16404337180832,0.00104931794333683,0.0118922700244841,61436.1164742917,1.50227352221056,2.60580622595313
"2049",2015,6,98.462055715658,98.5690041626641,1.84982388728786,0.193723983349344,0.0634005763688761,1409.28722382325,57.11079090618,15.6051873198847,4.08773615113673,0.32180595581172,1.08453410182517,16.7172590457893,14.2020493115594,2.03874479666987,1.47198206852386,29.885046429715,6.67275056035863,98.4857508805636,98.5395453089978,2.2696125520333,3.27601665065642,2.10630803714377,0.00256163944924752,0.00384245917387128,61566.190842139,1.51072686519372,2.32020493115594
"2100",2016,6,98.5562146892655,98.6494350282486,1.84604519774011,0.331638418079096,0.0709039548022599,1400.89350282486,56.271186440678,16.0432203389831,4.12146892655367,0.297175141242938,1.08389830508475,16.8401129943503,13.840395480226,2.05197740112994,1.53757062146893,29.6341807909605,6.80762711864407,98.6562146892655,98.7234463276836,2.30593220338983,1.17062146892655,2.10254237288136,0.000847457627118644,0.00112994350282486,61798.0028248588,1.51129943502825,2.35084745762712
"2151",2017,6,98.2925189128607,98.4020734099187,1.9431213224993,0.430092462874755,0.205940039226674,1404.95993275427,55.8080694872513,15.9075371252452,4.07312972821519,0.300364247688428,1.08826001681143,16.5791538246007,14.6435976463996,2.0456710563183,1.55954048753152,30.1028299243486,6.72905575791538,98.4625945643037,98.7326982347997,2.28411319697394,1.1039506864668,2.1081535444102,0.000280190529560101,0.0224152423648081,61823.0983468759,1.54048753152143,2.31101148781171
"2202",2018,6,98.7898128260203,98.8511813439705,1.74071801166002,0.221540349800552,0,1354.4639459957,57.7934949370973,15.5075176434489,4.05799324946303,0.255293034673213,1.09328014728444,16.2786130714943,14.6646210494017,2.04142374961645,1.51979134703897,30.1525007671065,6.42957962565204,98.9189935563056,98.9423135931267,2.23381405339061,1.10217858238724,2.17735501687634,0.00153421294875729,0.010739490641301,61653.4909481436,1.52991715250077,2.15710340595275